                      :-) GROMACS - gmx mdrun, 2026.1 (-:

Copyright 1991-2026 The GROMACS Authors.
GROMACS is free software; you can redistribute it and/or modify it
under the terms of the GNU Lesser General Public License
as published by the Free Software Foundation; either version 2.1
of the License, or (at your option) any later version.

                         Current GROMACS contributors:
       Mark Abraham           Andrey Alekseenko           Brian Andrews       
        Paul Bauer              Cathrine Bergh              Hugh Bird         
      Eliane Briand               Ania Brown                Yiqi Chen         
      Mahesh Doijade            Giacomo Fiorin          Stefan Fleischmann    
      Sergey Gorelov         Gilles Gouaillardet            Alan Gray         
   Farzaneh Jalalypour         Petter Johansson          Carsten Kutzner      
    Grzegorz Łazarski         Justin A. Lemkul          Magnus Lundborg      
        Julio Maia               Pascal Merz             Vedran Miletić      
      Dmitry Morozov           Lukas Müllender           Szilárd Páll      
 Andrea Pasquadibisceglie     Michele Pellegrino         Nicola Piasentin     
     Daniele Rapetti         Muhammad Umair Sadiq         Hubert Santuz       
      Michael Shirts           Tatiana Shugaeva          Alexey Shvetsov      
     Bálint Soproni            Philip Turner            Alessandra Villa     
        Yang Zhang        

                         Previous GROMACS contributors:
        Emile Apol             Rossen Apostolov           James Barnett       
      Vladimir Basov        Herman J.C. Berendsen          Par Bjelkmar       
      Christian Blau          Viacheslav Bolnykh            Kevin Boyd        
    Aldert van Buuren          Carlo Camilloni           Rudi van Drunen      
      Anton Feenstra           Oliver Fleetwood            Vytas Gapsys       
       Gaurav Garg             Gerrit Groenhof            Bert de Groot       
      Anca Hamuraru           Vincent Hindriksen          Victor Holanda      
     M. Eric Irrgang           Aleksei Iupinov              Joe Jordan        
    Christoph Junghans        Prashanth Kanduri        Dimitrios Karkoulis    
       Peter Kasson             Sebastian Kehl           Sebastian Keller     
        Jiri Kraus               Per Larsson              Viveca Lindahl      
      Erik Marklund           Pieter Meulenhoff           Teemu Murtola       
       Julien Nabet              Sander Pronk             Roland Schulz       
      Alfons Sijbers         David van der Spoel          Peter Tieleman      
      Carsten Uphoff             Jon Vincent             Teemu Virolainen     
    Christian Wennberg     Sebastian Wingbermühle         Maarten Wolf       
      Artem Zhmurov       

                  Coordinated by the GROMACS project leaders:
                           Berk Hess and Erik Lindahl

GROMACS:      gmx mdrun, version 2026.1
Executable:   /opt/soft/gromacs-2026.1/build/bin/gmx_mpi
Data prefix:  /opt/soft/gromacs-2026.1 (source tree)
Working dir:  /home/zhuhong/polymer_task/systems/water/PROD
Process ID:   96336
Command line:
  gmx_mpi mdrun -deffnm prod

GROMACS version:     2026.1
Precision:           mixed
Memory model:        64 bit
MPI library:         MPI
MPI version:         MPICH Version:      4.3.0 MPICH Release date: Mon Feb  3 09:09:47 AM CST 2025 MPICH ABI:          17:0:5 MPICH Device:       ch4:ucx MPICH configure:    --prefix=/opt/mpich-4.3.0 --with-ucx=embedded --enable-cxx --enable-error-checking=all --enable-fast=O3,ndebug MPICH CC:           /opt/gcc-14.2.0/bin/gcc     -DNDEBUG -DNVALGRIND -O3 MPICH CXX:          /opt/gcc-14.2.0/bin/g++   -DNDEBUG -DNVALGRIND -O3 MPICH F77:          /opt/gcc-14.2.0/bin/gfortran   -O3 MPICH FC:           /opt/gcc-14.2.0/bin/gfortran   -O3 MPICH features:     threadcomm 
OpenMP support:      enabled (GMX_OPENMP_MAX_THREADS = 128)
GPU support:         disabled
SIMD instructions:   AVX2_256
CPU FFT library:     fftw-3.3.10
GPU FFT library:     none
Multi-GPU FFT:       none
RDTSCP:              enabled
TNG support:         enabled
Hwloc support:       disabled
Tracing support:     disabled
Colvars support:     enabled (version 2025-10-13)
CP2K support:        disabled
Torch support:       disabled
Plumed support:      enabled
C compiler:          /opt/mpich-4.3.0/bin/mpicc GNU 14.2.0
C compiler flags:    -fexcess-precision=fast -funroll-all-loops -mavx2 -mfma -Wno-missing-field-initializers -O3 -DNDEBUG
C++ compiler:        /opt/mpich-4.3.0/bin/mpicxx GNU 14.2.0
C++ compiler flags:  -fexcess-precision=fast -funroll-all-loops -mavx2 -mfma -Wno-missing-field-initializers -Wno-stringop-truncation -Wno-old-style-cast -Wno-cast-qual -Wno-suggest-override -Wno-suggest-destructor-override -Wno-zero-as-null-pointer-constant -Wno-cast-function-type-strict SHELL:-fopenmp -O3 -DNDEBUG
BLAS library:        Internal
LAPACK library:      Internal


Running on 1 node with total 32 cores, 32 processing units
Hardware detected on host cu14 (the node of MPI rank 0):
  CPU info:
    Vendor: Intel
    Brand:  Intel(R) Xeon(R) Gold 6226R CPU @ 2.90GHz
    Family: 6   Model: 85   Stepping: 7
    Features: aes apic avx avx2 avx512f avx512cd avx512bw avx512vl avx512secondFMA clfsh cmov cx8 cx16 f16c fma hle htt intel lahf mmx msr nonstop_tsc pcid pclmuldq pdcm pdpe1gb popcnt pse rdrnd rdtscp rtm sse2 sse3 sse4.1 sse4.2 ssse3 tdt x2apic
    Number of AVX-512 FMA units: 2
  Hardware topology: Basic
    Packages, cores, and logical processors:
    [indices refer to OS logical processors]
      Package  0: [   0] [   1] [   2] [   3] [   4] [   5] [   6] [   7] [   8] [   9] [  10] [  11] [  12] [  13] [  14] [  15]
      Package  1: [  16] [  17] [  18] [  19] [  20] [  21] [  22] [  23] [  24] [  25] [  26] [  27] [  28] [  29] [  30] [  31]
    CPU limit set by OS: -1   Recommended max number of threads: 32

Likely fastest SIMD instructions supported by all nodes: AVX_512
SIMD instructions selected at compile time:              AVX2_256
Merely a note: it is unfortunately hard to know for sure which SIMD
instructions will perform best on this hardware. For non-GPU runs
on Intel CPUs with dual AVX-512 units, using AVX-512 can be good,
while AVX2 is often better for runs also using a GPU. Typically
this is just a few percent, so don't worry unless you are tuning.


++++ PLEASE READ AND CITE THE FOLLOWING REFERENCE ++++
M. J. Abraham, T. Murtola, R. Schulz, S. Páll, J. C. Smith, B. Hess, E.
Lindahl
GROMACS: High performance molecular simulations through multi-level
parallelism from laptops to supercomputers
SoftwareX (2015)
https://doi.org/10.1016/j.softx.2015.06.001
-------- -------- --- Thank You --- -------- --------


++++ PLEASE READ AND CITE THE FOLLOWING REFERENCE ++++
S. Páll, M. J. Abraham, C. Kutzner, B. Hess, E. Lindahl
Tackling Exascale Software Challenges in Molecular Dynamics Simulations with
GROMACS
In S. Markidis & E. Laure (Eds.), Solving Software Challenges for Exascale (2015)
https://doi.org/10.1007/978-3-319-15976-8_1
-------- -------- --- Thank You --- -------- --------


++++ PLEASE READ AND CITE THE FOLLOWING REFERENCE ++++
S. Pronk, S. Páll, R. Schulz, P. Larsson, P. Bjelkmar, R. Apostolov, M. R.
Shirts, J. C. Smith, P. M. Kasson, D. van der Spoel, B. Hess, E. Lindahl
GROMACS 4.5: a high-throughput and highly parallel open source molecular
simulation toolkit
Bioinformatics (2013)
https://doi.org/10.1093/bioinformatics/btt055
-------- -------- --- Thank You --- -------- --------


++++ PLEASE READ AND CITE THE FOLLOWING REFERENCE ++++
B. Hess, C. Kutzner, D. van der Spoel, E. Lindahl
GROMACS 4: Algorithms for highly efficient, load-balanced, and scalable
molecular simulation
J. Chem. Theory Comput. (2008)
https://doi.org/10.1021/ct700301q
-------- -------- --- Thank You --- -------- --------


++++ PLEASE READ AND CITE THE FOLLOWING REFERENCE ++++
D. van der Spoel, E. Lindahl, B. Hess, G. Groenhof, A. E. Mark, H. J. C.
Berendsen
GROMACS: Fast, Flexible and Free
J. Comp. Chem. (2005)
https://doi.org/10.1002/jcc.20291
-------- -------- --- Thank You --- -------- --------


++++ PLEASE READ AND CITE THE FOLLOWING REFERENCE ++++
E. Lindahl, B. Hess, D. van der Spoel
GROMACS 3.0: A package for molecular simulation and trajectory analysis
J. Mol. Mod. (2001)
https://doi.org/10.1007/s008940100045
-------- -------- --- Thank You --- -------- --------


++++ PLEASE READ AND CITE THE FOLLOWING REFERENCE ++++
H. J. C. Berendsen, D. van der Spoel and R. van Drunen
GROMACS: A message-passing parallel molecular dynamics implementation
Comp. Phys. Comm. (1995)
https://doi.org/10.1016/0010-4655(95)00042-E
-------- -------- --- Thank You --- -------- --------


++++ PLEASE CITE THE DOI FOR THIS VERSION OF GROMACS ++++
https://doi.org/10.5281/zenodo.18887033
-------- -------- --- Thank You --- -------- --------

Input Parameters:
   integrator                     = md
   tinit                          = 0
   dt                             = 0.002
   nsteps                         = 5000000
   init-step                      = 0
   simulation-part                = 1
   mts                            = false
   mass-repartition-factor        = 1
   comm-mode                      = Linear
   nstcomm                        = 100
   bd-fric                        = 0
   ld-seed                        = 968617466
   emtol                          = 10
   emstep                         = 0.01
   niter                          = 20
   fcstep                         = 0
   nstcgsteep                     = 1000
   nbfgscorr                      = 10
   rtpi                           = 0.05
   nstxout                        = 0
   nstvout                        = 0
   nstfout                        = 0
   nstlog                         = 10000
   nstcalcenergy                  = 100
   nstenergy                      = 10000
   nstxout-compressed             = 5000
   compressed-x-precision         = 1000
   cutoff-scheme                  = Verlet
   nstlist                        = 10
   pbc                            = xyz
   periodic-molecules             = false
   verlet-buffer-tolerance        = 0.005
   verlet-buffer-pressure-tolerance = 0.5
   rlist                          = 1.2
   coulombtype                    = PME
   coulomb-modifier               = Potential-shift
   rcoulomb-switch                = 0
   rcoulomb                       = 1.2
   epsilon-r                      = 1
   epsilon-rf                     = inf
   vdw-type                       = Cut-off
   vdw-modifier                   = Potential-shift
   rvdw-switch                    = 0
   rvdw                           = 1.2
   DispCorr                       = EnerPres
   table-extension                = 1
   fourierspacing                 = 0.12
   fourier-nx                     = 32
   fourier-ny                     = 32
   fourier-nz                     = 32
   pme-order                      = 4
   ewald-rtol                     = 1e-05
   ewald-rtol-lj                  = 0.001
   lj-pme-comb-rule               = Geometric
   ewald-geometry                 = 3d
   epsilon-surface                = 0
   ensemble-temperature-setting   = constant
   ensemble-temperature           = 300
   tcoupl                         = V-rescale
   nsttcouple                     = 10
   nh-chain-length                = 0
   print-nose-hoover-chain-variables = false
   pcoupl                         = No
   refcoord-scaling               = No
   posres-com: not available
   posres-comB: not available
   QMMM                           = false
qm-opts:
   ngQM                           = 0
   constraint-algorithm           = Lincs
   continuation                   = true
   Shake-SOR                      = false
   shake-tol                      = 0.0001
   lincs-order                    = 4
   lincs-iter                     = 1
   lincs-warnangle                = 30
   nwall                          = 0
   wall-type                      = 9-3
   wall-r-linpot                  = -1
   wall-atomtype[0]               = -1
   wall-atomtype[1]               = -1
   wall-density[0]                = 0
   wall-density[1]                = 0
   wall-ewald-zfac                = 3
   pull                           = false
   awh                            = false
   rotation                       = false
   interactiveMD                  = false
   disre                          = No
   disre-weighting                = Conservative
   disre-mixed                    = false
   dr-fc                          = 1000
   dr-tau                         = 0
   nstdisreout                    = 100
   orire-fc                       = 0
   orire-tau                      = 0
   nstorireout                    = 100
   free-energy                    = no
   cos-acceleration               = 0
   deform (3x3):
      deform[    0]={ 0.00000e+00,  0.00000e+00,  0.00000e+00}
      deform[    1]={ 0.00000e+00,  0.00000e+00,  0.00000e+00}
      deform[    2]={ 0.00000e+00,  0.00000e+00,  0.00000e+00}
   simulated-tempering            = false
   swapcoords                     = no
   userint1                       = 0
   userint2                       = 0
   userint3                       = 0
   userint4                       = 0
   userreal1                      = 0
   userreal2                      = 0
   userreal3                      = 0
   userreal4                      = 0
   applied-forces:
     electric-field:
       x:
         E0                       = 0
         omega                    = 0
         t0                       = 0
         sigma                    = 0
       y:
         E0                       = 0
         omega                    = 0
         t0                       = 0
         sigma                    = 0
       z:
         E0                       = 0
         omega                    = 0
         t0                       = 0
         sigma                    = 0
     density-guided-simulation:
       active                     = false
       group                      = protein
       similarity-measure         = inner-product
       atom-spreading-weight      = unity
       force-constant             = 1e+09
       gaussian-transform-spreading-width = 0.2
       gaussian-transform-spreading-range-in-multiples-of-width = 4
       reference-density-filename = reference.mrc
       nst                        = 1
       normalize-densities        = true
       adaptive-force-scaling     = false
       adaptive-force-scaling-time-constant = 4
       shift-vector               = 
       transformation-matrix      = 
     qmmm-cp2k:
       active                     = false
       qmgroup                    = System
       qmmethod                   = PBE
       qmfilenames                = 
       qmcharge                   = 0
       qmmultiplicity             = 1
     colvars:
       active                     = false
       configfile                 = 
       seed                       = -1
     nnpot:
       active                     = false
       modelfile                  = model.pt
       input-group                = System
       link-type                  = H
       link-distance              = 0.1
       pair-cutoff                = 0
       embedding                  = mechanical
       nnp-charge                 = 0
       model-input1               = 
       model-input2               = 
       model-input3               = 
       model-input4               = 
       model-input5               = 
       model-input6               = 
       model-input7               = 
       model-input8               = 
       model-input9               = 
   fast-multipole-method:
     fmm:
       backend                    = inactive
       exafmm-order               = 6
       exafmm-direct-range        = 2
       exafmm-direct-provider     = GROMACS
       exafmm-tree-type           = uniform
       exafmm-tree-depth          = 0
       exafmm-max-particles-per-cell = 0
       fmsolvr-order              = 8
       fmsolvr-direct-range       = 1
       fmsolvr-direct-provider    = FMM
       fmsolvr-dipole-compensation = true
       fmsolvr-tree-depth         = 3
       fmsolvr-sparse             = false
grpopts:
   nrdf:        9531
   ref-t:         300
   tau-t:         0.1
annealing:          No
annealing-npoints:           0
   acc:	           0           0           0
   nfreeze:           N           N           N
   energygrp-flags[  0]: 0

Changing nstlist from 10 to 80, rlist from 1.2 to 1.333

Update groups can not be used for this system because there are three or more consecutively coupled constraints

Initializing Domain Decomposition on 16 ranks
Dynamic load balancing: auto
Minimum cell size due to atom displacement: 0.603 nm
Initial maximum distances in bonded interactions:
    two-body bonded interactions: 0.404 nm, LJ-14, atoms 173 185
  multi-body bonded interactions: 0.404 nm, Proper Dih., atoms 173 185
Minimum cell size due to bonded interactions: 0.444 nm
Maximum distance for 5 constraints, at 120 deg. angles, all-trans: 0.219 nm
Estimated maximum distance required for P-LINCS: 0.219 nm
Scaling the initial minimum size with 1/0.8 (option -dds) = 1.25
Using 0 separate PME ranks because: there are too few total ranks for efficient splitting
Optimizing the DD grid for 16 cells with a minimum initial size of 0.754 nm
The maximum allowed number of cells is: X 4 Y 4 Z 4
Domain decomposition grid 4 x 4 x 1, separate PME ranks 0
PME domain decomposition: 4 x 4 x 1
Domain decomposition rank 0, coordinates 0 0 0

The initial number of communication pulses is: X 2 Y 2
The initial domain decomposition cell size is: X 0.90 nm Y 0.90 nm

The maximum allowed distance for atoms involved in interactions is:
                 non-bonded interactions           1.333 nm
            two-body bonded interactions  (-rdd)   1.333 nm
          multi-body bonded interactions  (-rdd)   0.901 nm
  atoms separated by up to 5 constraints  (-rcon)  0.901 nm

When dynamic load balancing gets turned on, these settings will change to:
The maximum number of communication pulses is: X 2 Y 2
The minimum size for domain decomposition cells is 0.673 nm
The requested allowed shrink of DD cells (option -dds) is: 0.80
The allowed shrink of domain decomposition cells is: X 0.75 Y 0.75
The maximum allowed distance for atoms involved in interactions is:
                 non-bonded interactions           1.333 nm
            two-body bonded interactions  (-rdd)   1.333 nm
          multi-body bonded interactions  (-rdd)   0.673 nm
  atoms separated by up to 5 constraints  (-rcon)  0.673 nm

Local state does not use filler particles

Using 16 MPI processes
Using 2 OpenMP threads per MPI process

System total charge: 0.000
Will do PME sum in reciprocal space for electrostatic interactions.

++++ PLEASE READ AND CITE THE FOLLOWING REFERENCE ++++
U. Essmann, L. Perera, M. L. Berkowitz, T. Darden, H. Lee, L. G. Pedersen 
A smooth particle mesh Ewald method
J. Chem. Phys. (1995)
https://doi.org/10.1063/1.470117
-------- -------- --- Thank You --- -------- --------

Using a Gaussian width (1/beta) of 0.384195 nm for Ewald
Potential shift: LJ r^-12: -1.122e-01 r^-6: -3.349e-01, Ewald -8.333e-06
Initialized non-bonded Coulomb Ewald tables, spacing: 1.02e-03 size: 1176

Generated table with 1166 data points for 1-4 COUL.
Tabscale = 500 points/nm
Generated table with 1166 data points for 1-4 LJ6.
Tabscale = 500 points/nm
Generated table with 1166 data points for 1-4 LJ12.
Tabscale = 500 points/nm
Long Range LJ corr.: <C6> 3.0697e-04


Using SIMD4xM 4x8 nonbonded short-range kernels

Using a dual 4x8 pair-list setup updated with dynamic pruning:
  outer list: updated every 80 steps, buffer 0.133 nm, rlist 1.333 nm
  inner list: updated every 12 steps, buffer 0.001 nm, rlist 1.201 nm
At tolerance 0.005 kJ/mol/ps per atom, equivalent classical 1x1 list would be:
  outer list: updated every 80 steps, buffer 0.281 nm, rlist 1.481 nm
  inner list: updated every 12 steps, buffer 0.047 nm, rlist 1.247 nm

The average pressure is off by at most 0.26 bar due to missing LJ interactions

Using Lorentz-Berthelot Lennard-Jones combination rule

Linking all bonded interactions to atoms


Pinning threads with an auto-selected logical cpu stride of 1

Initializing Parallel LINear Constraint Solver

++++ PLEASE READ AND CITE THE FOLLOWING REFERENCE ++++
B. Hess
P-LINCS: A Parallel Linear Constraint Solver for molecular simulation
J. Chem. Theory Comput. (2008)
https://doi.org/10.1021/ct700200b
-------- -------- --- Thank You --- -------- --------

The number of constraints is 102
There are constraints between atoms in different decomposition domains,
will communicate selected coordinates each lincs iteration

++++ PLEASE READ AND CITE THE FOLLOWING REFERENCE ++++
S. Miyamoto, P. A. Kollman
SETTLE: An Analytical Version of the SHAKE and RATTLE Algorithms for Rigid
Water Models
J. Comp. Chem. (1992)
https://doi.org/10.1002/jcc.540130805
-------- -------- --- Thank You --- -------- --------

Intra-simulation communication will occur every 10 steps.

++++ PLEASE READ AND CITE THE FOLLOWING REFERENCE ++++
G. Bussi, D. Donadio, M. Parrinello
Canonical sampling through velocity rescaling
J. Chem. Phys. (2007)
https://doi.org/10.1063/1.2408420
-------- -------- --- Thank You --- -------- --------

There are: 4712 Atoms
Atom distribution over 16 domains: av 294 stddev 20 min 278 max 311
Center of mass motion removal mode is Linear
We have the following groups for center of mass motion removal:
  0:  rest

Started mdrun on rank 0 Wed Apr 29 19:51:14 2026

           Step           Time
              0        0.00000

   Energies (kJ/mol)
           Bond          Angle    Proper Dih.          LJ-14     Coulomb-14
    2.25379e+02    5.03162e+02    6.01817e+02    2.48370e+02    5.45177e+03
        LJ (SR)  Disper. corr.   Coulomb (SR)   Coul. recip.      Potential
    1.31705e+04   -3.52128e+02   -8.77976e+04    2.51694e+02   -6.76970e+04
    Kinetic En.   Total Energy  Conserved En.    Temperature Pres. DC (bar)
    1.18467e+04   -5.58503e+04   -5.58503e+04    2.98989e+02   -1.24793e+02
 Pressure (bar)   Constr. rmsd
   -1.15802e+02    2.25666e-06


DD  step 79 load imb.: force 11.4%

step 240 Turning on dynamic load balancing, because the performance loss due to load imbalance is 3.7 %.

DD  step 9999  vol min/aver 0.900  load imb.: force  8.0%
           Step           Time
          10000       20.00000

   Energies (kJ/mol)
           Bond          Angle    Proper Dih.          LJ-14     Coulomb-14
    1.76683e+02    4.83151e+02    6.18269e+02    2.42670e+02    5.52652e+03
        LJ (SR)  Disper. corr.   Coulomb (SR)   Coul. recip.      Potential
    1.39662e+04   -3.52128e+02   -8.86985e+04    2.14877e+02   -6.78223e+04
    Kinetic En.   Total Energy  Conserved En.    Temperature Pres. DC (bar)
    1.17622e+04   -5.60601e+04   -5.58383e+04    2.96855e+02   -1.24793e+02
 Pressure (bar)   Constr. rmsd
    9.65008e+02    1.32475e-06


step 17600 Turning off dynamic load balancing, because it is degrading performance.
Atom distribution over 16 domains: av 294 stddev 20 min 278 max 317

DD  step 19999 load imb.: force  6.0%
           Step           Time
          20000       40.00000

   Energies (kJ/mol)
           Bond          Angle    Proper Dih.          LJ-14     Coulomb-14
    1.79061e+02    5.30722e+02    5.96806e+02    2.00131e+02    5.27925e+03
        LJ (SR)  Disper. corr.   Coulomb (SR)   Coul. recip.      Potential
    1.36657e+04   -3.52128e+02   -8.82962e+04    2.35302e+02   -6.79614e+04
    Kinetic En.   Total Energy  Conserved En.    Temperature Pres. DC (bar)
    1.19130e+04   -5.60484e+04   -5.58294e+04    3.00662e+02   -1.24793e+02
 Pressure (bar)   Constr. rmsd
    2.86464e+02    9.78964e-07


DD  step 29999 load imb.: force  8.4%
           Step           Time
          30000       60.00000

   Energies (kJ/mol)
           Bond          Angle    Proper Dih.          LJ-14     Coulomb-14
    2.18536e+02    4.73256e+02    5.94911e+02    1.94140e+02    5.33465e+03
        LJ (SR)  Disper. corr.   Coulomb (SR)   Coul. recip.      Potential
    1.31702e+04   -3.52128e+02   -8.78965e+04    2.35509e+02   -6.80274e+04
    Kinetic En.   Total Energy  Conserved En.    Temperature Pres. DC (bar)
    1.17527e+04   -5.62747e+04   -5.58233e+04    2.96617e+02   -1.24793e+02
 Pressure (bar)   Constr. rmsd
   -4.67589e+02    1.34218e-06


step 32000 Turning on dynamic load balancing, because the performance loss due to load imbalance is 2.9 %.
step 36800 Turning off dynamic load balancing, because it is degrading performance.
Atom distribution over 16 domains: av 294 stddev 19 min 283 max 311

DD  step 39999 load imb.: force  4.5%

step 40000 Will no longer try dynamic load balancing, as it degraded performance.
           Step           Time
          40000       80.00000

   Energies (kJ/mol)
           Bond          Angle    Proper Dih.          LJ-14     Coulomb-14
    1.98130e+02    5.38030e+02    5.99270e+02    2.10163e+02    5.24089e+03
        LJ (SR)  Disper. corr.   Coulomb (SR)   Coul. recip.      Potential
    1.29679e+04   -3.52128e+02   -8.83834e+04    2.22957e+02   -6.87581e+04
    Kinetic En.   Total Energy  Conserved En.    Temperature Pres. DC (bar)
    1.20187e+04   -5.67394e+04   -5.58127e+04    3.03330e+02   -1.24793e+02
 Pressure (bar)   Constr. rmsd
   -8.59582e+02    8.61274e-07


DD  step 49999 load imb.: force  9.1%
           Step           Time
          50000      100.00000

   Energies (kJ/mol)
           Bond          Angle    Proper Dih.          LJ-14     Coulomb-14
    1.96443e+02    5.09073e+02    5.91072e+02    2.21239e+02    5.37034e+03
        LJ (SR)  Disper. corr.   Coulomb (SR)   Coul. recip.      Potential
    1.30430e+04   -3.52128e+02   -8.80690e+04    2.38120e+02   -6.82518e+04
    Kinetic En.   Total Energy  Conserved En.    Temperature Pres. DC (bar)
    1.20147e+04   -5.62371e+04   -5.58017e+04    3.03228e+02   -1.24793e+02
 Pressure (bar)   Constr. rmsd
   -2.35669e+02    1.06748e-06


DD  step 59999 load imb.: force  8.8%
           Step           Time
          60000      120.00000

   Energies (kJ/mol)
           Bond          Angle    Proper Dih.          LJ-14     Coulomb-14
    1.94892e+02    5.12180e+02    5.82922e+02    2.25071e+02    5.44093e+03
        LJ (SR)  Disper. corr.   Coulomb (SR)   Coul. recip.      Potential
    1.36276e+04   -3.52128e+02   -8.86851e+04    2.12641e+02   -6.82410e+04
    Kinetic En.   Total Energy  Conserved En.    Temperature Pres. DC (bar)
    1.17122e+04   -5.65288e+04   -5.57822e+04    2.95594e+02   -1.24793e+02
 Pressure (bar)   Constr. rmsd
    2.58000e+02    1.70801e-06


DD  step 69999 load imb.: force  5.8%
           Step           Time
          70000      140.00000

   Energies (kJ/mol)
           Bond          Angle    Proper Dih.          LJ-14     Coulomb-14
    1.92529e+02    5.05389e+02    6.16124e+02    2.19147e+02    5.44545e+03
        LJ (SR)  Disper. corr.   Coulomb (SR)   Coul. recip.      Potential
    1.30629e+04   -3.52128e+02   -8.81710e+04    2.32779e+02   -6.82488e+04
    Kinetic En.   Total Energy  Conserved En.    Temperature Pres. DC (bar)
    1.18760e+04   -5.63728e+04   -5.57776e+04    2.99729e+02   -1.24793e+02
 Pressure (bar)   Constr. rmsd
   -4.78462e+02    1.02303e-06


DD  step 79999 load imb.: force  7.3%
           Step           Time
          80000      160.00000

   Energies (kJ/mol)
           Bond          Angle    Proper Dih.          LJ-14     Coulomb-14
    1.97993e+02    4.62220e+02    6.02527e+02    2.35052e+02    5.30216e+03
        LJ (SR)  Disper. corr.   Coulomb (SR)   Coul. recip.      Potential
    1.31817e+04   -3.52128e+02   -8.77946e+04    2.14386e+02   -6.79507e+04
    Kinetic En.   Total Energy  Conserved En.    Temperature Pres. DC (bar)
    1.20208e+04   -5.59300e+04   -5.57726e+04    3.03382e+02   -1.24793e+02
 Pressure (bar)   Constr. rmsd
   -2.83433e+01    1.64031e-06


DD  step 89999 load imb.: force 10.4%
           Step           Time
          90000      180.00000

   Energies (kJ/mol)
           Bond          Angle    Proper Dih.          LJ-14     Coulomb-14
    2.03934e+02    5.26539e+02    5.95676e+02    2.37039e+02    5.37200e+03
        LJ (SR)  Disper. corr.   Coulomb (SR)   Coul. recip.      Potential
    1.30301e+04   -3.52128e+02   -8.75305e+04    2.45091e+02   -6.76722e+04
    Kinetic En.   Total Energy  Conserved En.    Temperature Pres. DC (bar)
    1.17533e+04   -5.59189e+04   -5.57569e+04    2.96632e+02   -1.24793e+02
 Pressure (bar)   Constr. rmsd
   -3.05369e+02    2.91322e-06


DD  step 99999 load imb.: force  5.5%
           Step           Time
         100000      200.00000

   Energies (kJ/mol)
           Bond          Angle    Proper Dih.          LJ-14     Coulomb-14
    1.79054e+02    4.33316e+02    6.12524e+02    2.12284e+02    5.45330e+03
        LJ (SR)  Disper. corr.   Coulomb (SR)   Coul. recip.      Potential
    1.32370e+04   -3.52128e+02   -8.77599e+04    2.25929e+02   -6.77586e+04
    Kinetic En.   Total Energy  Conserved En.    Temperature Pres. DC (bar)
    1.18746e+04   -5.58840e+04   -5.57617e+04    2.99694e+02   -1.24793e+02
 Pressure (bar)   Constr. rmsd
    1.37847e+02    8.27707e-07


DD  step 109999 load imb.: force  7.3%
           Step           Time
         110000      220.00000

   Energies (kJ/mol)
           Bond          Angle    Proper Dih.          LJ-14     Coulomb-14
    2.18823e+02    4.71846e+02    6.04768e+02    2.09909e+02    5.28394e+03
        LJ (SR)  Disper. corr.   Coulomb (SR)   Coul. recip.      Potential
    1.30619e+04   -3.52128e+02   -8.77386e+04    2.17891e+02   -6.80217e+04
    Kinetic En.   Total Energy  Conserved En.    Temperature Pres. DC (bar)
    1.17936e+04   -5.62281e+04   -5.57589e+04    2.97647e+02   -1.24793e+02
 Pressure (bar)   Constr. rmsd
   -4.07230e+02    1.93943e-06


DD  step 119999 load imb.: force  6.9%
           Step           Time
         120000      240.00000

   Energies (kJ/mol)
           Bond          Angle    Proper Dih.          LJ-14     Coulomb-14
    1.82752e+02    5.45650e+02    6.35982e+02    2.29661e+02    5.32459e+03
        LJ (SR)  Disper. corr.   Coulomb (SR)   Coul. recip.      Potential
    1.29968e+04   -3.52128e+02   -8.76385e+04    2.13345e+02   -6.78618e+04
    Kinetic En.   Total Energy  Conserved En.    Temperature Pres. DC (bar)
    1.20296e+04   -5.58322e+04   -5.57467e+04    3.03606e+02   -1.24793e+02
 Pressure (bar)   Constr. rmsd
   -1.90839e+02    1.13923e-06


DD  step 129999 load imb.: force  8.2%
           Step           Time
         130000      260.00000

   Energies (kJ/mol)
           Bond          Angle    Proper Dih.          LJ-14     Coulomb-14
    1.99296e+02    5.08469e+02    6.19036e+02    2.39985e+02    5.27069e+03
        LJ (SR)  Disper. corr.   Coulomb (SR)   Coul. recip.      Potential
    1.32490e+04   -3.52128e+02   -8.81205e+04    2.23312e+02   -6.81629e+04
    Kinetic En.   Total Energy  Conserved En.    Temperature Pres. DC (bar)
    1.19711e+04   -5.61917e+04   -5.57291e+04    3.02129e+02   -1.24793e+02
 Pressure (bar)   Constr. rmsd
    9.00564e+00    2.19500e-06


DD  step 139999 load imb.: force  8.6%
           Step           Time
         140000      280.00000

   Energies (kJ/mol)
           Bond          Angle    Proper Dih.          LJ-14     Coulomb-14
    1.82265e+02    5.43208e+02    5.89750e+02    2.04630e+02    5.34310e+03
        LJ (SR)  Disper. corr.   Coulomb (SR)   Coul. recip.      Potential
    1.29042e+04   -3.52128e+02   -8.77281e+04    2.21889e+02   -6.80912e+04
    Kinetic En.   Total Energy  Conserved En.    Temperature Pres. DC (bar)
    1.14902e+04   -5.66010e+04   -5.57175e+04    2.89990e+02   -1.24793e+02
 Pressure (bar)   Constr. rmsd
   -5.54401e+02    9.01574e-07


DD  step 149999 load imb.: force  7.7%
           Step           Time
         150000      300.00000

   Energies (kJ/mol)
           Bond          Angle    Proper Dih.          LJ-14     Coulomb-14
    1.58639e+02    4.77686e+02    6.13940e+02    2.17753e+02    5.36149e+03
        LJ (SR)  Disper. corr.   Coulomb (SR)   Coul. recip.      Potential
    1.35307e+04   -3.52128e+02   -8.81315e+04    2.19496e+02   -6.79040e+04
    Kinetic En.   Total Energy  Conserved En.    Temperature Pres. DC (bar)
    1.18538e+04   -5.60501e+04   -5.57085e+04    2.99168e+02   -1.24793e+02
 Pressure (bar)   Constr. rmsd
    3.17293e+02    1.18634e-06


DD  step 159999 load imb.: force  8.6%
           Step           Time
         160000      320.00000

   Energies (kJ/mol)
           Bond          Angle    Proper Dih.          LJ-14     Coulomb-14
    2.21224e+02    5.06634e+02    6.07149e+02    2.05186e+02    5.29316e+03
        LJ (SR)  Disper. corr.   Coulomb (SR)   Coul. recip.      Potential
    1.32130e+04   -3.52128e+02   -8.88833e+04    2.12916e+02   -6.89762e+04
    Kinetic En.   Total Energy  Conserved En.    Temperature Pres. DC (bar)
    1.19387e+04   -5.70375e+04   -5.57038e+04    3.01309e+02   -1.24793e+02
 Pressure (bar)   Constr. rmsd
   -8.86553e+02    2.03068e-06


DD  step 169999 load imb.: force 10.5%
           Step           Time
         170000      340.00000

   Energies (kJ/mol)
           Bond          Angle    Proper Dih.          LJ-14     Coulomb-14
    1.69101e+02    5.14244e+02    5.90042e+02    2.25990e+02    5.33741e+03
        LJ (SR)  Disper. corr.   Coulomb (SR)   Coul. recip.      Potential
    1.23702e+04   -3.52128e+02   -8.66597e+04    2.12232e+02   -6.75926e+04
    Kinetic En.   Total Energy  Conserved En.    Temperature Pres. DC (bar)
    1.18019e+04   -5.57907e+04   -5.56847e+04    2.97857e+02   -1.24793e+02
 Pressure (bar)   Constr. rmsd
   -7.92182e+02    1.22540e-06


DD  step 179999 load imb.: force  6.7%
           Step           Time
         180000      360.00000

   Energies (kJ/mol)
           Bond          Angle    Proper Dih.          LJ-14     Coulomb-14
    2.17790e+02    4.80054e+02    6.31824e+02    2.26563e+02    5.38677e+03
        LJ (SR)  Disper. corr.   Coulomb (SR)   Coul. recip.      Potential
    1.32582e+04   -3.52128e+02   -8.80559e+04    2.58811e+02   -6.79480e+04
    Kinetic En.   Total Energy  Conserved En.    Temperature Pres. DC (bar)
    1.15601e+04   -5.63879e+04   -5.56815e+04    2.91756e+02   -1.24793e+02
 Pressure (bar)   Constr. rmsd
   -7.73438e+01    9.15237e-07


DD  step 189999 load imb.: force 11.3%
           Step           Time
         190000      380.00000

   Energies (kJ/mol)
           Bond          Angle    Proper Dih.          LJ-14     Coulomb-14
    2.37961e+02    5.00728e+02    6.35491e+02    2.15832e+02    5.37212e+03
        LJ (SR)  Disper. corr.   Coulomb (SR)   Coul. recip.      Potential
    1.33700e+04   -3.52128e+02   -8.84647e+04    2.18610e+02   -6.82662e+04
    Kinetic En.   Total Energy  Conserved En.    Temperature Pres. DC (bar)
    1.18492e+04   -5.64169e+04   -5.56801e+04    2.99052e+02   -1.24793e+02
 Pressure (bar)   Constr. rmsd
   -1.56081e+02    1.20960e-06


DD  step 199999 load imb.: force  6.7%
           Step           Time
         200000      400.00000

   Energies (kJ/mol)
           Bond          Angle    Proper Dih.          LJ-14     Coulomb-14
    2.53276e+02    4.40186e+02    6.13401e+02    2.30180e+02    5.48925e+03
        LJ (SR)  Disper. corr.   Coulomb (SR)   Coul. recip.      Potential
    1.30592e+04   -3.52128e+02   -8.78157e+04    2.15879e+02   -6.78664e+04
    Kinetic En.   Total Energy  Conserved En.    Temperature Pres. DC (bar)
    1.21425e+04   -5.57239e+04   -5.56735e+04    3.06454e+02   -1.24793e+02
 Pressure (bar)   Constr. rmsd
   -5.19227e+02    1.21888e-06


DD  step 209999 load imb.: force  9.1%
           Step           Time
         210000      420.00000

   Energies (kJ/mol)
           Bond          Angle    Proper Dih.          LJ-14     Coulomb-14
    1.83141e+02    4.49105e+02    5.94604e+02    2.14147e+02    5.42631e+03
        LJ (SR)  Disper. corr.   Coulomb (SR)   Coul. recip.      Potential
    1.28616e+04   -3.52128e+02   -8.73314e+04    2.18181e+02   -6.77365e+04
    Kinetic En.   Total Energy  Conserved En.    Temperature Pres. DC (bar)
    1.20633e+04   -5.56731e+04   -5.56616e+04    3.04456e+02   -1.24793e+02
 Pressure (bar)   Constr. rmsd
   -2.56409e+02    1.05779e-06


DD  step 219999 load imb.: force 14.3%
           Step           Time
         220000      440.00000

   Energies (kJ/mol)
           Bond          Angle    Proper Dih.          LJ-14     Coulomb-14
    2.03223e+02    4.19052e+02    6.09537e+02    2.09374e+02    5.44716e+03
        LJ (SR)  Disper. corr.   Coulomb (SR)   Coul. recip.      Potential
    1.36567e+04   -3.52128e+02   -8.81683e+04    2.25034e+02   -6.77503e+04
    Kinetic En.   Total Energy  Conserved En.    Temperature Pres. DC (bar)
    1.16643e+04   -5.60860e+04   -5.56478e+04    2.94384e+02   -1.24793e+02
 Pressure (bar)   Constr. rmsd
    4.46229e+02    2.32487e-06


DD  step 229999 load imb.: force 11.3%
           Step           Time
         230000      460.00000

   Energies (kJ/mol)
           Bond          Angle    Proper Dih.          LJ-14     Coulomb-14
    1.77289e+02    5.24981e+02    6.07239e+02    2.17810e+02    5.40081e+03
        LJ (SR)  Disper. corr.   Coulomb (SR)   Coul. recip.      Potential
    1.32962e+04   -3.52128e+02   -8.79509e+04    2.35156e+02   -6.78435e+04
    Kinetic En.   Total Energy  Conserved En.    Temperature Pres. DC (bar)
    1.17916e+04   -5.60519e+04   -5.56500e+04    2.97599e+02   -1.24793e+02
 Pressure (bar)   Constr. rmsd
    1.62721e+02    1.42089e-06


DD  step 239999 load imb.: force  9.3%
           Step           Time
         240000      480.00000

   Energies (kJ/mol)
           Bond          Angle    Proper Dih.          LJ-14     Coulomb-14
    1.83327e+02    4.67430e+02    6.39900e+02    2.21855e+02    5.40836e+03
        LJ (SR)  Disper. corr.   Coulomb (SR)   Coul. recip.      Potential
    1.32629e+04   -3.52128e+02   -8.80269e+04    2.17539e+02   -6.79776e+04
    Kinetic En.   Total Energy  Conserved En.    Temperature Pres. DC (bar)
    1.18119e+04   -5.61657e+04   -5.56481e+04    2.98111e+02   -1.24793e+02
 Pressure (bar)   Constr. rmsd
   -1.28224e+01    2.65393e-06


DD  step 249999 load imb.: force 11.6%
           Step           Time
         250000      500.00000

   Energies (kJ/mol)
           Bond          Angle    Proper Dih.          LJ-14     Coulomb-14
    2.21124e+02    5.07948e+02    6.13667e+02    2.18545e+02    5.42250e+03
        LJ (SR)  Disper. corr.   Coulomb (SR)   Coul. recip.      Potential
    1.35399e+04   -3.52128e+02   -8.85615e+04    2.17904e+02   -6.81720e+04
    Kinetic En.   Total Energy  Conserved En.    Temperature Pres. DC (bar)
    1.19960e+04   -5.61760e+04   -5.56351e+04    3.02756e+02   -1.24793e+02
 Pressure (bar)   Constr. rmsd
    1.46172e+02    1.02701e-06


DD  step 259999 load imb.: force 10.4%
           Step           Time
         260000      520.00000

   Energies (kJ/mol)
           Bond          Angle    Proper Dih.          LJ-14     Coulomb-14
    2.57601e+02    5.16189e+02    5.95581e+02    1.88527e+02    5.22461e+03
        LJ (SR)  Disper. corr.   Coulomb (SR)   Coul. recip.      Potential
    1.36943e+04   -3.52128e+02   -8.80494e+04    2.49918e+02   -6.76748e+04
    Kinetic En.   Total Energy  Conserved En.    Temperature Pres. DC (bar)
    1.19903e+04   -5.56845e+04   -5.56199e+04    3.02613e+02   -1.24793e+02
 Pressure (bar)   Constr. rmsd
    2.35647e+02    1.11990e-06


DD  step 269999 load imb.: force 10.7%
           Step           Time
         270000      540.00000

   Energies (kJ/mol)
           Bond          Angle    Proper Dih.          LJ-14     Coulomb-14
    1.96138e+02    5.35668e+02    6.04377e+02    2.17277e+02    5.26859e+03
        LJ (SR)  Disper. corr.   Coulomb (SR)   Coul. recip.      Potential
    1.35422e+04   -3.52128e+02   -8.84031e+04    2.15345e+02   -6.81757e+04
    Kinetic En.   Total Energy  Conserved En.    Temperature Pres. DC (bar)
    1.18569e+04   -5.63188e+04   -5.56150e+04    2.99247e+02   -1.24793e+02
 Pressure (bar)   Constr. rmsd
    6.67952e+01    2.27871e-06


DD  step 279999 load imb.: force  7.4%
           Step           Time
         280000      560.00000

   Energies (kJ/mol)
           Bond          Angle    Proper Dih.          LJ-14     Coulomb-14
    1.81043e+02    4.43623e+02    5.90715e+02    2.41052e+02    5.37293e+03
        LJ (SR)  Disper. corr.   Coulomb (SR)   Coul. recip.      Potential
    1.33650e+04   -3.52128e+02   -8.79004e+04    2.15335e+02   -6.78429e+04
    Kinetic En.   Total Energy  Conserved En.    Temperature Pres. DC (bar)
    1.18123e+04   -5.60306e+04   -5.56093e+04    2.98120e+02   -1.24793e+02
 Pressure (bar)   Constr. rmsd
    3.35376e+02    1.73879e-06


DD  step 289999 load imb.: force  9.0%
           Step           Time
         290000      580.00000

   Energies (kJ/mol)
           Bond          Angle    Proper Dih.          LJ-14     Coulomb-14
    2.14300e+02    5.10669e+02    6.21079e+02    2.34345e+02    5.31846e+03
        LJ (SR)  Disper. corr.   Coulomb (SR)   Coul. recip.      Potential
    1.28572e+04   -3.52128e+02   -8.71279e+04    2.31800e+02   -6.74921e+04
    Kinetic En.   Total Energy  Conserved En.    Temperature Pres. DC (bar)
    1.18158e+04   -5.56763e+04   -5.55953e+04    2.98210e+02   -1.24793e+02
 Pressure (bar)   Constr. rmsd
   -1.25335e+02    1.81164e-06


DD  step 299999 load imb.: force  7.4%
           Step           Time
         300000      600.00000

   Energies (kJ/mol)
           Bond          Angle    Proper Dih.          LJ-14     Coulomb-14
    1.88866e+02    4.53441e+02    5.93747e+02    2.12160e+02    5.35388e+03
        LJ (SR)  Disper. corr.   Coulomb (SR)   Coul. recip.      Potential
    1.32094e+04   -3.52128e+02   -8.82262e+04    2.30892e+02   -6.83360e+04
    Kinetic En.   Total Energy  Conserved En.    Temperature Pres. DC (bar)
    1.19869e+04   -5.63491e+04   -5.55846e+04    3.02527e+02   -1.24793e+02
 Pressure (bar)   Constr. rmsd
   -3.67512e+02    1.38003e-06


DD  step 309999 load imb.: force  7.2%
           Step           Time
         310000      620.00000

   Energies (kJ/mol)
           Bond          Angle    Proper Dih.          LJ-14     Coulomb-14
    2.20059e+02    4.88006e+02    6.03429e+02    2.19339e+02    5.35908e+03
        LJ (SR)  Disper. corr.   Coulomb (SR)   Coul. recip.      Potential
    1.34818e+04   -3.52128e+02   -8.86155e+04    2.33916e+02   -6.83620e+04
    Kinetic En.   Total Energy  Conserved En.    Temperature Pres. DC (bar)
    1.19490e+04   -5.64129e+04   -5.55785e+04    3.01571e+02   -1.24793e+02
 Pressure (bar)   Constr. rmsd
   -3.36676e+02    2.61837e-06


DD  step 319999 load imb.: force 14.7%
           Step           Time
         320000      640.00000

   Energies (kJ/mol)
           Bond          Angle    Proper Dih.          LJ-14     Coulomb-14
    1.75564e+02    4.95456e+02    6.09508e+02    2.31910e+02    5.37802e+03
        LJ (SR)  Disper. corr.   Coulomb (SR)   Coul. recip.      Potential
    1.33102e+04   -3.52128e+02   -8.82995e+04    2.20058e+02   -6.82310e+04
    Kinetic En.   Total Energy  Conserved En.    Temperature Pres. DC (bar)
    1.15956e+04   -5.66353e+04   -5.55673e+04    2.92652e+02   -1.24793e+02
 Pressure (bar)   Constr. rmsd
    5.76244e+01    1.11574e-06


DD  step 329999 load imb.: force  8.1%
           Step           Time
         330000      660.00000

   Energies (kJ/mol)
           Bond          Angle    Proper Dih.          LJ-14     Coulomb-14
    2.21886e+02    4.84923e+02    6.03384e+02    2.18700e+02    5.32763e+03
        LJ (SR)  Disper. corr.   Coulomb (SR)   Coul. recip.      Potential
    1.34156e+04   -3.52128e+02   -8.85239e+04    1.97911e+02   -6.84060e+04
    Kinetic En.   Total Energy  Conserved En.    Temperature Pres. DC (bar)
    1.17474e+04   -5.66586e+04   -5.55521e+04    2.96483e+02   -1.24793e+02
 Pressure (bar)   Constr. rmsd
   -2.16183e+02    1.60866e-06


DD  step 339999 load imb.: force 12.3%
           Step           Time
         340000      680.00000

   Energies (kJ/mol)
           Bond          Angle    Proper Dih.          LJ-14     Coulomb-14
    1.91045e+02    4.19213e+02    5.94079e+02    2.20116e+02    5.36474e+03
        LJ (SR)  Disper. corr.   Coulomb (SR)   Coul. recip.      Potential
    1.33000e+04   -3.52128e+02   -8.85481e+04    2.23847e+02   -6.85872e+04
    Kinetic En.   Total Energy  Conserved En.    Temperature Pres. DC (bar)
    1.17078e+04   -5.68793e+04   -5.55525e+04    2.95484e+02   -1.24793e+02
 Pressure (bar)   Constr. rmsd
   -2.81969e+02    1.14904e-06


DD  step 349999 load imb.: force  5.6%
           Step           Time
         350000      700.00000

   Energies (kJ/mol)
           Bond          Angle    Proper Dih.          LJ-14     Coulomb-14
    1.92558e+02    4.47826e+02    5.94552e+02    2.17321e+02    5.33397e+03
        LJ (SR)  Disper. corr.   Coulomb (SR)   Coul. recip.      Potential
    1.30768e+04   -3.52128e+02   -8.80803e+04    2.22431e+02   -6.83470e+04
    Kinetic En.   Total Energy  Conserved En.    Temperature Pres. DC (bar)
    1.19993e+04   -5.63476e+04   -5.55445e+04    3.02841e+02   -1.24793e+02
 Pressure (bar)   Constr. rmsd
   -3.87744e+02    1.11151e-06


DD  step 359999 load imb.: force  9.2%
           Step           Time
         360000      720.00000

   Energies (kJ/mol)
           Bond          Angle    Proper Dih.          LJ-14     Coulomb-14
    1.89798e+02    4.70203e+02    6.16117e+02    2.27231e+02    5.33710e+03
        LJ (SR)  Disper. corr.   Coulomb (SR)   Coul. recip.      Potential
    1.32256e+04   -3.52128e+02   -8.77306e+04    2.18171e+02   -6.77986e+04
    Kinetic En.   Total Energy  Conserved En.    Temperature Pres. DC (bar)
    1.21464e+04   -5.56521e+04   -5.55409e+04    3.06554e+02   -1.24793e+02
 Pressure (bar)   Constr. rmsd
    1.08111e+02    1.70720e-06


DD  step 369999 load imb.: force 10.0%
           Step           Time
         370000      740.00000

   Energies (kJ/mol)
           Bond          Angle    Proper Dih.          LJ-14     Coulomb-14
    1.99747e+02    4.61156e+02    5.60241e+02    1.92353e+02    5.30147e+03
        LJ (SR)  Disper. corr.   Coulomb (SR)   Coul. recip.      Potential
    1.29594e+04   -3.52128e+02   -8.76050e+04    2.28438e+02   -6.80544e+04
    Kinetic En.   Total Energy  Conserved En.    Temperature Pres. DC (bar)
    1.19470e+04   -5.61073e+04   -5.55293e+04    3.01521e+02   -1.24793e+02
 Pressure (bar)   Constr. rmsd
   -5.55274e+02    1.18494e-06


DD  step 379999 load imb.: force  9.7%
           Step           Time
         380000      760.00000

   Energies (kJ/mol)
           Bond          Angle    Proper Dih.          LJ-14     Coulomb-14
    2.24110e+02    5.01546e+02    6.07481e+02    2.15558e+02    5.34405e+03
        LJ (SR)  Disper. corr.   Coulomb (SR)   Coul. recip.      Potential
    1.36170e+04   -3.52128e+02   -8.85523e+04    2.01994e+02   -6.81926e+04
    Kinetic En.   Total Energy  Conserved En.    Temperature Pres. DC (bar)
    1.16359e+04   -5.65567e+04   -5.55188e+04    2.93669e+02   -1.24793e+02
 Pressure (bar)   Constr. rmsd
   -1.03652e+01    1.04458e-06


DD  step 389999 load imb.: force 10.2%
           Step           Time
         390000      780.00000

   Energies (kJ/mol)
           Bond          Angle    Proper Dih.          LJ-14     Coulomb-14
    1.84173e+02    4.50275e+02    6.01145e+02    2.19216e+02    5.38466e+03
        LJ (SR)  Disper. corr.   Coulomb (SR)   Coul. recip.      Potential
    1.36226e+04   -3.52128e+02   -8.84624e+04    2.31688e+02   -6.81208e+04
    Kinetic En.   Total Energy  Conserved En.    Temperature Pres. DC (bar)
    1.18584e+04   -5.62624e+04   -5.55181e+04    2.99284e+02   -1.24793e+02
 Pressure (bar)   Constr. rmsd
    1.72822e+02    1.17764e-06


DD  step 399999 load imb.: force  6.6%
           Step           Time
         400000      800.00000

   Energies (kJ/mol)
           Bond          Angle    Proper Dih.          LJ-14     Coulomb-14
    1.90036e+02    4.36011e+02    5.93535e+02    2.09930e+02    5.35906e+03
        LJ (SR)  Disper. corr.   Coulomb (SR)   Coul. recip.      Potential
    1.34541e+04   -3.52128e+02   -8.80406e+04    2.29347e+02   -6.79207e+04
    Kinetic En.   Total Energy  Conserved En.    Temperature Pres. DC (bar)
    1.19494e+04   -5.59713e+04   -5.55080e+04    3.01580e+02   -1.24793e+02
 Pressure (bar)   Constr. rmsd
    2.51239e+01    8.47298e-07


DD  step 409999 load imb.: force  4.6%
           Step           Time
         410000      820.00000

   Energies (kJ/mol)
           Bond          Angle    Proper Dih.          LJ-14     Coulomb-14
    1.84998e+02    4.44820e+02    5.91291e+02    2.39430e+02    5.42344e+03
        LJ (SR)  Disper. corr.   Coulomb (SR)   Coul. recip.      Potential
    1.31602e+04   -3.52128e+02   -8.76323e+04    2.28648e+02   -6.77116e+04
    Kinetic En.   Total Energy  Conserved En.    Temperature Pres. DC (bar)
    1.18289e+04   -5.58827e+04   -5.54934e+04    2.98538e+02   -1.24793e+02
 Pressure (bar)   Constr. rmsd
    2.32452e+02    1.38546e-06


DD  step 419999 load imb.: force  8.4%
           Step           Time
         420000      840.00000

   Energies (kJ/mol)
           Bond          Angle    Proper Dih.          LJ-14     Coulomb-14
    2.29276e+02    4.61784e+02    5.82744e+02    2.16311e+02    5.29880e+03
        LJ (SR)  Disper. corr.   Coulomb (SR)   Coul. recip.      Potential
    1.32451e+04   -3.52128e+02   -8.78213e+04    2.32452e+02   -6.79070e+04
    Kinetic En.   Total Energy  Conserved En.    Temperature Pres. DC (bar)
    1.20974e+04   -5.58096e+04   -5.54938e+04    3.05316e+02   -1.24793e+02
 Pressure (bar)   Constr. rmsd
   -2.42362e+02    1.63963e-06


DD  step 429999 load imb.: force  7.9%
           Step           Time
         430000      860.00000

   Energies (kJ/mol)
           Bond          Angle    Proper Dih.          LJ-14     Coulomb-14
    1.97678e+02    5.04974e+02    5.86702e+02    2.20438e+02    5.27420e+03
        LJ (SR)  Disper. corr.   Coulomb (SR)   Coul. recip.      Potential
    1.28004e+04   -3.52128e+02   -8.72958e+04    2.28658e+02   -6.78349e+04
    Kinetic En.   Total Energy  Conserved En.    Temperature Pres. DC (bar)
    1.17408e+04   -5.60941e+04   -5.54842e+04    2.96316e+02   -1.24793e+02
 Pressure (bar)   Constr. rmsd
   -5.55006e+02    9.49914e-07


DD  step 439999 load imb.: force 12.0%
           Step           Time
         440000      880.00000

   Energies (kJ/mol)
           Bond          Angle    Proper Dih.          LJ-14     Coulomb-14
    1.69162e+02    5.08627e+02    6.00206e+02    2.07922e+02    5.41598e+03
        LJ (SR)  Disper. corr.   Coulomb (SR)   Coul. recip.      Potential
    1.25881e+04   -3.52128e+02   -8.75975e+04    2.13606e+02   -6.82460e+04
    Kinetic En.   Total Energy  Conserved En.    Temperature Pres. DC (bar)
    1.22848e+04   -5.59612e+04   -5.54877e+04    3.10045e+02   -1.24793e+02
 Pressure (bar)   Constr. rmsd
   -1.06138e+03    1.11593e-06


DD  step 449999 load imb.: force  9.3%
           Step           Time
         450000      900.00000

   Energies (kJ/mol)
           Bond          Angle    Proper Dih.          LJ-14     Coulomb-14
    1.84451e+02    4.65079e+02    5.98354e+02    2.32985e+02    5.37574e+03
        LJ (SR)  Disper. corr.   Coulomb (SR)   Coul. recip.      Potential
    1.26311e+04   -3.52128e+02   -8.73962e+04    2.11820e+02   -6.80489e+04
    Kinetic En.   Total Energy  Conserved En.    Temperature Pres. DC (bar)
    1.18556e+04   -5.61933e+04   -5.54743e+04    2.99213e+02   -1.24793e+02
 Pressure (bar)   Constr. rmsd
   -6.93214e+02    6.78976e-07


DD  step 459999 load imb.: force  5.4%
           Step           Time
         460000      920.00000

   Energies (kJ/mol)
           Bond          Angle    Proper Dih.          LJ-14     Coulomb-14
    1.76808e+02    4.61774e+02    5.89547e+02    2.39194e+02    5.30052e+03
        LJ (SR)  Disper. corr.   Coulomb (SR)   Coul. recip.      Potential
    1.33693e+04   -3.52128e+02   -8.80648e+04    1.93914e+02   -6.80859e+04
    Kinetic En.   Total Energy  Conserved En.    Temperature Pres. DC (bar)
    1.18596e+04   -5.62263e+04   -5.54601e+04    2.99313e+02   -1.24793e+02
 Pressure (bar)   Constr. rmsd
    3.03804e+01    1.00279e-06


DD  step 469999 load imb.: force  8.8%
           Step           Time
         470000      940.00000

   Energies (kJ/mol)
           Bond          Angle    Proper Dih.          LJ-14     Coulomb-14
    1.99063e+02    4.97363e+02    5.92787e+02    2.22330e+02    5.31594e+03
        LJ (SR)  Disper. corr.   Coulomb (SR)   Coul. recip.      Potential
    1.28802e+04   -3.52128e+02   -8.76759e+04    2.15965e+02   -6.81045e+04
    Kinetic En.   Total Energy  Conserved En.    Temperature Pres. DC (bar)
    1.18175e+04   -5.62870e+04   -5.54507e+04    2.98251e+02   -1.24793e+02
 Pressure (bar)   Constr. rmsd
   -6.18748e+02    7.44605e-07


DD  step 479999 load imb.: force  9.4%
           Step           Time
         480000      960.00000

   Energies (kJ/mol)
           Bond          Angle    Proper Dih.          LJ-14     Coulomb-14
    2.24366e+02    5.00264e+02    5.94042e+02    1.89844e+02    5.32308e+03
        LJ (SR)  Disper. corr.   Coulomb (SR)   Coul. recip.      Potential
    1.34129e+04   -3.52128e+02   -8.84839e+04    2.38978e+02   -6.83526e+04
    Kinetic En.   Total Energy  Conserved En.    Temperature Pres. DC (bar)
    1.20483e+04   -5.63043e+04   -5.54520e+04    3.04077e+02   -1.24793e+02
 Pressure (bar)   Constr. rmsd
   -3.73387e+02    8.81669e-07


DD  step 489999 load imb.: force  6.4%
           Step           Time
         490000      980.00000

   Energies (kJ/mol)
           Bond          Angle    Proper Dih.          LJ-14     Coulomb-14
    1.74627e+02    5.42632e+02    6.04562e+02    2.34884e+02    5.16703e+03
        LJ (SR)  Disper. corr.   Coulomb (SR)   Coul. recip.      Potential
    1.30111e+04   -3.52128e+02   -8.76519e+04    2.12792e+02   -6.80564e+04
    Kinetic En.   Total Energy  Conserved En.    Temperature Pres. DC (bar)
    1.18730e+04   -5.61834e+04   -5.54551e+04    2.99653e+02   -1.24793e+02
 Pressure (bar)   Constr. rmsd
   -2.13702e+02    1.54791e-06


DD  step 499999 load imb.: force  9.9%
           Step           Time
         500000     1000.00000

   Energies (kJ/mol)
           Bond          Angle    Proper Dih.          LJ-14     Coulomb-14
    1.94437e+02    4.50137e+02    5.98150e+02    2.25531e+02    5.27944e+03
        LJ (SR)  Disper. corr.   Coulomb (SR)   Coul. recip.      Potential
    1.34193e+04   -3.52128e+02   -8.79842e+04    2.24405e+02   -6.79449e+04
    Kinetic En.   Total Energy  Conserved En.    Temperature Pres. DC (bar)
    1.16565e+04   -5.62885e+04   -5.54378e+04    2.94188e+02   -1.24793e+02
 Pressure (bar)   Constr. rmsd
    2.05471e+01    1.41547e-06


DD  step 509999 load imb.: force 12.8%
           Step           Time
         510000     1020.00000

   Energies (kJ/mol)
           Bond          Angle    Proper Dih.          LJ-14     Coulomb-14
    1.80420e+02    4.63953e+02    6.03723e+02    2.18367e+02    5.23440e+03
        LJ (SR)  Disper. corr.   Coulomb (SR)   Coul. recip.      Potential
    1.32171e+04   -3.52128e+02   -8.81542e+04    2.32017e+02   -6.83563e+04
    Kinetic En.   Total Energy  Conserved En.    Temperature Pres. DC (bar)
    1.15674e+04   -5.67890e+04   -5.54217e+04    2.91939e+02   -1.24793e+02
 Pressure (bar)   Constr. rmsd
   -3.19854e+02    1.32404e-06


DD  step 519999 load imb.: force  5.8%
           Step           Time
         520000     1040.00000

   Energies (kJ/mol)
           Bond          Angle    Proper Dih.          LJ-14     Coulomb-14
    2.08185e+02    4.34983e+02    5.90644e+02    2.25385e+02    5.31697e+03
        LJ (SR)  Disper. corr.   Coulomb (SR)   Coul. recip.      Potential
    1.34142e+04   -3.52128e+02   -8.79676e+04    2.25117e+02   -6.79042e+04
    Kinetic En.   Total Energy  Conserved En.    Temperature Pres. DC (bar)
    1.17773e+04   -5.61269e+04   -5.54201e+04    2.97238e+02   -1.24793e+02
 Pressure (bar)   Constr. rmsd
    2.63767e+02    9.98878e-07


DD  step 529999 load imb.: force 10.3%
           Step           Time
         530000     1060.00000

   Energies (kJ/mol)
           Bond          Angle    Proper Dih.          LJ-14     Coulomb-14
    1.85902e+02    5.23060e+02    5.77451e+02    2.23022e+02    5.34262e+03
        LJ (SR)  Disper. corr.   Coulomb (SR)   Coul. recip.      Potential
    1.29816e+04   -3.52128e+02   -8.75846e+04    2.28547e+02   -6.78745e+04
    Kinetic En.   Total Energy  Conserved En.    Temperature Pres. DC (bar)
    1.18490e+04   -5.60254e+04   -5.54038e+04    2.99048e+02   -1.24793e+02
 Pressure (bar)   Constr. rmsd
   -9.09193e+01    1.53344e-06


DD  step 539999 load imb.: force 11.9%
           Step           Time
         540000     1080.00000

   Energies (kJ/mol)
           Bond          Angle    Proper Dih.          LJ-14     Coulomb-14
    1.96828e+02    4.80748e+02    5.74271e+02    2.09433e+02    5.27877e+03
        LJ (SR)  Disper. corr.   Coulomb (SR)   Coul. recip.      Potential
    1.31936e+04   -3.52128e+02   -8.79184e+04    2.31289e+02   -6.81056e+04
    Kinetic En.   Total Energy  Conserved En.    Temperature Pres. DC (bar)
    1.21648e+04   -5.59408e+04   -5.54036e+04    3.07016e+02   -1.24793e+02
 Pressure (bar)   Constr. rmsd
   -2.12546e+02    6.83936e-07


DD  step 549999 load imb.: force  7.7%
           Step           Time
         550000     1100.00000

   Energies (kJ/mol)
           Bond          Angle    Proper Dih.          LJ-14     Coulomb-14
    1.76366e+02    4.77389e+02    5.77221e+02    2.15439e+02    5.28861e+03
        LJ (SR)  Disper. corr.   Coulomb (SR)   Coul. recip.      Potential
    1.35012e+04   -3.52128e+02   -8.85324e+04    2.01403e+02   -6.84470e+04
    Kinetic En.   Total Energy  Conserved En.    Temperature Pres. DC (bar)
    1.18678e+04   -5.65792e+04   -5.54042e+04    2.99521e+02   -1.24793e+02
 Pressure (bar)   Constr. rmsd
    2.09846e+02    2.11480e-06


DD  step 559999 load imb.: force  5.9%
           Step           Time
         560000     1120.00000

   Energies (kJ/mol)
           Bond          Angle    Proper Dih.          LJ-14     Coulomb-14
    1.96472e+02    4.79052e+02    5.77498e+02    2.10874e+02    5.28958e+03
        LJ (SR)  Disper. corr.   Coulomb (SR)   Coul. recip.      Potential
    1.34423e+04   -3.52128e+02   -8.82039e+04    2.23049e+02   -6.81372e+04
    Kinetic En.   Total Energy  Conserved En.    Temperature Pres. DC (bar)
    1.20150e+04   -5.61222e+04   -5.53872e+04    3.03236e+02   -1.24793e+02
 Pressure (bar)   Constr. rmsd
   -2.07767e+02    8.44978e-07


DD  step 569999 load imb.: force 11.2%
           Step           Time
         570000     1140.00000

   Energies (kJ/mol)
           Bond          Angle    Proper Dih.          LJ-14     Coulomb-14
    2.02186e+02    5.01786e+02    5.89270e+02    1.87835e+02    5.27368e+03
        LJ (SR)  Disper. corr.   Coulomb (SR)   Coul. recip.      Potential
    1.29494e+04   -3.52128e+02   -8.77762e+04    2.24466e+02   -6.81997e+04
    Kinetic En.   Total Energy  Conserved En.    Temperature Pres. DC (bar)
    1.20088e+04   -5.61908e+04   -5.53880e+04    3.03081e+02   -1.24793e+02
 Pressure (bar)   Constr. rmsd
   -4.54143e+02    2.39548e-06


DD  step 579999 load imb.: force  6.6%
           Step           Time
         580000     1160.00000

   Energies (kJ/mol)
           Bond          Angle    Proper Dih.          LJ-14     Coulomb-14
    1.37760e+02    4.67433e+02    5.96038e+02    2.16340e+02    5.37864e+03
        LJ (SR)  Disper. corr.   Coulomb (SR)   Coul. recip.      Potential
    1.36598e+04   -3.52128e+02   -8.84546e+04    2.33300e+02   -6.81173e+04
    Kinetic En.   Total Energy  Conserved En.    Temperature Pres. DC (bar)
    1.19853e+04   -5.61321e+04   -5.53721e+04    3.02486e+02   -1.24793e+02
 Pressure (bar)   Constr. rmsd
    5.49450e+02    1.42774e-06


DD  step 589999 load imb.: force  6.3%
           Step           Time
         590000     1180.00000

   Energies (kJ/mol)
           Bond          Angle    Proper Dih.          LJ-14     Coulomb-14
    1.97385e+02    4.43132e+02    5.83193e+02    2.04617e+02    5.29858e+03
        LJ (SR)  Disper. corr.   Coulomb (SR)   Coul. recip.      Potential
    1.30286e+04   -3.52128e+02   -8.80473e+04    2.08396e+02   -6.84355e+04
    Kinetic En.   Total Energy  Conserved En.    Temperature Pres. DC (bar)
    1.22739e+04   -5.61616e+04   -5.53711e+04    3.09771e+02   -1.24793e+02
 Pressure (bar)   Constr. rmsd
   -5.44710e+02    1.65172e-06


DD  step 599999 load imb.: force  7.9%
           Step           Time
         600000     1200.00000

   Energies (kJ/mol)
           Bond          Angle    Proper Dih.          LJ-14     Coulomb-14
    1.77056e+02    5.15249e+02    5.89279e+02    2.44047e+02    5.28139e+03
        LJ (SR)  Disper. corr.   Coulomb (SR)   Coul. recip.      Potential
    1.27823e+04   -3.52128e+02   -8.77367e+04    2.48149e+02   -6.82514e+04
    Kinetic En.   Total Energy  Conserved En.    Temperature Pres. DC (bar)
    1.19006e+04   -5.63508e+04   -5.53619e+04    3.00348e+02   -1.24793e+02
 Pressure (bar)   Constr. rmsd
   -6.68835e+02    1.43716e-06


DD  step 609999 load imb.: force  7.3%
           Step           Time
         610000     1220.00000

   Energies (kJ/mol)
           Bond          Angle    Proper Dih.          LJ-14     Coulomb-14
    2.01579e+02    4.55078e+02    5.84268e+02    2.30857e+02    5.34856e+03
        LJ (SR)  Disper. corr.   Coulomb (SR)   Coul. recip.      Potential
    1.32626e+04   -3.52128e+02   -8.83798e+04    2.35783e+02   -6.84132e+04
    Kinetic En.   Total Energy  Conserved En.    Temperature Pres. DC (bar)
    1.18735e+04   -5.65397e+04   -5.53491e+04    2.99664e+02   -1.24793e+02
 Pressure (bar)   Constr. rmsd
   -2.98303e+02    1.35092e-06


DD  step 619999 load imb.: force  5.9%
           Step           Time
         620000     1240.00000

   Energies (kJ/mol)
           Bond          Angle    Proper Dih.          LJ-14     Coulomb-14
    2.24490e+02    4.38667e+02    5.83651e+02    2.12183e+02    5.23973e+03
        LJ (SR)  Disper. corr.   Coulomb (SR)   Coul. recip.      Potential
    1.29000e+04   -3.52128e+02   -8.72993e+04    2.00843e+02   -6.78518e+04
    Kinetic En.   Total Energy  Conserved En.    Temperature Pres. DC (bar)
    1.22258e+04   -5.56260e+04   -5.53540e+04    3.08556e+02   -1.24793e+02
 Pressure (bar)   Constr. rmsd
   -5.36014e+02    1.04159e-06


DD  step 629999 load imb.: force  4.3%
           Step           Time
         630000     1260.00000

   Energies (kJ/mol)
           Bond          Angle    Proper Dih.          LJ-14     Coulomb-14
    1.92920e+02    5.04425e+02    5.91795e+02    2.35464e+02    5.31879e+03
        LJ (SR)  Disper. corr.   Coulomb (SR)   Coul. recip.      Potential
    1.33507e+04   -3.52128e+02   -8.81903e+04    2.18951e+02   -6.81294e+04
    Kinetic En.   Total Energy  Conserved En.    Temperature Pres. DC (bar)
    1.18117e+04   -5.63177e+04   -5.53359e+04    2.98105e+02   -1.24793e+02
 Pressure (bar)   Constr. rmsd
    9.93321e+01    1.65246e-06


DD  step 639999 load imb.: force 11.2%
           Step           Time
         640000     1280.00000

   Energies (kJ/mol)
           Bond          Angle    Proper Dih.          LJ-14     Coulomb-14
    2.30800e+02    5.00691e+02    5.94036e+02    2.22281e+02    5.31144e+03
        LJ (SR)  Disper. corr.   Coulomb (SR)   Coul. recip.      Potential
    1.30421e+04   -3.52128e+02   -8.77258e+04    2.10616e+02   -6.79660e+04
    Kinetic En.   Total Energy  Conserved En.    Temperature Pres. DC (bar)
    1.20809e+04   -5.58851e+04   -5.53357e+04    3.04899e+02   -1.24793e+02
 Pressure (bar)   Constr. rmsd
   -3.62571e+02    9.87514e-07


DD  step 649999 load imb.: force  7.2%
           Step           Time
         650000     1300.00000

   Energies (kJ/mol)
           Bond          Angle    Proper Dih.          LJ-14     Coulomb-14
    2.19675e+02    5.05169e+02    6.00430e+02    2.12082e+02    5.19468e+03
        LJ (SR)  Disper. corr.   Coulomb (SR)   Coul. recip.      Potential
    1.30997e+04   -3.52128e+02   -8.79800e+04    2.05444e+02   -6.82950e+04
    Kinetic En.   Total Energy  Conserved En.    Temperature Pres. DC (bar)
    1.24666e+04   -5.58284e+04   -5.53223e+04    3.14633e+02   -1.24793e+02
 Pressure (bar)   Constr. rmsd
   -2.62568e+02    1.95560e-06


DD  step 659999 load imb.: force  6.9%
           Step           Time
         660000     1320.00000

   Energies (kJ/mol)
           Bond          Angle    Proper Dih.          LJ-14     Coulomb-14
    2.11859e+02    4.94043e+02    5.78605e+02    2.16991e+02    5.23985e+03
        LJ (SR)  Disper. corr.   Coulomb (SR)   Coul. recip.      Potential
    1.29661e+04   -3.52128e+02   -8.75450e+04    2.36151e+02   -6.79536e+04
    Kinetic En.   Total Energy  Conserved En.    Temperature Pres. DC (bar)
    1.17753e+04   -5.61782e+04   -5.53111e+04    2.97188e+02   -1.24793e+02
 Pressure (bar)   Constr. rmsd
   -3.87989e+02    1.00004e-06


DD  step 669999 load imb.: force  5.7%
           Step           Time
         670000     1340.00000

   Energies (kJ/mol)
           Bond          Angle    Proper Dih.          LJ-14     Coulomb-14
    1.76939e+02    4.32584e+02    6.01803e+02    2.16680e+02    5.37446e+03
        LJ (SR)  Disper. corr.   Coulomb (SR)   Coul. recip.      Potential
    1.30913e+04   -3.52128e+02   -8.73241e+04    2.34534e+02   -6.75479e+04
    Kinetic En.   Total Energy  Conserved En.    Temperature Pres. DC (bar)
    1.18151e+04   -5.57329e+04   -5.53120e+04    2.98191e+02   -1.24793e+02
 Pressure (bar)   Constr. rmsd
   -6.21968e+01    9.82998e-07


DD  step 679999 load imb.: force  3.5%
           Step           Time
         680000     1360.00000

   Energies (kJ/mol)
           Bond          Angle    Proper Dih.          LJ-14     Coulomb-14
    1.86391e+02    4.44556e+02    5.89363e+02    2.23935e+02    5.36939e+03
        LJ (SR)  Disper. corr.   Coulomb (SR)   Coul. recip.      Potential
    1.35314e+04   -3.52128e+02   -8.86200e+04    2.24732e+02   -6.84024e+04
    Kinetic En.   Total Energy  Conserved En.    Temperature Pres. DC (bar)
    1.19663e+04   -5.64360e+04   -5.53104e+04    3.02008e+02   -1.24793e+02
 Pressure (bar)   Constr. rmsd
    1.84636e+02    1.24748e-06


DD  step 689999 load imb.: force  4.9%
           Step           Time
         690000     1380.00000

   Energies (kJ/mol)
           Bond          Angle    Proper Dih.          LJ-14     Coulomb-14
    2.04596e+02    5.38317e+02    6.20511e+02    2.19745e+02    5.35405e+03
        LJ (SR)  Disper. corr.   Coulomb (SR)   Coul. recip.      Potential
    1.35402e+04   -3.52128e+02   -8.84680e+04    2.44862e+02   -6.80978e+04
    Kinetic En.   Total Energy  Conserved En.    Temperature Pres. DC (bar)
    1.15924e+04   -5.65054e+04   -5.52934e+04    2.92572e+02   -1.24793e+02
 Pressure (bar)   Constr. rmsd
    1.19941e+02    2.13936e-06


DD  step 699999 load imb.: force 12.1%
           Step           Time
         700000     1400.00000

   Energies (kJ/mol)
           Bond          Angle    Proper Dih.          LJ-14     Coulomb-14
    1.68348e+02    4.84600e+02    6.10637e+02    2.41673e+02    5.34829e+03
        LJ (SR)  Disper. corr.   Coulomb (SR)   Coul. recip.      Potential
    1.33694e+04   -3.52128e+02   -8.83935e+04    2.29682e+02   -6.82931e+04
    Kinetic En.   Total Energy  Conserved En.    Temperature Pres. DC (bar)
    1.18790e+04   -5.64140e+04   -5.52804e+04    2.99805e+02   -1.24793e+02
 Pressure (bar)   Constr. rmsd
   -4.04186e+00    1.21215e-06


DD  step 709999 load imb.: force  7.9%
           Step           Time
         710000     1420.00000

   Energies (kJ/mol)
           Bond          Angle    Proper Dih.          LJ-14     Coulomb-14
    1.90542e+02    4.06777e+02    5.98116e+02    2.34444e+02    5.36103e+03
        LJ (SR)  Disper. corr.   Coulomb (SR)   Coul. recip.      Potential
    1.28244e+04   -3.52128e+02   -8.73436e+04    2.12217e+02   -6.78681e+04
    Kinetic En.   Total Energy  Conserved En.    Temperature Pres. DC (bar)
    1.17374e+04   -5.61308e+04   -5.52896e+04    2.96229e+02   -1.24793e+02
 Pressure (bar)   Constr. rmsd
   -2.70204e+02    1.14920e-06


DD  step 719999 load imb.: force  6.8%
           Step           Time
         720000     1440.00000

   Energies (kJ/mol)
           Bond          Angle    Proper Dih.          LJ-14     Coulomb-14
    1.97949e+02    4.85219e+02    6.14679e+02    2.37862e+02    5.52774e+03
        LJ (SR)  Disper. corr.   Coulomb (SR)   Coul. recip.      Potential
    1.33944e+04   -3.52128e+02   -8.84094e+04    2.29005e+02   -6.80746e+04
    Kinetic En.   Total Energy  Conserved En.    Temperature Pres. DC (bar)
    1.18152e+04   -5.62593e+04   -5.52796e+04    2.98195e+02   -1.24793e+02
 Pressure (bar)   Constr. rmsd
    5.17017e+01    1.19417e-06


DD  step 729999 load imb.: force 11.2%
           Step           Time
         730000     1460.00000

   Energies (kJ/mol)
           Bond          Angle    Proper Dih.          LJ-14     Coulomb-14
    2.47416e+02    5.26629e+02    6.05901e+02    2.11588e+02    5.31228e+03
        LJ (SR)  Disper. corr.   Coulomb (SR)   Coul. recip.      Potential
    1.35247e+04   -3.52128e+02   -8.88404e+04    2.21273e+02   -6.85428e+04
    Kinetic En.   Total Energy  Conserved En.    Temperature Pres. DC (bar)
    1.18897e+04   -5.66530e+04   -5.52640e+04    3.00075e+02   -1.24793e+02
 Pressure (bar)   Constr. rmsd
   -4.65829e+02    1.39662e-06


DD  step 739999 load imb.: force 10.1%
           Step           Time
         740000     1480.00000

   Energies (kJ/mol)
           Bond          Angle    Proper Dih.          LJ-14     Coulomb-14
    1.94445e+02    5.25911e+02    6.16611e+02    2.40947e+02    5.44324e+03
        LJ (SR)  Disper. corr.   Coulomb (SR)   Coul. recip.      Potential
    1.38201e+04   -3.52128e+02   -8.86881e+04    2.26031e+02   -6.79729e+04
    Kinetic En.   Total Energy  Conserved En.    Temperature Pres. DC (bar)
    1.20510e+04   -5.59218e+04   -5.52524e+04    3.04146e+02   -1.24793e+02
 Pressure (bar)   Constr. rmsd
    7.57347e+02    3.41566e-06


DD  step 749999 load imb.: force  5.4%
           Step           Time
         750000     1500.00000

   Energies (kJ/mol)
           Bond          Angle    Proper Dih.          LJ-14     Coulomb-14
    1.67178e+02    4.66736e+02    6.05039e+02    2.24899e+02    5.32598e+03
        LJ (SR)  Disper. corr.   Coulomb (SR)   Coul. recip.      Potential
    1.31458e+04   -3.52128e+02   -8.83159e+04    2.07508e+02   -6.85249e+04
    Kinetic En.   Total Energy  Conserved En.    Temperature Pres. DC (bar)
    1.18708e+04   -5.66540e+04   -5.52425e+04    2.99598e+02   -1.24793e+02
 Pressure (bar)   Constr. rmsd
   -2.87173e+02    1.66341e-06


DD  step 759999 load imb.: force 12.0%
           Step           Time
         760000     1520.00000

   Energies (kJ/mol)
           Bond          Angle    Proper Dih.          LJ-14     Coulomb-14
    2.12768e+02    4.21960e+02    5.88806e+02    2.10788e+02    5.36490e+03
        LJ (SR)  Disper. corr.   Coulomb (SR)   Coul. recip.      Potential
    1.29830e+04   -3.52128e+02   -8.79559e+04    2.23867e+02   -6.83019e+04
    Kinetic En.   Total Energy  Conserved En.    Temperature Pres. DC (bar)
    1.17624e+04   -5.65395e+04   -5.52365e+04    2.96862e+02   -1.24793e+02
 Pressure (bar)   Constr. rmsd
   -7.91947e+02    1.52633e-06


DD  step 769999 load imb.: force 10.2%
           Step           Time
         770000     1540.00000

   Energies (kJ/mol)
           Bond          Angle    Proper Dih.          LJ-14     Coulomb-14
    2.33618e+02    5.23150e+02    5.81714e+02    2.22455e+02    5.39642e+03
        LJ (SR)  Disper. corr.   Coulomb (SR)   Coul. recip.      Potential
    1.31272e+04   -3.52128e+02   -8.82108e+04    2.18026e+02   -6.82604e+04
    Kinetic En.   Total Energy  Conserved En.    Temperature Pres. DC (bar)
    1.19519e+04   -5.63085e+04   -5.52207e+04    3.01643e+02   -1.24793e+02
 Pressure (bar)   Constr. rmsd
   -4.73689e+02    1.34768e-06


DD  step 779999 load imb.: force 10.5%
           Step           Time
         780000     1560.00000

   Energies (kJ/mol)
           Bond          Angle    Proper Dih.          LJ-14     Coulomb-14
    1.74801e+02    4.80141e+02    5.98081e+02    2.44376e+02    5.42397e+03
        LJ (SR)  Disper. corr.   Coulomb (SR)   Coul. recip.      Potential
    1.34266e+04   -3.52128e+02   -8.83405e+04    2.11043e+02   -6.81336e+04
    Kinetic En.   Total Energy  Conserved En.    Temperature Pres. DC (bar)
    1.23427e+04   -5.57909e+04   -5.52218e+04    3.11508e+02   -1.24793e+02
 Pressure (bar)   Constr. rmsd
    6.57502e+02    1.02615e-06


DD  step 789999 load imb.: force 11.3%
           Step           Time
         790000     1580.00000

   Energies (kJ/mol)
           Bond          Angle    Proper Dih.          LJ-14     Coulomb-14
    2.21820e+02    5.43433e+02    5.97132e+02    2.13393e+02    5.33436e+03
        LJ (SR)  Disper. corr.   Coulomb (SR)   Coul. recip.      Potential
    1.33780e+04   -3.52128e+02   -8.77420e+04    2.15454e+02   -6.75905e+04
    Kinetic En.   Total Energy  Conserved En.    Temperature Pres. DC (bar)
    1.18977e+04   -5.56928e+04   -5.51998e+04    3.00275e+02   -1.24793e+02
 Pressure (bar)   Constr. rmsd
    6.95186e+01    1.48537e-06


DD  step 799999 load imb.: force 10.3%
           Step           Time
         800000     1600.00000

   Energies (kJ/mol)
           Bond          Angle    Proper Dih.          LJ-14     Coulomb-14
    1.91280e+02    5.36980e+02    6.19402e+02    2.18026e+02    5.34288e+03
        LJ (SR)  Disper. corr.   Coulomb (SR)   Coul. recip.      Potential
    1.28897e+04   -3.52128e+02   -8.79504e+04    2.17767e+02   -6.82865e+04
    Kinetic En.   Total Energy  Conserved En.    Temperature Pres. DC (bar)
    1.20042e+04   -5.62823e+04   -5.51980e+04    3.02963e+02   -1.24793e+02
 Pressure (bar)   Constr. rmsd
   -7.27408e+02    1.53628e-06


DD  step 809999 load imb.: force 13.8%
           Step           Time
         810000     1620.00000

   Energies (kJ/mol)
           Bond          Angle    Proper Dih.          LJ-14     Coulomb-14
    1.80979e+02    5.02805e+02    6.03874e+02    2.23956e+02    5.44641e+03
        LJ (SR)  Disper. corr.   Coulomb (SR)   Coul. recip.      Potential
    1.28581e+04   -3.52128e+02   -8.78142e+04    2.22126e+02   -6.81280e+04
    Kinetic En.   Total Energy  Conserved En.    Temperature Pres. DC (bar)
    1.19852e+04   -5.61429e+04   -5.51914e+04    3.02483e+02   -1.24793e+02
 Pressure (bar)   Constr. rmsd
   -5.68560e+02    1.55784e-06


DD  step 819999 load imb.: force  9.4%
           Step           Time
         820000     1640.00000

   Energies (kJ/mol)
           Bond          Angle    Proper Dih.          LJ-14     Coulomb-14
    2.46979e+02    5.42095e+02    5.90594e+02    2.16361e+02    5.25069e+03
        LJ (SR)  Disper. corr.   Coulomb (SR)   Coul. recip.      Potential
    1.33919e+04   -3.52128e+02   -8.82806e+04    2.28641e+02   -6.81655e+04
    Kinetic En.   Total Energy  Conserved En.    Temperature Pres. DC (bar)
    1.19465e+04   -5.62190e+04   -5.51729e+04    3.01508e+02   -1.24793e+02
 Pressure (bar)   Constr. rmsd
   -2.67904e+02    8.95829e-07


DD  step 829999 load imb.: force  6.1%
           Step           Time
         830000     1660.00000

   Energies (kJ/mol)
           Bond          Angle    Proper Dih.          LJ-14     Coulomb-14
    1.71744e+02    5.58697e+02    5.94522e+02    2.31305e+02    5.34049e+03
        LJ (SR)  Disper. corr.   Coulomb (SR)   Coul. recip.      Potential
    1.33560e+04   -3.52128e+02   -8.82108e+04    2.13768e+02   -6.80963e+04
    Kinetic En.   Total Energy  Conserved En.    Temperature Pres. DC (bar)
    1.20594e+04   -5.60369e+04   -5.51663e+04    3.04357e+02   -1.24793e+02
 Pressure (bar)   Constr. rmsd
    1.08686e+02    2.13345e-06


DD  step 839999 load imb.: force 10.1%
           Step           Time
         840000     1680.00000

   Energies (kJ/mol)
           Bond          Angle    Proper Dih.          LJ-14     Coulomb-14
    2.31867e+02    5.30174e+02    6.32045e+02    2.28355e+02    5.36595e+03
        LJ (SR)  Disper. corr.   Coulomb (SR)   Coul. recip.      Potential
    1.33372e+04   -3.52128e+02   -8.84248e+04    2.10948e+02   -6.82403e+04
    Kinetic En.   Total Energy  Conserved En.    Temperature Pres. DC (bar)
    1.17755e+04   -5.64648e+04   -5.51602e+04    2.97192e+02   -1.24793e+02
 Pressure (bar)   Constr. rmsd
   -3.47133e+02    8.68880e-07


DD  step 849999 load imb.: force  8.8%
           Step           Time
         850000     1700.00000

   Energies (kJ/mol)
           Bond          Angle    Proper Dih.          LJ-14     Coulomb-14
    2.08399e+02    5.12599e+02    6.05899e+02    2.25975e+02    5.28551e+03
        LJ (SR)  Disper. corr.   Coulomb (SR)   Coul. recip.      Potential
    1.32660e+04   -3.52128e+02   -8.81031e+04    2.22976e+02   -6.81278e+04
    Kinetic En.   Total Energy  Conserved En.    Temperature Pres. DC (bar)
    1.19883e+04   -5.61395e+04   -5.51639e+04    3.02563e+02   -1.24793e+02
 Pressure (bar)   Constr. rmsd
   -2.51856e+02    1.47639e-06


DD  step 859999 load imb.: force 11.4%
           Step           Time
         860000     1720.00000

   Energies (kJ/mol)
           Bond          Angle    Proper Dih.          LJ-14     Coulomb-14
    2.20855e+02    4.72541e+02    6.17325e+02    2.22450e+02    5.47894e+03
        LJ (SR)  Disper. corr.   Coulomb (SR)   Coul. recip.      Potential
    1.26531e+04   -3.52128e+02   -8.72141e+04    2.23436e+02   -6.76775e+04
    Kinetic En.   Total Energy  Conserved En.    Temperature Pres. DC (bar)
    1.18542e+04   -5.58233e+04   -5.51560e+04    2.99177e+02   -1.24793e+02
 Pressure (bar)   Constr. rmsd
   -7.29662e+02    8.81330e-07


DD  step 869999 load imb.: force 28.1%
           Step           Time
         870000     1740.00000

   Energies (kJ/mol)
           Bond          Angle    Proper Dih.          LJ-14     Coulomb-14
    2.00758e+02    5.10839e+02    5.90423e+02    2.01573e+02    5.35478e+03
        LJ (SR)  Disper. corr.   Coulomb (SR)   Coul. recip.      Potential
    1.28517e+04   -3.52128e+02   -8.73259e+04    2.37425e+02   -6.77305e+04
    Kinetic En.   Total Energy  Conserved En.    Temperature Pres. DC (bar)
    1.20207e+04   -5.57098e+04   -5.51447e+04    3.03380e+02   -1.24793e+02
 Pressure (bar)   Constr. rmsd
   -3.72997e+02    1.09038e-06


DD  step 879999 load imb.: force  8.7%
           Step           Time
         880000     1760.00000

   Energies (kJ/mol)
           Bond          Angle    Proper Dih.          LJ-14     Coulomb-14
    1.74492e+02    5.36692e+02    6.26817e+02    2.36420e+02    5.27313e+03
        LJ (SR)  Disper. corr.   Coulomb (SR)   Coul. recip.      Potential
    1.30265e+04   -3.52128e+02   -8.80450e+04    2.09973e+02   -6.83131e+04
    Kinetic En.   Total Energy  Conserved En.    Temperature Pres. DC (bar)
    1.20351e+04   -5.62780e+04   -5.51390e+04    3.03743e+02   -1.24793e+02
 Pressure (bar)   Constr. rmsd
   -2.66771e+02    8.95112e-07


DD  step 889999 load imb.: force 10.0%
           Step           Time
         890000     1780.00000

   Energies (kJ/mol)
           Bond          Angle    Proper Dih.          LJ-14     Coulomb-14
    2.24135e+02    5.70519e+02    6.12297e+02    2.13311e+02    5.31364e+03
        LJ (SR)  Disper. corr.   Coulomb (SR)   Coul. recip.      Potential
    1.37192e+04   -3.52128e+02   -8.86086e+04    1.98420e+02   -6.81092e+04
    Kinetic En.   Total Energy  Conserved En.    Temperature Pres. DC (bar)
    1.18815e+04   -5.62277e+04   -5.51220e+04    2.99867e+02   -1.24793e+02
 Pressure (bar)   Constr. rmsd
    2.31736e+02    2.13688e-06


DD  step 899999 load imb.: force 13.5%
           Step           Time
         900000     1800.00000

   Energies (kJ/mol)
           Bond          Angle    Proper Dih.          LJ-14     Coulomb-14
    1.92764e+02    5.45160e+02    5.88574e+02    2.09013e+02    5.20293e+03
        LJ (SR)  Disper. corr.   Coulomb (SR)   Coul. recip.      Potential
    1.27374e+04   -3.52128e+02   -8.70153e+04    2.30619e+02   -6.76611e+04
    Kinetic En.   Total Energy  Conserved En.    Temperature Pres. DC (bar)
    1.18795e+04   -5.57816e+04   -5.51178e+04    2.99816e+02   -1.24793e+02
 Pressure (bar)   Constr. rmsd
   -6.70184e+02    1.04561e-06


DD  step 909999 load imb.: force 15.3%
           Step           Time
         910000     1820.00000

   Energies (kJ/mol)
           Bond          Angle    Proper Dih.          LJ-14     Coulomb-14
    1.95585e+02    4.33050e+02    5.88481e+02    2.25397e+02    5.29039e+03
        LJ (SR)  Disper. corr.   Coulomb (SR)   Coul. recip.      Potential
    1.29734e+04   -3.52128e+02   -8.71633e+04    2.33711e+02   -6.75754e+04
    Kinetic En.   Total Energy  Conserved En.    Temperature Pres. DC (bar)
    1.19246e+04   -5.56508e+04   -5.51164e+04    3.00956e+02   -1.24793e+02
 Pressure (bar)   Constr. rmsd
   -3.09857e+02    1.79188e-06


DD  step 919999 load imb.: force  8.1%
           Step           Time
         920000     1840.00000

   Energies (kJ/mol)
           Bond          Angle    Proper Dih.          LJ-14     Coulomb-14
    1.97592e+02    4.76869e+02    5.99234e+02    2.15576e+02    5.28271e+03
        LJ (SR)  Disper. corr.   Coulomb (SR)   Coul. recip.      Potential
    1.29477e+04   -3.52128e+02   -8.73528e+04    2.35409e+02   -6.77499e+04
    Kinetic En.   Total Energy  Conserved En.    Temperature Pres. DC (bar)
    1.17410e+04   -5.60089e+04   -5.51048e+04    2.96321e+02   -1.24793e+02
 Pressure (bar)   Constr. rmsd
   -2.68416e+02    1.40217e-06


DD  step 929999 load imb.: force 10.7%
           Step           Time
         930000     1860.00000

   Energies (kJ/mol)
           Bond          Angle    Proper Dih.          LJ-14     Coulomb-14
    2.18506e+02    4.96951e+02    5.90821e+02    2.22461e+02    5.34162e+03
        LJ (SR)  Disper. corr.   Coulomb (SR)   Coul. recip.      Potential
    1.38838e+04   -3.52128e+02   -8.89842e+04    2.14504e+02   -6.83676e+04
    Kinetic En.   Total Energy  Conserved En.    Temperature Pres. DC (bar)
    1.22641e+04   -5.61036e+04   -5.51013e+04    3.09523e+02   -1.24793e+02
 Pressure (bar)   Constr. rmsd
    3.54612e+02    2.29987e-06


DD  step 939999 load imb.: force  8.2%
           Step           Time
         940000     1880.00000

   Energies (kJ/mol)
           Bond          Angle    Proper Dih.          LJ-14     Coulomb-14
    1.75272e+02    4.93900e+02    5.88728e+02    2.22519e+02    5.47679e+03
        LJ (SR)  Disper. corr.   Coulomb (SR)   Coul. recip.      Potential
    1.35661e+04   -3.52128e+02   -8.87756e+04    2.16893e+02   -6.83875e+04
    Kinetic En.   Total Energy  Conserved En.    Temperature Pres. DC (bar)
    1.20936e+04   -5.62939e+04   -5.50959e+04    3.05220e+02   -1.24793e+02
 Pressure (bar)   Constr. rmsd
    1.68644e+02    7.42214e-07


DD  step 949999 load imb.: force 26.2%
           Step           Time
         950000     1900.00000

   Energies (kJ/mol)
           Bond          Angle    Proper Dih.          LJ-14     Coulomb-14
    2.08568e+02    4.61738e+02    5.81574e+02    2.09989e+02    5.37093e+03
        LJ (SR)  Disper. corr.   Coulomb (SR)   Coul. recip.      Potential
    1.31027e+04   -3.52128e+02   -8.78982e+04    2.41177e+02   -6.80737e+04
    Kinetic En.   Total Energy  Conserved En.    Temperature Pres. DC (bar)
    1.18639e+04   -5.62097e+04   -5.50836e+04    2.99423e+02   -1.24793e+02
 Pressure (bar)   Constr. rmsd
   -3.72064e+02    1.10378e-06


DD  step 959999 load imb.: force  5.9%
           Step           Time
         960000     1920.00000

   Energies (kJ/mol)
           Bond          Angle    Proper Dih.          LJ-14     Coulomb-14
    1.27617e+02    4.63463e+02    6.16585e+02    2.39115e+02    5.41321e+03
        LJ (SR)  Disper. corr.   Coulomb (SR)   Coul. recip.      Potential
    1.34753e+04   -3.52128e+02   -8.82244e+04    2.10464e+02   -6.80308e+04
    Kinetic En.   Total Energy  Conserved En.    Temperature Pres. DC (bar)
    1.17526e+04   -5.62781e+04   -5.50685e+04    2.96615e+02   -1.24793e+02
 Pressure (bar)   Constr. rmsd
    5.21516e+02    1.26411e-06


DD  step 969999 load imb.: force 10.4%
           Step           Time
         970000     1940.00000

   Energies (kJ/mol)
           Bond          Angle    Proper Dih.          LJ-14     Coulomb-14
    2.26678e+02    4.59197e+02    5.99075e+02    2.26019e+02    5.46527e+03
        LJ (SR)  Disper. corr.   Coulomb (SR)   Coul. recip.      Potential
    1.28841e+04   -3.52128e+02   -8.74090e+04    2.11377e+02   -6.76894e+04
    Kinetic En.   Total Energy  Conserved En.    Temperature Pres. DC (bar)
    1.17736e+04   -5.59159e+04   -5.50600e+04    2.97143e+02   -1.24793e+02
 Pressure (bar)   Constr. rmsd
   -3.37998e+02    1.17638e-06


DD  step 979999 load imb.: force  8.3%
           Step           Time
         980000     1960.00000

   Energies (kJ/mol)
           Bond          Angle    Proper Dih.          LJ-14     Coulomb-14
    1.76429e+02    4.66740e+02    5.82629e+02    2.16512e+02    5.40855e+03
        LJ (SR)  Disper. corr.   Coulomb (SR)   Coul. recip.      Potential
    1.28248e+04   -3.52128e+02   -8.76815e+04    2.19392e+02   -6.81386e+04
    Kinetic En.   Total Energy  Conserved En.    Temperature Pres. DC (bar)
    1.18761e+04   -5.62625e+04   -5.50588e+04    2.99731e+02   -1.24793e+02
 Pressure (bar)   Constr. rmsd
   -7.18668e+02    9.59459e-07


DD  step 989999 load imb.: force  7.6%
           Step           Time
         990000     1980.00000

   Energies (kJ/mol)
           Bond          Angle    Proper Dih.          LJ-14     Coulomb-14
    2.28391e+02    4.29245e+02    5.87654e+02    2.06903e+02    5.38397e+03
        LJ (SR)  Disper. corr.   Coulomb (SR)   Coul. recip.      Potential
    1.31669e+04   -3.52128e+02   -8.77260e+04    2.36086e+02   -6.78390e+04
    Kinetic En.   Total Energy  Conserved En.    Temperature Pres. DC (bar)
    1.16065e+04   -5.62324e+04   -5.50366e+04    2.92927e+02   -1.24793e+02
 Pressure (bar)   Constr. rmsd
   -1.87307e+02    1.47719e-06


DD  step 999999 load imb.: force  6.5%
           Step           Time
        1000000     2000.00000

   Energies (kJ/mol)
           Bond          Angle    Proper Dih.          LJ-14     Coulomb-14
    2.13615e+02    5.63111e+02    5.98082e+02    1.99281e+02    5.31882e+03
        LJ (SR)  Disper. corr.   Coulomb (SR)   Coul. recip.      Potential
    1.33257e+04   -3.52128e+02   -8.78665e+04    2.27292e+02   -6.77727e+04
    Kinetic En.   Total Energy  Conserved En.    Temperature Pres. DC (bar)
    1.21522e+04   -5.56205e+04   -5.50369e+04    3.06699e+02   -1.24793e+02
 Pressure (bar)   Constr. rmsd
   -2.41450e+02    3.46367e-06


DD  step 1009999 load imb.: force  4.8%
           Step           Time
        1010000     2020.00000

   Energies (kJ/mol)
           Bond          Angle    Proper Dih.          LJ-14     Coulomb-14
    2.41011e+02    5.17302e+02    6.00166e+02    2.23511e+02    5.20090e+03
        LJ (SR)  Disper. corr.   Coulomb (SR)   Coul. recip.      Potential
    1.29378e+04   -3.52128e+02   -8.76513e+04    2.34883e+02   -6.80479e+04
    Kinetic En.   Total Energy  Conserved En.    Temperature Pres. DC (bar)
    1.17121e+04   -5.63358e+04   -5.50259e+04    2.95592e+02   -1.24793e+02
 Pressure (bar)   Constr. rmsd
   -7.04424e+02    1.03455e-06


DD  step 1019999 load imb.: force  8.2%
           Step           Time
        1020000     2040.00000

   Energies (kJ/mol)
           Bond          Angle    Proper Dih.          LJ-14     Coulomb-14
    1.67051e+02    4.47055e+02    5.94906e+02    2.43590e+02    5.54488e+03
        LJ (SR)  Disper. corr.   Coulomb (SR)   Coul. recip.      Potential
    1.31688e+04   -3.52128e+02   -8.80482e+04    2.58358e+02   -6.79757e+04
    Kinetic En.   Total Energy  Conserved En.    Temperature Pres. DC (bar)
    1.15796e+04   -5.63961e+04   -5.50181e+04    2.92248e+02   -1.24793e+02
 Pressure (bar)   Constr. rmsd
    9.31370e+01    9.11845e-07


DD  step 1029999 load imb.: force 14.7%
           Step           Time
        1030000     2060.00000

   Energies (kJ/mol)
           Bond          Angle    Proper Dih.          LJ-14     Coulomb-14
    1.88678e+02    4.72628e+02    6.11350e+02    2.17737e+02    5.48050e+03
        LJ (SR)  Disper. corr.   Coulomb (SR)   Coul. recip.      Potential
    1.32898e+04   -3.52128e+02   -8.82329e+04    2.50668e+02   -6.80736e+04
    Kinetic En.   Total Energy  Conserved En.    Temperature Pres. DC (bar)
    1.17182e+04   -5.63553e+04   -5.50030e+04    2.95746e+02   -1.24793e+02
 Pressure (bar)   Constr. rmsd
   -3.44149e+01    1.83501e-06


DD  step 1039999 load imb.: force 10.6%
           Step           Time
        1040000     2080.00000

   Energies (kJ/mol)
           Bond          Angle    Proper Dih.          LJ-14     Coulomb-14
    1.74939e+02    4.61386e+02    6.13690e+02    2.26601e+02    5.45836e+03
        LJ (SR)  Disper. corr.   Coulomb (SR)   Coul. recip.      Potential
    1.30869e+04   -3.52128e+02   -8.76436e+04    2.00741e+02   -6.77731e+04
    Kinetic En.   Total Energy  Conserved En.    Temperature Pres. DC (bar)
    1.17858e+04   -5.59872e+04   -5.50007e+04    2.97453e+02   -1.24793e+02
 Pressure (bar)   Constr. rmsd
    6.72482e+00    1.32290e-06


DD  step 1049999 load imb.: force  9.9%
           Step           Time
        1050000     2100.00000

   Energies (kJ/mol)
           Bond          Angle    Proper Dih.          LJ-14     Coulomb-14
    1.99765e+02    5.16031e+02    6.20639e+02    2.07950e+02    5.39713e+03
        LJ (SR)  Disper. corr.   Coulomb (SR)   Coul. recip.      Potential
    1.34243e+04   -3.52128e+02   -8.80103e+04    2.47766e+02   -6.77489e+04
    Kinetic En.   Total Energy  Conserved En.    Temperature Pres. DC (bar)
    1.18045e+04   -5.59444e+04   -5.49909e+04    2.97924e+02   -1.24793e+02
 Pressure (bar)   Constr. rmsd
    1.69093e+02    1.40929e-06


DD  step 1059999 load imb.: force  6.2%
           Step           Time
        1060000     2120.00000

   Energies (kJ/mol)
           Bond          Angle    Proper Dih.          LJ-14     Coulomb-14
    1.81646e+02    4.86640e+02    5.97116e+02    2.33468e+02    5.26071e+03
        LJ (SR)  Disper. corr.   Coulomb (SR)   Coul. recip.      Potential
    1.33381e+04   -3.52128e+02   -8.80132e+04    2.24072e+02   -6.80436e+04
    Kinetic En.   Total Energy  Conserved En.    Temperature Pres. DC (bar)
    1.16709e+04   -5.63727e+04   -5.49824e+04    2.94551e+02   -1.24793e+02
 Pressure (bar)   Constr. rmsd
    1.03488e+02    6.34978e-07


DD  step 1069999 load imb.: force 10.7%
           Step           Time
        1070000     2140.00000

   Energies (kJ/mol)
           Bond          Angle    Proper Dih.          LJ-14     Coulomb-14
    2.16960e+02    4.99551e+02    5.95639e+02    2.24790e+02    5.29452e+03
        LJ (SR)  Disper. corr.   Coulomb (SR)   Coul. recip.      Potential
    1.33147e+04   -3.52128e+02   -8.80779e+04    2.31761e+02   -6.80521e+04
    Kinetic En.   Total Energy  Conserved En.    Temperature Pres. DC (bar)
    1.18183e+04   -5.62338e+04   -5.49700e+04    2.98271e+02   -1.24793e+02
 Pressure (bar)   Constr. rmsd
    1.53109e+00    1.40418e-06


DD  step 1079999 load imb.: force  8.7%
           Step           Time
        1080000     2160.00000

   Energies (kJ/mol)
           Bond          Angle    Proper Dih.          LJ-14     Coulomb-14
    1.99097e+02    4.98620e+02    5.94235e+02    2.40604e+02    5.42504e+03
        LJ (SR)  Disper. corr.   Coulomb (SR)   Coul. recip.      Potential
    1.27488e+04   -3.52128e+02   -8.74999e+04    2.44280e+02   -6.79013e+04
    Kinetic En.   Total Energy  Conserved En.    Temperature Pres. DC (bar)
    1.18515e+04   -5.60498e+04   -5.49693e+04    2.99111e+02   -1.24793e+02
 Pressure (bar)   Constr. rmsd
   -5.94713e+02    1.38098e-06


DD  step 1089999 load imb.: force 12.5%
           Step           Time
        1090000     2180.00000

   Energies (kJ/mol)
           Bond          Angle    Proper Dih.          LJ-14     Coulomb-14
    2.13215e+02    5.20694e+02    6.14739e+02    2.28191e+02    5.33273e+03
        LJ (SR)  Disper. corr.   Coulomb (SR)   Coul. recip.      Potential
    1.29161e+04   -3.52128e+02   -8.75129e+04    2.31030e+02   -6.78083e+04
    Kinetic En.   Total Energy  Conserved En.    Temperature Pres. DC (bar)
    1.16126e+04   -5.61957e+04   -5.49585e+04    2.93081e+02   -1.24793e+02
 Pressure (bar)   Constr. rmsd
   -4.29294e+02    1.66597e-06


DD  step 1099999 load imb.: force  8.2%
           Step           Time
        1100000     2200.00000

   Energies (kJ/mol)
           Bond          Angle    Proper Dih.          LJ-14     Coulomb-14
    1.78525e+02    5.22910e+02    5.87077e+02    2.12090e+02    5.19965e+03
        LJ (SR)  Disper. corr.   Coulomb (SR)   Coul. recip.      Potential
    1.35019e+04   -3.52128e+02   -8.80648e+04    2.09485e+02   -6.80054e+04
    Kinetic En.   Total Energy  Conserved En.    Temperature Pres. DC (bar)
    1.17469e+04   -5.62584e+04   -5.49637e+04    2.96470e+02   -1.24793e+02
 Pressure (bar)   Constr. rmsd
    3.08827e+02    8.85104e-07


DD  step 1109999 load imb.: force  7.2%
           Step           Time
        1110000     2220.00000

   Energies (kJ/mol)
           Bond          Angle    Proper Dih.          LJ-14     Coulomb-14
    2.40796e+02    4.63213e+02    5.89828e+02    1.95429e+02    5.43160e+03
        LJ (SR)  Disper. corr.   Coulomb (SR)   Coul. recip.      Potential
    1.30376e+04   -3.52128e+02   -8.74900e+04    2.63529e+02   -6.76201e+04
    Kinetic En.   Total Energy  Conserved En.    Temperature Pres. DC (bar)
    1.18330e+04   -5.57871e+04   -5.49460e+04    2.98643e+02   -1.24793e+02
 Pressure (bar)   Constr. rmsd
   -3.02205e+02    1.05391e-06


DD  step 1119999 load imb.: force  7.6%
           Step           Time
        1120000     2240.00000

   Energies (kJ/mol)
           Bond          Angle    Proper Dih.          LJ-14     Coulomb-14
    2.22311e+02    4.95197e+02    6.05708e+02    2.17910e+02    5.42042e+03
        LJ (SR)  Disper. corr.   Coulomb (SR)   Coul. recip.      Potential
    1.28551e+04   -3.52128e+02   -8.79720e+04    2.43335e+02   -6.82642e+04
    Kinetic En.   Total Energy  Conserved En.    Temperature Pres. DC (bar)
    1.18107e+04   -5.64535e+04   -5.49449e+04    2.98079e+02   -1.24793e+02
 Pressure (bar)   Constr. rmsd
   -7.27830e+02    1.18039e-06


DD  step 1129999 load imb.: force 10.3%
           Step           Time
        1130000     2260.00000

   Energies (kJ/mol)
           Bond          Angle    Proper Dih.          LJ-14     Coulomb-14
    1.86977e+02    4.93091e+02    6.01406e+02    1.90490e+02    5.36837e+03
        LJ (SR)  Disper. corr.   Coulomb (SR)   Coul. recip.      Potential
    1.32801e+04   -3.52128e+02   -8.78947e+04    2.62352e+02   -6.78640e+04
    Kinetic En.   Total Energy  Conserved En.    Temperature Pres. DC (bar)
    1.20363e+04   -5.58278e+04   -5.49405e+04    3.03773e+02   -1.24793e+02
 Pressure (bar)   Constr. rmsd
   -1.45041e+02    1.01584e-06


DD  step 1139999 load imb.: force  9.3%
           Step           Time
        1140000     2280.00000

   Energies (kJ/mol)
           Bond          Angle    Proper Dih.          LJ-14     Coulomb-14
    1.92456e+02    5.10537e+02    5.77641e+02    2.38258e+02    5.27092e+03
        LJ (SR)  Disper. corr.   Coulomb (SR)   Coul. recip.      Potential
    1.27126e+04   -3.52128e+02   -8.73400e+04    2.46010e+02   -6.79437e+04
    Kinetic En.   Total Energy  Conserved En.    Temperature Pres. DC (bar)
    1.19999e+04   -5.59437e+04   -5.49339e+04    3.02856e+02   -1.24793e+02
 Pressure (bar)   Constr. rmsd
   -3.90780e+02    2.31806e-06


DD  step 1149999 load imb.: force  9.4%
           Step           Time
        1150000     2300.00000

   Energies (kJ/mol)
           Bond          Angle    Proper Dih.          LJ-14     Coulomb-14
    1.76794e+02    4.69073e+02    5.79313e+02    2.27153e+02    5.38560e+03
        LJ (SR)  Disper. corr.   Coulomb (SR)   Coul. recip.      Potential
    1.34363e+04   -3.52128e+02   -8.84624e+04    2.04215e+02   -6.83361e+04
    Kinetic En.   Total Energy  Conserved En.    Temperature Pres. DC (bar)
    1.19939e+04   -5.63422e+04   -5.49242e+04    3.02704e+02   -1.24793e+02
 Pressure (bar)   Constr. rmsd
   -8.65567e+01    1.06796e-06


DD  step 1159999 load imb.: force  4.9%
           Step           Time
        1160000     2320.00000

   Energies (kJ/mol)
           Bond          Angle    Proper Dih.          LJ-14     Coulomb-14
    1.92659e+02    4.99045e+02    6.19975e+02    2.54323e+02    5.41443e+03
        LJ (SR)  Disper. corr.   Coulomb (SR)   Coul. recip.      Potential
    1.31020e+04   -3.52128e+02   -8.81717e+04    2.39092e+02   -6.82023e+04
    Kinetic En.   Total Energy  Conserved En.    Temperature Pres. DC (bar)
    1.16479e+04   -5.65544e+04   -5.49173e+04    2.93972e+02   -1.24793e+02
 Pressure (bar)   Constr. rmsd
   -3.96613e+02    1.33151e-06


DD  step 1169999 load imb.: force 14.5%
           Step           Time
        1170000     2340.00000

   Energies (kJ/mol)
           Bond          Angle    Proper Dih.          LJ-14     Coulomb-14
    2.18281e+02    5.79025e+02    6.27402e+02    2.34455e+02    5.27291e+03
        LJ (SR)  Disper. corr.   Coulomb (SR)   Coul. recip.      Potential
    1.32487e+04   -3.52128e+02   -8.82206e+04    2.50612e+02   -6.81413e+04
    Kinetic En.   Total Energy  Conserved En.    Temperature Pres. DC (bar)
    1.19622e+04   -5.61791e+04   -5.49121e+04    3.01905e+02   -1.24793e+02
 Pressure (bar)   Constr. rmsd
   -2.32417e+02    1.55774e-06


DD  step 1179999 load imb.: force  6.1%
           Step           Time
        1180000     2360.00000

   Energies (kJ/mol)
           Bond          Angle    Proper Dih.          LJ-14     Coulomb-14
    2.19117e+02    4.69936e+02    5.92909e+02    2.18189e+02    5.33928e+03
        LJ (SR)  Disper. corr.   Coulomb (SR)   Coul. recip.      Potential
    1.32030e+04   -3.52128e+02   -8.84258e+04    2.18526e+02   -6.85170e+04
    Kinetic En.   Total Energy  Conserved En.    Temperature Pres. DC (bar)
    1.15708e+04   -5.69462e+04   -5.49024e+04    2.92024e+02   -1.24793e+02
 Pressure (bar)   Constr. rmsd
   -5.63249e+02    1.39559e-06


DD  step 1189999 load imb.: force  6.7%
           Step           Time
        1190000     2380.00000

   Energies (kJ/mol)
           Bond          Angle    Proper Dih.          LJ-14     Coulomb-14
    1.32127e+02    4.75045e+02    5.79383e+02    2.15739e+02    5.29656e+03
        LJ (SR)  Disper. corr.   Coulomb (SR)   Coul. recip.      Potential
    1.30581e+04   -3.52128e+02   -8.74403e+04    2.23304e+02   -6.78122e+04
    Kinetic En.   Total Energy  Conserved En.    Temperature Pres. DC (bar)
    1.19321e+04   -5.58800e+04   -5.49022e+04    3.01145e+02   -1.24793e+02
 Pressure (bar)   Constr. rmsd
   -6.24684e+00    2.68744e-06


DD  step 1199999 load imb.: force  5.6%
           Step           Time
        1200000     2400.00000

   Energies (kJ/mol)
           Bond          Angle    Proper Dih.          LJ-14     Coulomb-14
    1.95507e+02    5.30168e+02    5.96188e+02    2.37588e+02    5.27348e+03
        LJ (SR)  Disper. corr.   Coulomb (SR)   Coul. recip.      Potential
    1.31484e+04   -3.52128e+02   -8.75520e+04    2.36939e+02   -6.76858e+04
    Kinetic En.   Total Energy  Conserved En.    Temperature Pres. DC (bar)
    1.19063e+04   -5.57796e+04   -5.48897e+04    3.00492e+02   -1.24793e+02
 Pressure (bar)   Constr. rmsd
   -8.60943e+00    1.34835e-06


DD  step 1209999 load imb.: force 70.6%
           Step           Time
        1210000     2420.00000

   Energies (kJ/mol)
           Bond          Angle    Proper Dih.          LJ-14     Coulomb-14
    1.84044e+02    4.97110e+02    6.04127e+02    2.26741e+02    5.35623e+03
        LJ (SR)  Disper. corr.   Coulomb (SR)   Coul. recip.      Potential
    1.35869e+04   -3.52128e+02   -8.83971e+04    2.31697e+02   -6.80624e+04
    Kinetic En.   Total Energy  Conserved En.    Temperature Pres. DC (bar)
    1.17222e+04   -5.63402e+04   -5.48845e+04    2.95847e+02   -1.24793e+02
 Pressure (bar)   Constr. rmsd
    3.80007e+02    2.47969e-06


DD  step 1219999 load imb.: force  7.3%
           Step           Time
        1220000     2440.00000

   Energies (kJ/mol)
           Bond          Angle    Proper Dih.          LJ-14     Coulomb-14
    1.94294e+02    4.77497e+02    5.92010e+02    2.16652e+02    5.42747e+03
        LJ (SR)  Disper. corr.   Coulomb (SR)   Coul. recip.      Potential
    1.35314e+04   -3.52128e+02   -8.83931e+04    2.27965e+02   -6.80779e+04
    Kinetic En.   Total Energy  Conserved En.    Temperature Pres. DC (bar)
    1.19582e+04   -5.61197e+04   -5.48851e+04    3.01804e+02   -1.24793e+02
 Pressure (bar)   Constr. rmsd
    1.48063e+02    1.69796e-06


DD  step 1229999 load imb.: force  5.2%
           Step           Time
        1230000     2460.00000

   Energies (kJ/mol)
           Bond          Angle    Proper Dih.          LJ-14     Coulomb-14
    2.46957e+02    4.93429e+02    6.03840e+02    2.32871e+02    5.26810e+03
        LJ (SR)  Disper. corr.   Coulomb (SR)   Coul. recip.      Potential
    1.32351e+04   -3.52128e+02   -8.79144e+04    2.27351e+02   -6.79589e+04
    Kinetic En.   Total Energy  Conserved En.    Temperature Pres. DC (bar)
    1.16875e+04   -5.62714e+04   -5.48691e+04    2.94970e+02   -1.24793e+02
 Pressure (bar)   Constr. rmsd
   -3.05201e+02    7.54112e-07


DD  step 1239999 load imb.: force  8.5%
           Step           Time
        1240000     2480.00000

   Energies (kJ/mol)
           Bond          Angle    Proper Dih.          LJ-14     Coulomb-14
    2.23936e+02    5.17743e+02    5.79367e+02    2.08765e+02    5.34611e+03
        LJ (SR)  Disper. corr.   Coulomb (SR)   Coul. recip.      Potential
    1.29561e+04   -3.52128e+02   -8.78595e+04    2.26945e+02   -6.81527e+04
    Kinetic En.   Total Energy  Conserved En.    Temperature Pres. DC (bar)
    1.19909e+04   -5.61618e+04   -5.48616e+04    3.02628e+02   -1.24793e+02
 Pressure (bar)   Constr. rmsd
   -6.07710e+02    1.07793e-06


DD  step 1249999 load imb.: force 17.4%
           Step           Time
        1250000     2500.00000

   Energies (kJ/mol)
           Bond          Angle    Proper Dih.          LJ-14     Coulomb-14
    1.25295e+02    4.70923e+02    6.07130e+02    2.30150e+02    5.28818e+03
        LJ (SR)  Disper. corr.   Coulomb (SR)   Coul. recip.      Potential
    1.35638e+04   -3.52128e+02   -8.80714e+04    2.35252e+02   -6.79028e+04
    Kinetic En.   Total Energy  Conserved En.    Temperature Pres. DC (bar)
    1.22383e+04   -5.56646e+04   -5.48614e+04    3.08871e+02   -1.24793e+02
 Pressure (bar)   Constr. rmsd
    7.29486e+02    1.22325e-06


DD  step 1259999 load imb.: force 39.2%
           Step           Time
        1260000     2520.00000

   Energies (kJ/mol)
           Bond          Angle    Proper Dih.          LJ-14     Coulomb-14
    2.00880e+02    5.20970e+02    6.03693e+02    2.52600e+02    5.30874e+03
        LJ (SR)  Disper. corr.   Coulomb (SR)   Coul. recip.      Potential
    1.28129e+04   -3.52128e+02   -8.77342e+04    2.17749e+02   -6.81688e+04
    Kinetic En.   Total Energy  Conserved En.    Temperature Pres. DC (bar)
    1.21780e+04   -5.59909e+04   -5.48551e+04    3.07349e+02   -1.24793e+02
 Pressure (bar)   Constr. rmsd
   -5.14460e+02    1.60414e-06


DD  step 1269999 load imb.: force 11.0%
           Step           Time
        1270000     2540.00000

   Energies (kJ/mol)
           Bond          Angle    Proper Dih.          LJ-14     Coulomb-14
    1.72831e+02    4.68130e+02    5.87355e+02    2.23587e+02    5.34693e+03
        LJ (SR)  Disper. corr.   Coulomb (SR)   Coul. recip.      Potential
    1.32278e+04   -3.52128e+02   -8.79034e+04    2.11726e+02   -6.80172e+04
    Kinetic En.   Total Energy  Conserved En.    Temperature Pres. DC (bar)
    1.18983e+04   -5.61190e+04   -5.48404e+04    3.00290e+02   -1.24793e+02
 Pressure (bar)   Constr. rmsd
    3.11338e+01    1.29634e-06


DD  step 1279999 load imb.: force  7.1%
           Step           Time
        1280000     2560.00000

   Energies (kJ/mol)
           Bond          Angle    Proper Dih.          LJ-14     Coulomb-14
    2.06406e+02    4.88739e+02    5.87892e+02    2.23986e+02    5.27497e+03
        LJ (SR)  Disper. corr.   Coulomb (SR)   Coul. recip.      Potential
    1.34071e+04   -3.52128e+02   -8.83604e+04    2.33700e+02   -6.82898e+04
    Kinetic En.   Total Energy  Conserved En.    Temperature Pres. DC (bar)
    1.16166e+04   -5.66732e+04   -5.48287e+04    2.93181e+02   -1.24793e+02
 Pressure (bar)   Constr. rmsd
    5.85185e-01    1.12915e-06


DD  step 1289999 load imb.: force  7.4%
           Step           Time
        1290000     2580.00000

   Energies (kJ/mol)
           Bond          Angle    Proper Dih.          LJ-14     Coulomb-14
    2.18260e+02    4.35539e+02    5.97719e+02    2.18493e+02    5.26946e+03
        LJ (SR)  Disper. corr.   Coulomb (SR)   Coul. recip.      Potential
    1.31116e+04   -3.52128e+02   -8.79629e+04    2.46425e+02   -6.82175e+04
    Kinetic En.   Total Energy  Conserved En.    Temperature Pres. DC (bar)
    1.19768e+04   -5.62406e+04   -5.48246e+04    3.02273e+02   -1.24793e+02
 Pressure (bar)   Constr. rmsd
   -2.68385e+02    1.73151e-06


DD  step 1299999 load imb.: force 20.6%
           Step           Time
        1300000     2600.00000

   Energies (kJ/mol)
           Bond          Angle    Proper Dih.          LJ-14     Coulomb-14
    1.98404e+02    4.96341e+02    6.15959e+02    2.39982e+02    5.33450e+03
        LJ (SR)  Disper. corr.   Coulomb (SR)   Coul. recip.      Potential
    1.33139e+04   -3.52128e+02   -8.83661e+04    2.40010e+02   -6.82791e+04
    Kinetic En.   Total Energy  Conserved En.    Temperature Pres. DC (bar)
    1.19108e+04   -5.63683e+04   -5.48123e+04    3.00606e+02   -1.24793e+02
 Pressure (bar)   Constr. rmsd
   -6.63414e+01    9.13886e-07


DD  step 1309999 load imb.: force  9.1%
           Step           Time
        1310000     2620.00000

   Energies (kJ/mol)
           Bond          Angle    Proper Dih.          LJ-14     Coulomb-14
    1.86185e+02    4.41386e+02    5.88631e+02    2.17871e+02    5.32099e+03
        LJ (SR)  Disper. corr.   Coulomb (SR)   Coul. recip.      Potential
    1.30870e+04   -3.52128e+02   -8.79944e+04    2.17536e+02   -6.82869e+04
    Kinetic En.   Total Energy  Conserved En.    Temperature Pres. DC (bar)
    1.19042e+04   -5.63826e+04   -5.48008e+04    3.00441e+02   -1.24793e+02
 Pressure (bar)   Constr. rmsd
   -2.76777e+02    7.72155e-07


DD  step 1319999 load imb.: force 10.0%
           Step           Time
        1320000     2640.00000

   Energies (kJ/mol)
           Bond          Angle    Proper Dih.          LJ-14     Coulomb-14
    1.85683e+02    4.83444e+02    6.02311e+02    2.14152e+02    5.15904e+03
        LJ (SR)  Disper. corr.   Coulomb (SR)   Coul. recip.      Potential
    1.35102e+04   -3.52128e+02   -8.81410e+04    2.29996e+02   -6.81083e+04
    Kinetic En.   Total Energy  Conserved En.    Temperature Pres. DC (bar)
    1.20821e+04   -5.60262e+04   -5.47998e+04    3.04929e+02   -1.24793e+02
 Pressure (bar)   Constr. rmsd
    2.38080e+01    1.18549e-06


DD  step 1329999 load imb.: force  9.0%
           Step           Time
        1330000     2660.00000

   Energies (kJ/mol)
           Bond          Angle    Proper Dih.          LJ-14     Coulomb-14
    2.08940e+02    4.83913e+02    5.85645e+02    2.09322e+02    5.22361e+03
        LJ (SR)  Disper. corr.   Coulomb (SR)   Coul. recip.      Potential
    1.32229e+04   -3.52128e+02   -8.76311e+04    2.33678e+02   -6.78152e+04
    Kinetic En.   Total Energy  Conserved En.    Temperature Pres. DC (bar)
    1.19410e+04   -5.58743e+04   -5.47847e+04    3.01368e+02   -1.24793e+02
 Pressure (bar)   Constr. rmsd
    1.60936e+00    1.84987e-06


DD  step 1339999 load imb.: force 12.0%
           Step           Time
        1340000     2680.00000

   Energies (kJ/mol)
           Bond          Angle    Proper Dih.          LJ-14     Coulomb-14
    1.81215e+02    4.44153e+02    5.71909e+02    2.18872e+02    5.21833e+03
        LJ (SR)  Disper. corr.   Coulomb (SR)   Coul. recip.      Potential
    1.30693e+04   -3.52128e+02   -8.74462e+04    2.37695e+02   -6.78569e+04
    Kinetic En.   Total Energy  Conserved En.    Temperature Pres. DC (bar)
    1.18705e+04   -5.59864e+04   -5.47789e+04    2.99590e+02   -1.24793e+02
 Pressure (bar)   Constr. rmsd
   -8.63744e+01    1.18307e-06


DD  step 1349999 load imb.: force  7.6%
           Step           Time
        1350000     2700.00000

   Energies (kJ/mol)
           Bond          Angle    Proper Dih.          LJ-14     Coulomb-14
    2.29811e+02    4.55431e+02    5.97959e+02    2.78685e+02    5.35543e+03
        LJ (SR)  Disper. corr.   Coulomb (SR)   Coul. recip.      Potential
    1.30252e+04   -3.52128e+02   -8.82660e+04    2.16601e+02   -6.84590e+04
    Kinetic En.   Total Energy  Conserved En.    Temperature Pres. DC (bar)
    1.16878e+04   -5.67712e+04   -5.47689e+04    2.94978e+02   -1.24793e+02
 Pressure (bar)   Constr. rmsd
   -3.24909e+02    1.67421e-06


DD  step 1359999 load imb.: force 14.8%
           Step           Time
        1360000     2720.00000

   Energies (kJ/mol)
           Bond          Angle    Proper Dih.          LJ-14     Coulomb-14
    2.08769e+02    4.85741e+02    5.88452e+02    2.29186e+02    5.33456e+03
        LJ (SR)  Disper. corr.   Coulomb (SR)   Coul. recip.      Potential
    1.31970e+04   -3.52128e+02   -8.81874e+04    2.10705e+02   -6.82851e+04
    Kinetic En.   Total Energy  Conserved En.    Temperature Pres. DC (bar)
    1.16976e+04   -5.65875e+04   -5.47633e+04    2.95225e+02   -1.24793e+02
 Pressure (bar)   Constr. rmsd
   -1.77270e+02    3.49773e-06


DD  step 1369999 load imb.: force  7.3%
           Step           Time
        1370000     2740.00000

   Energies (kJ/mol)
           Bond          Angle    Proper Dih.          LJ-14     Coulomb-14
    1.72501e+02    5.81313e+02    5.84842e+02    2.24631e+02    5.26820e+03
        LJ (SR)  Disper. corr.   Coulomb (SR)   Coul. recip.      Potential
    1.33434e+04   -3.52128e+02   -8.81873e+04    2.46056e+02   -6.81184e+04
    Kinetic En.   Total Energy  Conserved En.    Temperature Pres. DC (bar)
    1.16560e+04   -5.64624e+04   -5.47538e+04    2.94175e+02   -1.24793e+02
 Pressure (bar)   Constr. rmsd
    1.46140e+02    8.26551e-07


DD  step 1379999 load imb.: force 11.6%
           Step           Time
        1380000     2760.00000

   Energies (kJ/mol)
           Bond          Angle    Proper Dih.          LJ-14     Coulomb-14
    1.96839e+02    4.57107e+02    5.90323e+02    2.17283e+02    5.19955e+03
        LJ (SR)  Disper. corr.   Coulomb (SR)   Coul. recip.      Potential
    1.27001e+04   -3.52128e+02   -8.71049e+04    2.22549e+02   -6.78732e+04
    Kinetic En.   Total Energy  Conserved En.    Temperature Pres. DC (bar)
    1.19983e+04   -5.58750e+04   -5.47548e+04    3.02814e+02   -1.24793e+02
 Pressure (bar)   Constr. rmsd
   -6.45353e+02    1.74851e-06


DD  step 1389999 load imb.: force  5.0%
           Step           Time
        1390000     2780.00000

   Energies (kJ/mol)
           Bond          Angle    Proper Dih.          LJ-14     Coulomb-14
    1.88190e+02    4.58117e+02    5.97453e+02    2.04207e+02    5.29788e+03
        LJ (SR)  Disper. corr.   Coulomb (SR)   Coul. recip.      Potential
    1.36423e+04   -3.52128e+02   -8.83403e+04    2.30137e+02   -6.80742e+04
    Kinetic En.   Total Energy  Conserved En.    Temperature Pres. DC (bar)
    1.20262e+04   -5.60480e+04   -5.47358e+04    3.03518e+02   -1.24793e+02
 Pressure (bar)   Constr. rmsd
    4.63652e+02    8.08297e-07


DD  step 1399999 load imb.: force  9.4%
           Step           Time
        1400000     2800.00000

   Energies (kJ/mol)
           Bond          Angle    Proper Dih.          LJ-14     Coulomb-14
    1.80552e+02    4.49199e+02    6.05116e+02    2.18416e+02    5.43674e+03
        LJ (SR)  Disper. corr.   Coulomb (SR)   Coul. recip.      Potential
    1.28036e+04   -3.52128e+02   -8.78860e+04    2.21831e+02   -6.83227e+04
    Kinetic En.   Total Energy  Conserved En.    Temperature Pres. DC (bar)
    1.16049e+04   -5.67178e+04   -5.47255e+04    2.92885e+02   -1.24793e+02
 Pressure (bar)   Constr. rmsd
   -6.98321e+02    1.41065e-06


DD  step 1409999 load imb.: force  7.1%
           Step           Time
        1410000     2820.00000

   Energies (kJ/mol)
           Bond          Angle    Proper Dih.          LJ-14     Coulomb-14
    1.95190e+02    4.64504e+02    5.79020e+02    2.19975e+02    5.17901e+03
        LJ (SR)  Disper. corr.   Coulomb (SR)   Coul. recip.      Potential
    1.35552e+04   -3.52128e+02   -8.78901e+04    2.35499e+02   -6.78138e+04
    Kinetic En.   Total Energy  Conserved En.    Temperature Pres. DC (bar)
    1.19518e+04   -5.58620e+04   -5.47140e+04    3.01642e+02   -1.24793e+02
 Pressure (bar)   Constr. rmsd
    2.80591e+02    7.61108e-07


DD  step 1419999 load imb.: force  6.1%
           Step           Time
        1420000     2840.00000

   Energies (kJ/mol)
           Bond          Angle    Proper Dih.          LJ-14     Coulomb-14
    1.97496e+02    4.61491e+02    5.95196e+02    2.23656e+02    5.19448e+03
        LJ (SR)  Disper. corr.   Coulomb (SR)   Coul. recip.      Potential
    1.30103e+04   -3.52128e+02   -8.78339e+04    2.35926e+02   -6.82675e+04
    Kinetic En.   Total Energy  Conserved En.    Temperature Pres. DC (bar)
    1.18450e+04   -5.64225e+04   -5.47136e+04    2.98946e+02   -1.24793e+02
 Pressure (bar)   Constr. rmsd
   -6.94261e+02    7.71426e-07


DD  step 1429999 load imb.: force  9.0%
           Step           Time
        1430000     2860.00000

   Energies (kJ/mol)
           Bond          Angle    Proper Dih.          LJ-14     Coulomb-14
    1.76286e+02    4.82610e+02    5.69969e+02    2.05025e+02    5.26897e+03
        LJ (SR)  Disper. corr.   Coulomb (SR)   Coul. recip.      Potential
    1.30896e+04   -3.52128e+02   -8.73832e+04    2.45811e+02   -6.76971e+04
    Kinetic En.   Total Energy  Conserved En.    Temperature Pres. DC (bar)
    1.18054e+04   -5.58916e+04   -5.47040e+04    2.97947e+02   -1.24793e+02
 Pressure (bar)   Constr. rmsd
    6.45458e+00    1.94190e-06


DD  step 1439999 load imb.: force  7.9%
           Step           Time
        1440000     2880.00000

   Energies (kJ/mol)
           Bond          Angle    Proper Dih.          LJ-14     Coulomb-14
    2.12437e+02    4.53105e+02    5.99854e+02    2.20075e+02    5.29936e+03
        LJ (SR)  Disper. corr.   Coulomb (SR)   Coul. recip.      Potential
    1.32429e+04   -3.52128e+02   -8.77299e+04    2.44819e+02   -6.78095e+04
    Kinetic En.   Total Energy  Conserved En.    Temperature Pres. DC (bar)
    1.20329e+04   -5.57766e+04   -5.46974e+04    3.03688e+02   -1.24793e+02
 Pressure (bar)   Constr. rmsd
   -1.54892e+01    1.40253e-06


DD  step 1449999 load imb.: force  6.8%
           Step           Time
        1450000     2900.00000

   Energies (kJ/mol)
           Bond          Angle    Proper Dih.          LJ-14     Coulomb-14
    1.62300e+02    4.63084e+02    5.73601e+02    2.17292e+02    5.37286e+03
        LJ (SR)  Disper. corr.   Coulomb (SR)   Coul. recip.      Potential
    1.32112e+04   -3.52128e+02   -8.81945e+04    2.40002e+02   -6.83062e+04
    Kinetic En.   Total Energy  Conserved En.    Temperature Pres. DC (bar)
    1.18905e+04   -5.64157e+04   -5.46874e+04    3.00095e+02   -1.24793e+02
 Pressure (bar)   Constr. rmsd
   -8.95382e+01    1.62692e-06


DD  step 1459999 load imb.: force 10.3%
           Step           Time
        1460000     2920.00000

   Energies (kJ/mol)
           Bond          Angle    Proper Dih.          LJ-14     Coulomb-14
    2.39623e+02    5.69166e+02    5.95303e+02    2.23071e+02    5.20562e+03
        LJ (SR)  Disper. corr.   Coulomb (SR)   Coul. recip.      Potential
    1.37375e+04   -3.52128e+02   -8.82297e+04    2.39561e+02   -6.77720e+04
    Kinetic En.   Total Energy  Conserved En.    Temperature Pres. DC (bar)
    1.16662e+04   -5.61058e+04   -5.46721e+04    2.94434e+02   -1.24793e+02
 Pressure (bar)   Constr. rmsd
    2.33383e+02    1.18055e-06


DD  step 1469999 load imb.: force 11.7%
           Step           Time
        1470000     2940.00000

   Energies (kJ/mol)
           Bond          Angle    Proper Dih.          LJ-14     Coulomb-14
    1.93553e+02    5.15310e+02    5.99005e+02    2.07268e+02    5.22996e+03
        LJ (SR)  Disper. corr.   Coulomb (SR)   Coul. recip.      Potential
    1.30855e+04   -3.52128e+02   -8.77146e+04    2.38343e+02   -6.79978e+04
    Kinetic En.   Total Energy  Conserved En.    Temperature Pres. DC (bar)
    1.16888e+04   -5.63090e+04   -5.46623e+04    2.95002e+02   -1.24793e+02
 Pressure (bar)   Constr. rmsd
   -4.76791e+02    1.19165e-06


DD  step 1479999 load imb.: force  6.0%
           Step           Time
        1480000     2960.00000

   Energies (kJ/mol)
           Bond          Angle    Proper Dih.          LJ-14     Coulomb-14
    1.86756e+02    5.07393e+02    6.06939e+02    2.30280e+02    5.32670e+03
        LJ (SR)  Disper. corr.   Coulomb (SR)   Coul. recip.      Potential
    1.37482e+04   -3.52128e+02   -8.83619e+04    2.42840e+02   -6.78649e+04
    Kinetic En.   Total Energy  Conserved En.    Temperature Pres. DC (bar)
    1.17971e+04   -5.60678e+04   -5.46566e+04    2.97738e+02   -1.24793e+02
 Pressure (bar)   Constr. rmsd
    6.33065e+02    1.04680e-06


DD  step 1489999 load imb.: force  9.6%
           Step           Time
        1490000     2980.00000

   Energies (kJ/mol)
           Bond          Angle    Proper Dih.          LJ-14     Coulomb-14
    1.60806e+02    4.60283e+02    5.78667e+02    2.13496e+02    5.45905e+03
        LJ (SR)  Disper. corr.   Coulomb (SR)   Coul. recip.      Potential
    1.33687e+04   -3.52128e+02   -8.80217e+04    2.45007e+02   -6.78878e+04
    Kinetic En.   Total Energy  Conserved En.    Temperature Pres. DC (bar)
    1.19207e+04   -5.59671e+04   -5.46564e+04    3.00855e+02   -1.24793e+02
 Pressure (bar)   Constr. rmsd
    1.87356e+02    1.65273e-06


DD  step 1499999 load imb.: force  9.1%
           Step           Time
        1500000     3000.00000

   Energies (kJ/mol)
           Bond          Angle    Proper Dih.          LJ-14     Coulomb-14
    2.39249e+02    4.20162e+02    5.93362e+02    2.16770e+02    5.36106e+03
        LJ (SR)  Disper. corr.   Coulomb (SR)   Coul. recip.      Potential
    1.32488e+04   -3.52128e+02   -8.83915e+04    2.31309e+02   -6.84328e+04
    Kinetic En.   Total Energy  Conserved En.    Temperature Pres. DC (bar)
    1.16181e+04   -5.68147e+04   -5.46495e+04    2.93220e+02   -1.24793e+02
 Pressure (bar)   Constr. rmsd
   -2.85580e+02    1.41655e-06


DD  step 1509999 load imb.: force  9.1%
           Step           Time
        1510000     3020.00000

   Energies (kJ/mol)
           Bond          Angle    Proper Dih.          LJ-14     Coulomb-14
    1.99304e+02    4.48406e+02    5.85867e+02    2.19593e+02    5.29008e+03
        LJ (SR)  Disper. corr.   Coulomb (SR)   Coul. recip.      Potential
    1.34319e+04   -3.52128e+02   -8.82074e+04    2.30301e+02   -6.81541e+04
    Kinetic En.   Total Energy  Conserved En.    Temperature Pres. DC (bar)
    1.17246e+04   -5.64295e+04   -5.46317e+04    2.95906e+02   -1.24793e+02
 Pressure (bar)   Constr. rmsd
    2.16439e+01    1.49931e-06


DD  step 1519999 load imb.: force 10.6%
           Step           Time
        1520000     3040.00000

   Energies (kJ/mol)
           Bond          Angle    Proper Dih.          LJ-14     Coulomb-14
    2.22764e+02    5.57703e+02    6.11054e+02    2.12785e+02    5.19258e+03
        LJ (SR)  Disper. corr.   Coulomb (SR)   Coul. recip.      Potential
    1.34937e+04   -3.52128e+02   -8.83632e+04    2.12085e+02   -6.82127e+04
    Kinetic En.   Total Energy  Conserved En.    Temperature Pres. DC (bar)
    1.14346e+04   -5.67782e+04   -5.46167e+04    2.88587e+02   -1.24793e+02
 Pressure (bar)   Constr. rmsd
    5.43594e+01    1.63571e-06


DD  step 1529999 load imb.: force  8.4%
           Step           Time
        1530000     3060.00000

   Energies (kJ/mol)
           Bond          Angle    Proper Dih.          LJ-14     Coulomb-14
    2.14349e+02    4.11346e+02    5.72014e+02    2.16195e+02    5.30414e+03
        LJ (SR)  Disper. corr.   Coulomb (SR)   Coul. recip.      Potential
    1.36890e+04   -3.52128e+02   -8.88478e+04    2.29690e+02   -6.85632e+04
    Kinetic En.   Total Energy  Conserved En.    Temperature Pres. DC (bar)
    1.17967e+04   -5.67665e+04   -5.46214e+04    2.97727e+02   -1.24793e+02
 Pressure (bar)   Constr. rmsd
    1.11082e+02    1.70753e-06


DD  step 1539999 load imb.: force  5.6%
           Step           Time
        1540000     3080.00000

   Energies (kJ/mol)
           Bond          Angle    Proper Dih.          LJ-14     Coulomb-14
    2.00508e+02    4.70795e+02    5.79196e+02    2.08946e+02    5.31701e+03
        LJ (SR)  Disper. corr.   Coulomb (SR)   Coul. recip.      Potential
    1.29842e+04   -3.52128e+02   -8.77075e+04    2.06919e+02   -6.80921e+04
    Kinetic En.   Total Energy  Conserved En.    Temperature Pres. DC (bar)
    1.19383e+04   -5.61538e+04   -5.46142e+04    3.01300e+02   -1.24793e+02
 Pressure (bar)   Constr. rmsd
   -4.54420e+02    7.99403e-07


DD  step 1549999 load imb.: force  7.5%
           Step           Time
        1550000     3100.00000

   Energies (kJ/mol)
           Bond          Angle    Proper Dih.          LJ-14     Coulomb-14
    1.81726e+02    4.90014e+02    5.96426e+02    2.28308e+02    5.30674e+03
        LJ (SR)  Disper. corr.   Coulomb (SR)   Coul. recip.      Potential
    1.35894e+04   -3.52128e+02   -8.81428e+04    2.45375e+02   -6.78570e+04
    Kinetic En.   Total Energy  Conserved En.    Temperature Pres. DC (bar)
    1.16246e+04   -5.62324e+04   -5.46003e+04    2.93384e+02   -1.24793e+02
 Pressure (bar)   Constr. rmsd
    5.75139e+02    9.92699e-07


DD  step 1559999 load imb.: force 10.0%
           Step           Time
        1560000     3120.00000

   Energies (kJ/mol)
           Bond          Angle    Proper Dih.          LJ-14     Coulomb-14
    2.06073e+02    4.80417e+02    5.82931e+02    2.18172e+02    5.37377e+03
        LJ (SR)  Disper. corr.   Coulomb (SR)   Coul. recip.      Potential
    1.34281e+04   -3.52128e+02   -8.85550e+04    2.30011e+02   -6.83876e+04
    Kinetic En.   Total Energy  Conserved En.    Temperature Pres. DC (bar)
    1.17772e+04   -5.66105e+04   -5.45983e+04    2.97233e+02   -1.24793e+02
 Pressure (bar)   Constr. rmsd
   -2.09670e+02    1.75561e-06


DD  step 1569999 load imb.: force  9.1%
           Step           Time
        1570000     3140.00000

   Energies (kJ/mol)
           Bond          Angle    Proper Dih.          LJ-14     Coulomb-14
    2.61292e+02    4.95317e+02    5.82899e+02    1.94834e+02    5.22476e+03
        LJ (SR)  Disper. corr.   Coulomb (SR)   Coul. recip.      Potential
    1.34395e+04   -3.52128e+02   -8.83730e+04    2.31415e+02   -6.82951e+04
    Kinetic En.   Total Energy  Conserved En.    Temperature Pres. DC (bar)
    1.17811e+04   -5.65140e+04   -5.45870e+04    2.97332e+02   -1.24793e+02
 Pressure (bar)   Constr. rmsd
   -1.74031e+02    1.44655e-06


DD  step 1579999 load imb.: force  9.4%
           Step           Time
        1580000     3160.00000

   Energies (kJ/mol)
           Bond          Angle    Proper Dih.          LJ-14     Coulomb-14
    1.99098e+02    4.24202e+02    5.79910e+02    1.90572e+02    5.45682e+03
        LJ (SR)  Disper. corr.   Coulomb (SR)   Coul. recip.      Potential
    1.28831e+04   -3.52128e+02   -8.79658e+04    2.28870e+02   -6.83554e+04
    Kinetic En.   Total Energy  Conserved En.    Temperature Pres. DC (bar)
    1.18664e+04   -5.64890e+04   -5.45936e+04    2.99485e+02   -1.24793e+02
 Pressure (bar)   Constr. rmsd
   -1.11759e+03    8.92200e-07


DD  step 1589999 load imb.: force  5.8%
           Step           Time
        1590000     3180.00000

   Energies (kJ/mol)
           Bond          Angle    Proper Dih.          LJ-14     Coulomb-14
    2.46688e+02    5.12695e+02    6.16160e+02    2.12449e+02    5.19197e+03
        LJ (SR)  Disper. corr.   Coulomb (SR)   Coul. recip.      Potential
    1.33314e+04   -3.52128e+02   -8.79245e+04    2.23966e+02   -6.79413e+04
    Kinetic En.   Total Energy  Conserved En.    Temperature Pres. DC (bar)
    1.16074e+04   -5.63340e+04   -5.45732e+04    2.92948e+02   -1.24793e+02
 Pressure (bar)   Constr. rmsd
   -8.28350e+01    1.05737e-06


DD  step 1599999 load imb.: force  5.9%
           Step           Time
        1600000     3200.00000

   Energies (kJ/mol)
           Bond          Angle    Proper Dih.          LJ-14     Coulomb-14
    2.31915e+02    4.99361e+02    5.90898e+02    2.19877e+02    5.18898e+03
        LJ (SR)  Disper. corr.   Coulomb (SR)   Coul. recip.      Potential
    1.30629e+04   -3.52128e+02   -8.76212e+04    2.33656e+02   -6.79458e+04
    Kinetic En.   Total Energy  Conserved En.    Temperature Pres. DC (bar)
    1.19421e+04   -5.60036e+04   -5.45665e+04    3.01397e+02   -1.24793e+02
 Pressure (bar)   Constr. rmsd
   -4.53387e+02    1.32779e-06


DD  step 1609999 load imb.: force  5.6%
           Step           Time
        1610000     3220.00000

   Energies (kJ/mol)
           Bond          Angle    Proper Dih.          LJ-14     Coulomb-14
    2.15305e+02    5.02621e+02    5.79114e+02    2.05447e+02    5.29156e+03
        LJ (SR)  Disper. corr.   Coulomb (SR)   Coul. recip.      Potential
    1.34763e+04   -3.52128e+02   -8.79612e+04    2.31249e+02   -6.78117e+04
    Kinetic En.   Total Energy  Conserved En.    Temperature Pres. DC (bar)
    1.22408e+04   -5.55709e+04   -5.45555e+04    3.08934e+02   -1.24793e+02
 Pressure (bar)   Constr. rmsd
    2.15430e+02    1.23305e-06


DD  step 1619999 load imb.: force  8.0%
           Step           Time
        1620000     3240.00000

   Energies (kJ/mol)
           Bond          Angle    Proper Dih.          LJ-14     Coulomb-14
    1.96029e+02    5.56412e+02    5.82596e+02    2.36316e+02    5.33867e+03
        LJ (SR)  Disper. corr.   Coulomb (SR)   Coul. recip.      Potential
    1.40565e+04   -3.52128e+02   -8.94968e+04    2.57946e+02   -6.86245e+04
    Kinetic En.   Total Energy  Conserved En.    Temperature Pres. DC (bar)
    1.15019e+04   -5.71226e+04   -5.45381e+04    2.90287e+02   -1.24793e+02
 Pressure (bar)   Constr. rmsd
    6.49040e+02    2.18844e-06


DD  step 1629999 load imb.: force  8.1%
           Step           Time
        1630000     3260.00000

   Energies (kJ/mol)
           Bond          Angle    Proper Dih.          LJ-14     Coulomb-14
    1.87405e+02    4.98529e+02    6.03414e+02    2.24847e+02    5.39121e+03
        LJ (SR)  Disper. corr.   Coulomb (SR)   Coul. recip.      Potential
    1.32595e+04   -3.52128e+02   -8.82643e+04    2.33273e+02   -6.82183e+04
    Kinetic En.   Total Energy  Conserved En.    Temperature Pres. DC (bar)
    1.17709e+04   -5.64474e+04   -5.45399e+04    2.97075e+02   -1.24793e+02
 Pressure (bar)   Constr. rmsd
   -3.11049e+02    1.76573e-06


DD  step 1639999 load imb.: force  8.6%
           Step           Time
        1640000     3280.00000

   Energies (kJ/mol)
           Bond          Angle    Proper Dih.          LJ-14     Coulomb-14
    2.54430e+02    4.77950e+02    5.86646e+02    2.06652e+02    5.40874e+03
        LJ (SR)  Disper. corr.   Coulomb (SR)   Coul. recip.      Potential
    1.33863e+04   -3.52128e+02   -8.78465e+04    2.28810e+02   -6.76491e+04
    Kinetic En.   Total Energy  Conserved En.    Temperature Pres. DC (bar)
    1.18315e+04   -5.58177e+04   -5.45379e+04    2.98604e+02   -1.24793e+02
 Pressure (bar)   Constr. rmsd
    1.06583e+02    1.13757e-06


DD  step 1649999 load imb.: force  9.6%
           Step           Time
        1650000     3300.00000

   Energies (kJ/mol)
           Bond          Angle    Proper Dih.          LJ-14     Coulomb-14
    1.96068e+02    5.26732e+02    6.02639e+02    2.31606e+02    5.32972e+03
        LJ (SR)  Disper. corr.   Coulomb (SR)   Coul. recip.      Potential
    1.34058e+04   -3.52128e+02   -8.79936e+04    2.50381e+02   -6.78028e+04
    Kinetic En.   Total Energy  Conserved En.    Temperature Pres. DC (bar)
    1.16785e+04   -5.61243e+04   -5.45244e+04    2.94745e+02   -1.24793e+02
 Pressure (bar)   Constr. rmsd
    3.92744e+02    1.13011e-06


DD  step 1659999 load imb.: force  6.0%
           Step           Time
        1660000     3320.00000

   Energies (kJ/mol)
           Bond          Angle    Proper Dih.          LJ-14     Coulomb-14
    2.01643e+02    5.00716e+02    6.07053e+02    2.31452e+02    5.36162e+03
        LJ (SR)  Disper. corr.   Coulomb (SR)   Coul. recip.      Potential
    1.31926e+04   -3.52128e+02   -8.80702e+04    2.22836e+02   -6.81045e+04
    Kinetic En.   Total Energy  Conserved En.    Temperature Pres. DC (bar)
    1.18702e+04   -5.62343e+04   -5.45151e+04    2.99581e+02   -1.24793e+02
 Pressure (bar)   Constr. rmsd
   -4.23129e+01    9.81655e-07


DD  step 1669999 load imb.: force 13.1%
           Step           Time
        1670000     3340.00000

   Energies (kJ/mol)
           Bond          Angle    Proper Dih.          LJ-14     Coulomb-14
    2.18117e+02    5.42548e+02    6.00923e+02    2.18079e+02    5.25613e+03
        LJ (SR)  Disper. corr.   Coulomb (SR)   Coul. recip.      Potential
    1.31828e+04   -3.52128e+02   -8.78320e+04    2.08434e+02   -6.79571e+04
    Kinetic En.   Total Energy  Conserved En.    Temperature Pres. DC (bar)
    1.18865e+04   -5.60707e+04   -5.45050e+04    2.99992e+02   -1.24793e+02
 Pressure (bar)   Constr. rmsd
   -3.15625e+02    1.84442e-06


DD  step 1679999 load imb.: force  5.2%
           Step           Time
        1680000     3360.00000

   Energies (kJ/mol)
           Bond          Angle    Proper Dih.          LJ-14     Coulomb-14
    2.24898e+02    5.15277e+02    5.97290e+02    2.26323e+02    5.24224e+03
        LJ (SR)  Disper. corr.   Coulomb (SR)   Coul. recip.      Potential
    1.26403e+04   -3.52128e+02   -8.64976e+04    2.14472e+02   -6.71888e+04
    Kinetic En.   Total Energy  Conserved En.    Temperature Pres. DC (bar)
    1.22795e+04   -5.49093e+04   -5.45012e+04    3.09912e+02   -1.24793e+02
 Pressure (bar)   Constr. rmsd
   -3.57112e+02    3.05898e-06


DD  step 1689999 load imb.: force  5.6%
           Step           Time
        1690000     3380.00000

   Energies (kJ/mol)
           Bond          Angle    Proper Dih.          LJ-14     Coulomb-14
    2.02078e+02    5.11610e+02    6.06248e+02    2.19296e+02    5.43317e+03
        LJ (SR)  Disper. corr.   Coulomb (SR)   Coul. recip.      Potential
    1.34717e+04   -3.52128e+02   -8.84855e+04    2.27209e+02   -6.81664e+04
    Kinetic En.   Total Energy  Conserved En.    Temperature Pres. DC (bar)
    1.17330e+04   -5.64333e+04   -5.44914e+04    2.96119e+02   -1.24793e+02
 Pressure (bar)   Constr. rmsd
   -2.42589e+01    1.63249e-06


DD  step 1699999 load imb.: force 10.2%
           Step           Time
        1700000     3400.00000

   Energies (kJ/mol)
           Bond          Angle    Proper Dih.          LJ-14     Coulomb-14
    1.81760e+02    4.65765e+02    5.93830e+02    2.25550e+02    5.41544e+03
        LJ (SR)  Disper. corr.   Coulomb (SR)   Coul. recip.      Potential
    1.31837e+04   -3.52128e+02   -8.77238e+04    2.34322e+02   -6.77755e+04
    Kinetic En.   Total Energy  Conserved En.    Temperature Pres. DC (bar)
    1.17994e+04   -5.59761e+04   -5.44858e+04    2.97795e+02   -1.24793e+02
 Pressure (bar)   Constr. rmsd
    2.16520e+01    2.20637e-06


DD  step 1709999 load imb.: force  9.1%
           Step           Time
        1710000     3420.00000

   Energies (kJ/mol)
           Bond          Angle    Proper Dih.          LJ-14     Coulomb-14
    2.08759e+02    5.15746e+02    5.81961e+02    1.99731e+02    5.41483e+03
        LJ (SR)  Disper. corr.   Coulomb (SR)   Coul. recip.      Potential
    1.33998e+04   -3.52128e+02   -8.82492e+04    2.48829e+02   -6.80317e+04
    Kinetic En.   Total Energy  Conserved En.    Temperature Pres. DC (bar)
    1.21439e+04   -5.58877e+04   -5.44788e+04    3.06490e+02   -1.24793e+02
 Pressure (bar)   Constr. rmsd
   -1.08793e+02    2.42671e-06


DD  step 1719999 load imb.: force  7.4%
           Step           Time
        1720000     3440.00000

   Energies (kJ/mol)
           Bond          Angle    Proper Dih.          LJ-14     Coulomb-14
    2.42723e+02    4.92097e+02    6.17188e+02    2.11063e+02    5.24750e+03
        LJ (SR)  Disper. corr.   Coulomb (SR)   Coul. recip.      Potential
    1.29371e+04   -3.52128e+02   -8.72530e+04    2.36993e+02   -6.76205e+04
    Kinetic En.   Total Energy  Conserved En.    Temperature Pres. DC (bar)
    1.20441e+04   -5.55764e+04   -5.44746e+04    3.03970e+02   -1.24793e+02
 Pressure (bar)   Constr. rmsd
   -3.71910e+02    1.24774e-06


DD  step 1729999 load imb.: force 12.2%
           Step           Time
        1730000     3460.00000

   Energies (kJ/mol)
           Bond          Angle    Proper Dih.          LJ-14     Coulomb-14
    1.88857e+02    5.17927e+02    5.87889e+02    2.17205e+02    5.23089e+03
        LJ (SR)  Disper. corr.   Coulomb (SR)   Coul. recip.      Potential
    1.30682e+04   -3.52128e+02   -8.79338e+04    2.22838e+02   -6.82521e+04
    Kinetic En.   Total Energy  Conserved En.    Temperature Pres. DC (bar)
    1.18890e+04   -5.63631e+04   -5.44749e+04    3.00057e+02   -1.24793e+02
 Pressure (bar)   Constr. rmsd
   -3.51789e+02    1.10319e-06


DD  step 1739999 load imb.: force 11.9%
           Step           Time
        1740000     3480.00000

   Energies (kJ/mol)
           Bond          Angle    Proper Dih.          LJ-14     Coulomb-14
    2.11065e+02    4.30386e+02    5.98585e+02    2.18137e+02    5.38195e+03
        LJ (SR)  Disper. corr.   Coulomb (SR)   Coul. recip.      Potential
    1.32090e+04   -3.52128e+02   -8.80787e+04    2.26972e+02   -6.81547e+04
    Kinetic En.   Total Energy  Conserved En.    Temperature Pres. DC (bar)
    1.21548e+04   -5.59999e+04   -5.44482e+04    3.06764e+02   -1.24793e+02
 Pressure (bar)   Constr. rmsd
   -3.14468e+02    1.47283e-06


DD  step 1749999 load imb.: force 11.6%
           Step           Time
        1750000     3500.00000

   Energies (kJ/mol)
           Bond          Angle    Proper Dih.          LJ-14     Coulomb-14
    1.87497e+02    4.88017e+02    6.13022e+02    2.37914e+02    5.32308e+03
        LJ (SR)  Disper. corr.   Coulomb (SR)   Coul. recip.      Potential
    1.30760e+04   -3.52128e+02   -8.81235e+04    2.43243e+02   -6.83068e+04
    Kinetic En.   Total Energy  Conserved En.    Temperature Pres. DC (bar)
    1.17822e+04   -5.65246e+04   -5.44428e+04    2.97361e+02   -1.24793e+02
 Pressure (bar)   Constr. rmsd
   -4.47437e+02    1.83405e-06


DD  step 1759999 load imb.: force  8.2%
           Step           Time
        1760000     3520.00000

   Energies (kJ/mol)
           Bond          Angle    Proper Dih.          LJ-14     Coulomb-14
    1.52918e+02    4.53619e+02    5.97650e+02    2.16263e+02    5.35014e+03
        LJ (SR)  Disper. corr.   Coulomb (SR)   Coul. recip.      Potential
    1.29890e+04   -3.52128e+02   -8.76944e+04    2.39962e+02   -6.80470e+04
    Kinetic En.   Total Energy  Conserved En.    Temperature Pres. DC (bar)
    1.18590e+04   -5.61881e+04   -5.44365e+04    2.99298e+02   -1.24793e+02
 Pressure (bar)   Constr. rmsd
   -4.13782e+02    1.10721e-06


DD  step 1769999 load imb.: force  9.1%
           Step           Time
        1770000     3540.00000

   Energies (kJ/mol)
           Bond          Angle    Proper Dih.          LJ-14     Coulomb-14
    1.85409e+02    4.71870e+02    5.90117e+02    2.09933e+02    5.18492e+03
        LJ (SR)  Disper. corr.   Coulomb (SR)   Coul. recip.      Potential
    1.26195e+04   -3.52128e+02   -8.72703e+04    2.17171e+02   -6.81435e+04
    Kinetic En.   Total Energy  Conserved En.    Temperature Pres. DC (bar)
    1.17090e+04   -5.64345e+04   -5.44352e+04    2.95513e+02   -1.24793e+02
 Pressure (bar)   Constr. rmsd
   -6.83679e+02    1.63926e-06


DD  step 1779999 load imb.: force  7.7%
           Step           Time
        1780000     3560.00000

   Energies (kJ/mol)
           Bond          Angle    Proper Dih.          LJ-14     Coulomb-14
    1.45175e+02    4.96734e+02    5.98109e+02    2.07478e+02    5.40540e+03
        LJ (SR)  Disper. corr.   Coulomb (SR)   Coul. recip.      Potential
    1.27874e+04   -3.52128e+02   -8.74957e+04    2.45738e+02   -6.79618e+04
    Kinetic En.   Total Energy  Conserved En.    Temperature Pres. DC (bar)
    1.19602e+04   -5.60015e+04   -5.44283e+04    3.01853e+02   -1.24793e+02
 Pressure (bar)   Constr. rmsd
   -4.52178e+02    2.16516e-06


DD  step 1789999 load imb.: force 16.2%
           Step           Time
        1790000     3580.00000

   Energies (kJ/mol)
           Bond          Angle    Proper Dih.          LJ-14     Coulomb-14
    2.06289e+02    5.61879e+02    5.83522e+02    2.41746e+02    5.30104e+03
        LJ (SR)  Disper. corr.   Coulomb (SR)   Coul. recip.      Potential
    1.36042e+04   -3.52128e+02   -8.85148e+04    2.25026e+02   -6.81432e+04
    Kinetic En.   Total Energy  Conserved En.    Temperature Pres. DC (bar)
    1.20446e+04   -5.60987e+04   -5.44129e+04    3.03982e+02   -1.24793e+02
 Pressure (bar)   Constr. rmsd
    1.84308e+02    1.38226e-06


DD  step 1799999 load imb.: force 17.8%
           Step           Time
        1800000     3600.00000

   Energies (kJ/mol)
           Bond          Angle    Proper Dih.          LJ-14     Coulomb-14
    2.47279e+02    4.70753e+02    5.89987e+02    2.14972e+02    5.30268e+03
        LJ (SR)  Disper. corr.   Coulomb (SR)   Coul. recip.      Potential
    1.33156e+04   -3.52128e+02   -8.79659e+04    2.37833e+02   -6.79389e+04
    Kinetic En.   Total Energy  Conserved En.    Temperature Pres. DC (bar)
    1.17828e+04   -5.61561e+04   -5.44136e+04    2.97375e+02   -1.24793e+02
 Pressure (bar)   Constr. rmsd
   -1.67708e+02    1.26550e-06


DD  step 1809999 load imb.: force  9.2%
           Step           Time
        1810000     3620.00000

   Energies (kJ/mol)
           Bond          Angle    Proper Dih.          LJ-14     Coulomb-14
    1.82416e+02    4.98110e+02    5.89002e+02    2.19440e+02    5.36955e+03
        LJ (SR)  Disper. corr.   Coulomb (SR)   Coul. recip.      Potential
    1.35306e+04   -3.52128e+02   -8.85670e+04    2.36335e+02   -6.82937e+04
    Kinetic En.   Total Energy  Conserved En.    Temperature Pres. DC (bar)
    1.21863e+04   -5.61074e+04   -5.44037e+04    3.07560e+02   -1.24793e+02
 Pressure (bar)   Constr. rmsd
    2.45959e+02    2.76892e-06


DD  step 1819999 load imb.: force  8.4%
           Step           Time
        1820000     3640.00000

   Energies (kJ/mol)
           Bond          Angle    Proper Dih.          LJ-14     Coulomb-14
    1.79724e+02    5.00505e+02    6.07056e+02    2.09005e+02    5.46105e+03
        LJ (SR)  Disper. corr.   Coulomb (SR)   Coul. recip.      Potential
    1.36622e+04   -3.52128e+02   -8.89192e+04    2.48084e+02   -6.84037e+04
    Kinetic En.   Total Energy  Conserved En.    Temperature Pres. DC (bar)
    1.17442e+04   -5.66595e+04   -5.43899e+04    2.96402e+02   -1.24793e+02
 Pressure (bar)   Constr. rmsd
    1.37704e+02    2.62312e-06


DD  step 1829999 load imb.: force  7.1%
           Step           Time
        1830000     3660.00000

   Energies (kJ/mol)
           Bond          Angle    Proper Dih.          LJ-14     Coulomb-14
    2.27982e+02    4.11130e+02    5.90119e+02    2.26990e+02    5.34262e+03
        LJ (SR)  Disper. corr.   Coulomb (SR)   Coul. recip.      Potential
    1.33595e+04   -3.52128e+02   -8.82286e+04    2.31061e+02   -6.81913e+04
    Kinetic En.   Total Energy  Conserved En.    Temperature Pres. DC (bar)
    1.18562e+04   -5.63351e+04   -5.43808e+04    2.99229e+02   -1.24793e+02
 Pressure (bar)   Constr. rmsd
   -9.45958e+00    2.72373e-06


DD  step 1839999 load imb.: force 10.1%
           Step           Time
        1840000     3680.00000

   Energies (kJ/mol)
           Bond          Angle    Proper Dih.          LJ-14     Coulomb-14
    1.86145e+02    5.11167e+02    6.11133e+02    2.15155e+02    5.47237e+03
        LJ (SR)  Disper. corr.   Coulomb (SR)   Coul. recip.      Potential
    1.34864e+04   -3.52128e+02   -8.86491e+04    2.30518e+02   -6.82884e+04
    Kinetic En.   Total Energy  Conserved En.    Temperature Pres. DC (bar)
    1.21993e+04   -5.60891e+04   -5.43657e+04    3.07888e+02   -1.24793e+02
 Pressure (bar)   Constr. rmsd
    5.38305e+01    1.07409e-06


DD  step 1849999 load imb.: force  6.7%
           Step           Time
        1850000     3700.00000

   Energies (kJ/mol)
           Bond          Angle    Proper Dih.          LJ-14     Coulomb-14
    1.65444e+02    5.03048e+02    5.88249e+02    2.24459e+02    5.37105e+03
        LJ (SR)  Disper. corr.   Coulomb (SR)   Coul. recip.      Potential
    1.32977e+04   -3.52128e+02   -8.81430e+04    2.23906e+02   -6.81213e+04
    Kinetic En.   Total Energy  Conserved En.    Temperature Pres. DC (bar)
    1.19253e+04   -5.61960e+04   -5.43553e+04    3.00973e+02   -1.24793e+02
 Pressure (bar)   Constr. rmsd
    2.06897e+02    1.47892e-06


DD  step 1859999 load imb.: force  8.5%
           Step           Time
        1860000     3720.00000

   Energies (kJ/mol)
           Bond          Angle    Proper Dih.          LJ-14     Coulomb-14
    1.69274e+02    4.71991e+02    6.29848e+02    2.40543e+02    5.47072e+03
        LJ (SR)  Disper. corr.   Coulomb (SR)   Coul. recip.      Potential
    1.39727e+04   -3.52128e+02   -8.89501e+04    2.33782e+02   -6.81133e+04
    Kinetic En.   Total Energy  Conserved En.    Temperature Pres. DC (bar)
    1.21748e+04   -5.59385e+04   -5.43496e+04    3.07270e+02   -1.24793e+02
 Pressure (bar)   Constr. rmsd
    9.77696e+02    2.11979e-06


DD  step 1869999 load imb.: force 12.5%
           Step           Time
        1870000     3740.00000

   Energies (kJ/mol)
           Bond          Angle    Proper Dih.          LJ-14     Coulomb-14
    2.23567e+02    4.73479e+02    6.01522e+02    2.05511e+02    5.28506e+03
        LJ (SR)  Disper. corr.   Coulomb (SR)   Coul. recip.      Potential
    1.33651e+04   -3.52128e+02   -8.80928e+04    2.22820e+02   -6.80679e+04
    Kinetic En.   Total Energy  Conserved En.    Temperature Pres. DC (bar)
    1.17513e+04   -5.63166e+04   -5.43381e+04    2.96581e+02   -1.24793e+02
 Pressure (bar)   Constr. rmsd
   -1.76621e+02    1.38260e-06


DD  step 1879999 load imb.: force  9.1%
           Step           Time
        1880000     3760.00000

   Energies (kJ/mol)
           Bond          Angle    Proper Dih.          LJ-14     Coulomb-14
    2.13958e+02    5.03314e+02    6.01858e+02    2.12496e+02    5.26582e+03
        LJ (SR)  Disper. corr.   Coulomb (SR)   Coul. recip.      Potential
    1.30721e+04   -3.52128e+02   -8.77340e+04    2.43716e+02   -6.79729e+04
    Kinetic En.   Total Energy  Conserved En.    Temperature Pres. DC (bar)
    1.20339e+04   -5.59389e+04   -5.43449e+04    3.03714e+02   -1.24793e+02
 Pressure (bar)   Constr. rmsd
   -3.99219e+02    1.69601e-06


DD  step 1889999 load imb.: force 14.3%
           Step           Time
        1890000     3780.00000

   Energies (kJ/mol)
           Bond          Angle    Proper Dih.          LJ-14     Coulomb-14
    1.89307e+02    5.10951e+02    6.03575e+02    2.03835e+02    5.29790e+03
        LJ (SR)  Disper. corr.   Coulomb (SR)   Coul. recip.      Potential
    1.32221e+04   -3.52128e+02   -8.77679e+04    2.24466e+02   -6.78679e+04
    Kinetic En.   Total Energy  Conserved En.    Temperature Pres. DC (bar)
    1.19755e+04   -5.58924e+04   -5.43249e+04    3.02239e+02   -1.24793e+02
 Pressure (bar)   Constr. rmsd
   -1.78082e+02    1.15265e-06


DD  step 1899999 load imb.: force 10.2%
           Step           Time
        1900000     3800.00000

   Energies (kJ/mol)
           Bond          Angle    Proper Dih.          LJ-14     Coulomb-14
    1.60399e+02    5.19155e+02    5.93622e+02    1.97773e+02    5.30819e+03
        LJ (SR)  Disper. corr.   Coulomb (SR)   Coul. recip.      Potential
    1.31652e+04   -3.52128e+02   -8.80200e+04    2.35137e+02   -6.81927e+04
    Kinetic En.   Total Energy  Conserved En.    Temperature Pres. DC (bar)
    1.18132e+04   -5.63794e+04   -5.43196e+04    2.98144e+02   -1.24793e+02
 Pressure (bar)   Constr. rmsd
   -2.64676e+02    1.22968e-06


DD  step 1909999 load imb.: force  7.7%
           Step           Time
        1910000     3820.00000

   Energies (kJ/mol)
           Bond          Angle    Proper Dih.          LJ-14     Coulomb-14
    2.17433e+02    4.68870e+02    5.87488e+02    2.13706e+02    5.25483e+03
        LJ (SR)  Disper. corr.   Coulomb (SR)   Coul. recip.      Potential
    1.31222e+04   -3.52128e+02   -8.78201e+04    2.34158e+02   -6.80736e+04
    Kinetic En.   Total Energy  Conserved En.    Temperature Pres. DC (bar)
    1.22067e+04   -5.58669e+04   -5.43199e+04    3.08073e+02   -1.24793e+02
 Pressure (bar)   Constr. rmsd
   -2.32374e+02    2.11494e-06


DD  step 1919999 load imb.: force  9.6%
           Step           Time
        1920000     3840.00000

   Energies (kJ/mol)
           Bond          Angle    Proper Dih.          LJ-14     Coulomb-14
    1.67860e+02    5.18228e+02    5.92095e+02    2.00948e+02    5.30848e+03
        LJ (SR)  Disper. corr.   Coulomb (SR)   Coul. recip.      Potential
    1.36912e+04   -3.52128e+02   -8.90298e+04    2.38311e+02   -6.86648e+04
    Kinetic En.   Total Energy  Conserved En.    Temperature Pres. DC (bar)
    1.18453e+04   -5.68195e+04   -5.43083e+04    2.98954e+02   -1.24793e+02
 Pressure (bar)   Constr. rmsd
    5.38247e+01    1.00958e-06


DD  step 1929999 load imb.: force 13.5%
           Step           Time
        1930000     3860.00000

   Energies (kJ/mol)
           Bond          Angle    Proper Dih.          LJ-14     Coulomb-14
    2.13807e+02    4.84363e+02    5.81773e+02    2.22640e+02    5.27759e+03
        LJ (SR)  Disper. corr.   Coulomb (SR)   Coul. recip.      Potential
    1.35102e+04   -3.52128e+02   -8.83400e+04    2.17583e+02   -6.81841e+04
    Kinetic En.   Total Energy  Conserved En.    Temperature Pres. DC (bar)
    1.16817e+04   -5.65025e+04   -5.42989e+04    2.94824e+02   -1.24793e+02
 Pressure (bar)   Constr. rmsd
    7.70618e+01    2.63391e-06


DD  step 1939999 load imb.: force  9.3%
           Step           Time
        1940000     3880.00000

   Energies (kJ/mol)
           Bond          Angle    Proper Dih.          LJ-14     Coulomb-14
    2.37151e+02    4.56403e+02    6.04361e+02    2.33069e+02    5.36661e+03
        LJ (SR)  Disper. corr.   Coulomb (SR)   Coul. recip.      Potential
    1.32639e+04   -3.52128e+02   -8.82582e+04    2.11032e+02   -6.82378e+04
    Kinetic En.   Total Energy  Conserved En.    Temperature Pres. DC (bar)
    1.21470e+04   -5.60909e+04   -5.42931e+04    3.06567e+02   -1.24793e+02
 Pressure (bar)   Constr. rmsd
   -1.07394e+02    1.25780e-06


DD  step 1949999 load imb.: force  9.3%
           Step           Time
        1950000     3900.00000

   Energies (kJ/mol)
           Bond          Angle    Proper Dih.          LJ-14     Coulomb-14
    2.11259e+02    5.13741e+02    5.67383e+02    2.17570e+02    5.29693e+03
        LJ (SR)  Disper. corr.   Coulomb (SR)   Coul. recip.      Potential
    1.34973e+04   -3.52128e+02   -8.85430e+04    2.51258e+02   -6.83397e+04
    Kinetic En.   Total Energy  Conserved En.    Temperature Pres. DC (bar)
    1.15343e+04   -5.68054e+04   -5.42829e+04    2.91104e+02   -1.24793e+02
 Pressure (bar)   Constr. rmsd
   -2.46423e+02    1.11115e-06


DD  step 1959999 load imb.: force  8.4%
           Step           Time
        1960000     3920.00000

   Energies (kJ/mol)
           Bond          Angle    Proper Dih.          LJ-14     Coulomb-14
    1.75611e+02    4.64880e+02    5.83242e+02    2.26570e+02    5.29575e+03
        LJ (SR)  Disper. corr.   Coulomb (SR)   Coul. recip.      Potential
    1.36415e+04   -3.52128e+02   -8.87072e+04    2.48388e+02   -6.84234e+04
    Kinetic En.   Total Energy  Conserved En.    Temperature Pres. DC (bar)
    1.17377e+04   -5.66856e+04   -5.42738e+04    2.96238e+02   -1.24793e+02
 Pressure (bar)   Constr. rmsd
    3.61034e+02    1.08843e-06


DD  step 1969999 load imb.: force  8.0%
           Step           Time
        1970000     3940.00000

   Energies (kJ/mol)
           Bond          Angle    Proper Dih.          LJ-14     Coulomb-14
    1.85489e+02    4.90206e+02    6.08238e+02    2.26514e+02    5.42586e+03
        LJ (SR)  Disper. corr.   Coulomb (SR)   Coul. recip.      Potential
    1.35342e+04   -3.52128e+02   -8.82849e+04    2.10973e+02   -6.79555e+04
    Kinetic En.   Total Energy  Conserved En.    Temperature Pres. DC (bar)
    1.18272e+04   -5.61283e+04   -5.42706e+04    2.98498e+02   -1.24793e+02
 Pressure (bar)   Constr. rmsd
    5.53440e+02    1.76091e-06


DD  step 1979999 load imb.: force  8.4%
           Step           Time
        1980000     3960.00000

   Energies (kJ/mol)
           Bond          Angle    Proper Dih.          LJ-14     Coulomb-14
    1.83415e+02    5.00003e+02    5.98777e+02    2.25726e+02    5.31953e+03
        LJ (SR)  Disper. corr.   Coulomb (SR)   Coul. recip.      Potential
    1.37173e+04   -3.52128e+02   -8.84804e+04    2.21525e+02   -6.80662e+04
    Kinetic En.   Total Energy  Conserved En.    Temperature Pres. DC (bar)
    1.20386e+04   -5.60276e+04   -5.42588e+04    3.03831e+02   -1.24793e+02
 Pressure (bar)   Constr. rmsd
    5.17525e+02    9.12104e-07


DD  step 1989999 load imb.: force 13.9%
           Step           Time
        1990000     3980.00000

   Energies (kJ/mol)
           Bond          Angle    Proper Dih.          LJ-14     Coulomb-14
    1.91774e+02    4.27524e+02    5.99750e+02    2.37634e+02    5.32395e+03
        LJ (SR)  Disper. corr.   Coulomb (SR)   Coul. recip.      Potential
    1.31182e+04   -3.52128e+02   -8.80501e+04    2.41398e+02   -6.82621e+04
    Kinetic En.   Total Energy  Conserved En.    Temperature Pres. DC (bar)
    1.18871e+04   -5.63750e+04   -5.42528e+04    3.00007e+02   -1.24793e+02
 Pressure (bar)   Constr. rmsd
   -3.14541e+02    1.13199e-06


DD  step 1999999 load imb.: force  9.4%
           Step           Time
        2000000     4000.00000

   Energies (kJ/mol)
           Bond          Angle    Proper Dih.          LJ-14     Coulomb-14
    1.60624e+02    5.09028e+02    5.82937e+02    2.29081e+02    5.40953e+03
        LJ (SR)  Disper. corr.   Coulomb (SR)   Coul. recip.      Potential
    1.25110e+04   -3.52128e+02   -8.72750e+04    2.07251e+02   -6.80177e+04
    Kinetic En.   Total Energy  Conserved En.    Temperature Pres. DC (bar)
    1.15956e+04   -5.64222e+04   -5.42401e+04    2.92651e+02   -1.24793e+02
 Pressure (bar)   Constr. rmsd
   -6.91700e+02    1.75010e-06


DD  step 2009999 load imb.: force  8.1%
           Step           Time
        2010000     4020.00000

   Energies (kJ/mol)
           Bond          Angle    Proper Dih.          LJ-14     Coulomb-14
    2.07917e+02    5.00495e+02    6.04154e+02    2.20177e+02    5.29647e+03
        LJ (SR)  Disper. corr.   Coulomb (SR)   Coul. recip.      Potential
    1.34174e+04   -3.52128e+02   -8.82714e+04    2.21627e+02   -6.81553e+04
    Kinetic En.   Total Energy  Conserved En.    Temperature Pres. DC (bar)
    1.15855e+04   -5.65698e+04   -5.42279e+04    2.92396e+02   -1.24793e+02
 Pressure (bar)   Constr. rmsd
   -1.41190e+02    1.64037e-06


DD  step 2019999 load imb.: force  7.6%
           Step           Time
        2020000     4040.00000

   Energies (kJ/mol)
           Bond          Angle    Proper Dih.          LJ-14     Coulomb-14
    1.70958e+02    5.09775e+02    5.99883e+02    2.26670e+02    5.40925e+03
        LJ (SR)  Disper. corr.   Coulomb (SR)   Coul. recip.      Potential
    1.28438e+04   -3.52128e+02   -8.78694e+04    2.23149e+02   -6.82380e+04
    Kinetic En.   Total Energy  Conserved En.    Temperature Pres. DC (bar)
    1.18989e+04   -5.63391e+04   -5.42254e+04    3.00306e+02   -1.24793e+02
 Pressure (bar)   Constr. rmsd
   -5.82404e+02    1.43393e-06


DD  step 2029999 load imb.: force  6.7%
           Step           Time
        2030000     4060.00000

   Energies (kJ/mol)
           Bond          Angle    Proper Dih.          LJ-14     Coulomb-14
    1.57958e+02    4.97376e+02    5.62486e+02    2.29802e+02    5.36086e+03
        LJ (SR)  Disper. corr.   Coulomb (SR)   Coul. recip.      Potential
    1.37650e+04   -3.52128e+02   -8.90117e+04    2.17593e+02   -6.85728e+04
    Kinetic En.   Total Energy  Conserved En.    Temperature Pres. DC (bar)
    1.19528e+04   -5.66200e+04   -5.42187e+04    3.01668e+02   -1.24793e+02
 Pressure (bar)   Constr. rmsd
    1.94936e+02    1.30290e-06


DD  step 2039999 load imb.: force  9.1%
           Step           Time
        2040000     4080.00000

   Energies (kJ/mol)
           Bond          Angle    Proper Dih.          LJ-14     Coulomb-14
    1.86932e+02    4.40138e+02    5.78353e+02    2.08601e+02    5.30792e+03
        LJ (SR)  Disper. corr.   Coulomb (SR)   Coul. recip.      Potential
    1.31245e+04   -3.52128e+02   -8.78123e+04    2.08469e+02   -6.81095e+04
    Kinetic En.   Total Energy  Conserved En.    Temperature Pres. DC (bar)
    1.19578e+04   -5.61518e+04   -5.42267e+04    3.01792e+02   -1.24793e+02
 Pressure (bar)   Constr. rmsd
   -4.27152e+02    1.90033e-06


DD  step 2049999 load imb.: force 12.3%
           Step           Time
        2050000     4100.00000

   Energies (kJ/mol)
           Bond          Angle    Proper Dih.          LJ-14     Coulomb-14
    2.57139e+02    4.79271e+02    6.08626e+02    2.30922e+02    5.27613e+03
        LJ (SR)  Disper. corr.   Coulomb (SR)   Coul. recip.      Potential
    1.25385e+04   -3.52128e+02   -8.71302e+04    2.03619e+02   -6.78880e+04
    Kinetic En.   Total Energy  Conserved En.    Temperature Pres. DC (bar)
    1.16141e+04   -5.62740e+04   -5.42023e+04    2.93118e+02   -1.24793e+02
 Pressure (bar)   Constr. rmsd
   -8.85429e+02    1.02999e-06


DD  step 2059999 load imb.: force 13.3%
           Step           Time
        2060000     4120.00000

   Energies (kJ/mol)
           Bond          Angle    Proper Dih.          LJ-14     Coulomb-14
    2.22451e+02    4.99811e+02    5.86032e+02    2.11008e+02    5.29135e+03
        LJ (SR)  Disper. corr.   Coulomb (SR)   Coul. recip.      Potential
    1.34304e+04   -3.52128e+02   -8.80213e+04    2.29644e+02   -6.79027e+04
    Kinetic En.   Total Energy  Conserved En.    Temperature Pres. DC (bar)
    1.17172e+04   -5.61855e+04   -5.41915e+04    2.95720e+02   -1.24793e+02
 Pressure (bar)   Constr. rmsd
   -6.47566e+01    1.52715e-06


DD  step 2069999 load imb.: force 11.2%
           Step           Time
        2070000     4140.00000

   Energies (kJ/mol)
           Bond          Angle    Proper Dih.          LJ-14     Coulomb-14
    2.27730e+02    4.95188e+02    5.85320e+02    2.18304e+02    5.25787e+03
        LJ (SR)  Disper. corr.   Coulomb (SR)   Coul. recip.      Potential
    1.34034e+04   -3.52128e+02   -8.78053e+04    2.47580e+02   -6.77221e+04
    Kinetic En.   Total Energy  Conserved En.    Temperature Pres. DC (bar)
    1.17990e+04   -5.59231e+04   -5.41805e+04    2.97784e+02   -1.24793e+02
 Pressure (bar)   Constr. rmsd
    2.39174e+02    1.31235e-06


DD  step 2079999 load imb.: force 12.2%
           Step           Time
        2080000     4160.00000

   Energies (kJ/mol)
           Bond          Angle    Proper Dih.          LJ-14     Coulomb-14
    2.30248e+02    4.73379e+02    5.99782e+02    2.08437e+02    5.19451e+03
        LJ (SR)  Disper. corr.   Coulomb (SR)   Coul. recip.      Potential
    1.36080e+04   -3.52128e+02   -8.82221e+04    2.43906e+02   -6.80160e+04
    Kinetic En.   Total Energy  Conserved En.    Temperature Pres. DC (bar)
    1.20228e+04   -5.59932e+04   -5.41667e+04    3.03433e+02   -1.24793e+02
 Pressure (bar)   Constr. rmsd
   -1.29771e+01    1.33668e-06


DD  step 2089999 load imb.: force  9.1%
           Step           Time
        2090000     4180.00000

   Energies (kJ/mol)
           Bond          Angle    Proper Dih.          LJ-14     Coulomb-14
    2.03253e+02    5.24103e+02    6.16457e+02    2.10854e+02    5.34204e+03
        LJ (SR)  Disper. corr.   Coulomb (SR)   Coul. recip.      Potential
    1.31422e+04   -3.52128e+02   -8.81146e+04    2.26278e+02   -6.82015e+04
    Kinetic En.   Total Energy  Conserved En.    Temperature Pres. DC (bar)
    1.17163e+04   -5.64852e+04   -5.41580e+04    2.95697e+02   -1.24793e+02
 Pressure (bar)   Constr. rmsd
   -4.70770e+02    1.95401e-06


DD  step 2099999 load imb.: force 13.0%
           Step           Time
        2100000     4200.00000

   Energies (kJ/mol)
           Bond          Angle    Proper Dih.          LJ-14     Coulomb-14
    2.10527e+02    4.76420e+02    5.92201e+02    2.08200e+02    5.34712e+03
        LJ (SR)  Disper. corr.   Coulomb (SR)   Coul. recip.      Potential
    1.33885e+04   -3.52128e+02   -8.79862e+04    2.60811e+02   -6.78546e+04
    Kinetic En.   Total Energy  Conserved En.    Temperature Pres. DC (bar)
    1.18234e+04   -5.60311e+04   -5.41472e+04    2.98401e+02   -1.24793e+02
 Pressure (bar)   Constr. rmsd
    8.92518e+01    1.14009e-06


DD  step 2109999 load imb.: force  9.5%
           Step           Time
        2110000     4220.00000

   Energies (kJ/mol)
           Bond          Angle    Proper Dih.          LJ-14     Coulomb-14
    1.73517e+02    4.42760e+02    5.91968e+02    2.18666e+02    5.38268e+03
        LJ (SR)  Disper. corr.   Coulomb (SR)   Coul. recip.      Potential
    1.31038e+04   -3.52128e+02   -8.76340e+04    2.42215e+02   -6.78305e+04
    Kinetic En.   Total Energy  Conserved En.    Temperature Pres. DC (bar)
    1.16049e+04   -5.62256e+04   -5.41285e+04    2.92887e+02   -1.24793e+02
 Pressure (bar)   Constr. rmsd
   -1.49569e+02    1.91155e-06


DD  step 2119999 load imb.: force 10.4%
           Step           Time
        2120000     4240.00000

   Energies (kJ/mol)
           Bond          Angle    Proper Dih.          LJ-14     Coulomb-14
    2.22217e+02    4.14080e+02    6.03473e+02    2.31866e+02    5.31251e+03
        LJ (SR)  Disper. corr.   Coulomb (SR)   Coul. recip.      Potential
    1.38654e+04   -3.52128e+02   -8.83779e+04    2.33419e+02   -6.78471e+04
    Kinetic En.   Total Energy  Conserved En.    Temperature Pres. DC (bar)
    1.15578e+04   -5.62893e+04   -5.41167e+04    2.91696e+02   -1.24793e+02
 Pressure (bar)   Constr. rmsd
    6.57421e+02    1.35609e-06


DD  step 2129999 load imb.: force 12.9%
           Step           Time
        2130000     4260.00000

   Energies (kJ/mol)
           Bond          Angle    Proper Dih.          LJ-14     Coulomb-14
    2.22591e+02    4.49606e+02    5.88332e+02    2.02559e+02    5.32646e+03
        LJ (SR)  Disper. corr.   Coulomb (SR)   Coul. recip.      Potential
    1.29894e+04   -3.52128e+02   -8.80798e+04    2.32052e+02   -6.84209e+04
    Kinetic En.   Total Energy  Conserved En.    Temperature Pres. DC (bar)
    1.18315e+04   -5.65894e+04   -5.41115e+04    2.98604e+02   -1.24793e+02
 Pressure (bar)   Constr. rmsd
   -6.60531e+02    4.07061e-06


DD  step 2139999 load imb.: force 11.2%
           Step           Time
        2140000     4280.00000

   Energies (kJ/mol)
           Bond          Angle    Proper Dih.          LJ-14     Coulomb-14
    2.67891e+02    5.61699e+02    6.18344e+02    2.00793e+02    5.35177e+03
        LJ (SR)  Disper. corr.   Coulomb (SR)   Coul. recip.      Potential
    1.32317e+04   -3.52128e+02   -8.82035e+04    2.30134e+02   -6.80933e+04
    Kinetic En.   Total Energy  Conserved En.    Temperature Pres. DC (bar)
    1.14547e+04   -5.66386e+04   -5.40929e+04    2.89095e+02   -1.24793e+02
 Pressure (bar)   Constr. rmsd
   -5.83574e+02    1.43110e-06


DD  step 2149999 load imb.: force 16.2%
           Step           Time
        2150000     4300.00000

   Energies (kJ/mol)
           Bond          Angle    Proper Dih.          LJ-14     Coulomb-14
    1.82114e+02    4.92581e+02    6.10747e+02    2.19668e+02    5.33583e+03
        LJ (SR)  Disper. corr.   Coulomb (SR)   Coul. recip.      Potential
    1.25338e+04   -3.52128e+02   -8.65753e+04    2.15129e+02   -6.73375e+04
    Kinetic En.   Total Energy  Conserved En.    Temperature Pres. DC (bar)
    1.17892e+04   -5.55483e+04   -5.40912e+04    2.97537e+02   -1.24793e+02
 Pressure (bar)   Constr. rmsd
   -7.44353e+02    1.91806e-06


DD  step 2159999 load imb.: force 12.8%
           Step           Time
        2160000     4320.00000

   Energies (kJ/mol)
           Bond          Angle    Proper Dih.          LJ-14     Coulomb-14
    2.14409e+02    5.22756e+02    5.96647e+02    2.23844e+02    5.32093e+03
        LJ (SR)  Disper. corr.   Coulomb (SR)   Coul. recip.      Potential
    1.30782e+04   -3.52128e+02   -8.75899e+04    2.40764e+02   -6.77444e+04
    Kinetic En.   Total Energy  Conserved En.    Temperature Pres. DC (bar)
    1.20238e+04   -5.57206e+04   -5.40799e+04    3.03458e+02   -1.24793e+02
 Pressure (bar)   Constr. rmsd
   -1.58097e+02    1.30147e-06


DD  step 2169999 load imb.: force 10.3%
           Step           Time
        2170000     4340.00000

   Energies (kJ/mol)
           Bond          Angle    Proper Dih.          LJ-14     Coulomb-14
    1.82767e+02    4.83727e+02    5.98939e+02    1.99213e+02    5.33912e+03
        LJ (SR)  Disper. corr.   Coulomb (SR)   Coul. recip.      Potential
    1.29968e+04   -3.52128e+02   -8.75452e+04    2.30034e+02   -6.78667e+04
    Kinetic En.   Total Energy  Conserved En.    Temperature Pres. DC (bar)
    1.16952e+04   -5.61715e+04   -5.40745e+04    2.95165e+02   -1.24793e+02
 Pressure (bar)   Constr. rmsd
   -5.81003e+02    1.32595e-06


DD  step 2179999 load imb.: force  8.0%
           Step           Time
        2180000     4360.00000

   Energies (kJ/mol)
           Bond          Angle    Proper Dih.          LJ-14     Coulomb-14
    1.71908e+02    6.07872e+02    5.96505e+02    2.45510e+02    5.20827e+03
        LJ (SR)  Disper. corr.   Coulomb (SR)   Coul. recip.      Potential
    1.37488e+04   -3.52128e+02   -8.89615e+04    2.48032e+02   -6.84868e+04
    Kinetic En.   Total Energy  Conserved En.    Temperature Pres. DC (bar)
    1.20761e+04   -5.64107e+04   -5.40727e+04    3.04779e+02   -1.24793e+02
 Pressure (bar)   Constr. rmsd
    3.68095e+02    1.24496e-06


DD  step 2189999 load imb.: force  4.8%
           Step           Time
        2190000     4380.00000

   Energies (kJ/mol)
           Bond          Angle    Proper Dih.          LJ-14     Coulomb-14
    2.29467e+02    4.70467e+02    5.78780e+02    2.09036e+02    5.33666e+03
        LJ (SR)  Disper. corr.   Coulomb (SR)   Coul. recip.      Potential
    1.31831e+04   -3.52128e+02   -8.78240e+04    2.17391e+02   -6.79512e+04
    Kinetic En.   Total Energy  Conserved En.    Temperature Pres. DC (bar)
    1.18911e+04   -5.60601e+04   -5.40676e+04    3.00109e+02   -1.24793e+02
 Pressure (bar)   Constr. rmsd
   -1.57497e+02    1.28660e-06


DD  step 2199999 load imb.: force  7.1%
           Step           Time
        2200000     4400.00000

   Energies (kJ/mol)
           Bond          Angle    Proper Dih.          LJ-14     Coulomb-14
    1.92718e+02    4.81475e+02    5.75231e+02    2.08723e+02    5.28431e+03
        LJ (SR)  Disper. corr.   Coulomb (SR)   Coul. recip.      Potential
    1.35599e+04   -3.52128e+02   -8.81992e+04    2.39033e+02   -6.80100e+04
    Kinetic En.   Total Energy  Conserved En.    Temperature Pres. DC (bar)
    1.19304e+04   -5.60796e+04   -5.40572e+04    3.01100e+02   -1.24793e+02
 Pressure (bar)   Constr. rmsd
    4.91813e+02    1.44912e-06


DD  step 2209999 load imb.: force  6.1%
           Step           Time
        2210000     4420.00000

   Energies (kJ/mol)
           Bond          Angle    Proper Dih.          LJ-14     Coulomb-14
    2.00301e+02    4.90969e+02    5.99395e+02    2.30138e+02    5.39953e+03
        LJ (SR)  Disper. corr.   Coulomb (SR)   Coul. recip.      Potential
    1.34071e+04   -3.52128e+02   -8.82369e+04    2.39360e+02   -6.80222e+04
    Kinetic En.   Total Energy  Conserved En.    Temperature Pres. DC (bar)
    1.18516e+04   -5.61706e+04   -5.40460e+04    2.99113e+02   -1.24793e+02
 Pressure (bar)   Constr. rmsd
    1.08479e+02    1.13439e-06


DD  step 2219999 load imb.: force  7.3%
           Step           Time
        2220000     4440.00000

   Energies (kJ/mol)
           Bond          Angle    Proper Dih.          LJ-14     Coulomb-14
    2.07475e+02    4.90587e+02    6.07054e+02    2.29160e+02    5.39575e+03
        LJ (SR)  Disper. corr.   Coulomb (SR)   Coul. recip.      Potential
    1.30219e+04   -3.52128e+02   -8.78604e+04    2.23339e+02   -6.80373e+04
    Kinetic En.   Total Energy  Conserved En.    Temperature Pres. DC (bar)
    1.21330e+04   -5.59042e+04   -5.40546e+04    3.06215e+02   -1.24793e+02
 Pressure (bar)   Constr. rmsd
   -4.55918e+02    1.22413e-06


DD  step 2229999 load imb.: force  7.2%
           Step           Time
        2230000     4460.00000

   Energies (kJ/mol)
           Bond          Angle    Proper Dih.          LJ-14     Coulomb-14
    1.98026e+02    5.10645e+02    5.98097e+02    2.54981e+02    5.31805e+03
        LJ (SR)  Disper. corr.   Coulomb (SR)   Coul. recip.      Potential
    1.36444e+04   -3.52128e+02   -8.87646e+04    2.44110e+02   -6.83485e+04
    Kinetic En.   Total Energy  Conserved En.    Temperature Pres. DC (bar)
    1.21272e+04   -5.62213e+04   -5.40340e+04    3.06068e+02   -1.24793e+02
 Pressure (bar)   Constr. rmsd
    4.92400e+02    1.16214e-06


DD  step 2239999 load imb.: force  6.8%
           Step           Time
        2240000     4480.00000

   Energies (kJ/mol)
           Bond          Angle    Proper Dih.          LJ-14     Coulomb-14
    1.99950e+02    4.89189e+02    6.07266e+02    2.36275e+02    5.43738e+03
        LJ (SR)  Disper. corr.   Coulomb (SR)   Coul. recip.      Potential
    1.33210e+04   -3.52128e+02   -8.84484e+04    2.19817e+02   -6.82897e+04
    Kinetic En.   Total Energy  Conserved En.    Temperature Pres. DC (bar)
    1.17829e+04   -5.65068e+04   -5.40321e+04    2.97379e+02   -1.24793e+02
 Pressure (bar)   Constr. rmsd
   -1.08981e+02    1.38288e-06


DD  step 2249999 load imb.: force 11.9%
           Step           Time
        2250000     4500.00000

   Energies (kJ/mol)
           Bond          Angle    Proper Dih.          LJ-14     Coulomb-14
    1.98534e+02    5.12392e+02    5.99406e+02    2.25703e+02    5.24760e+03
        LJ (SR)  Disper. corr.   Coulomb (SR)   Coul. recip.      Potential
    1.32410e+04   -3.52128e+02   -8.78024e+04    2.29401e+02   -6.79005e+04
    Kinetic En.   Total Energy  Conserved En.    Temperature Pres. DC (bar)
    1.20238e+04   -5.58767e+04   -5.40313e+04    3.03457e+02   -1.24793e+02
 Pressure (bar)   Constr. rmsd
    4.50141e+01    1.04802e-06

Writing checkpoint, step 2253600 at Wed Apr 29 20:06:14 2026



DD  step 2259999 load imb.: force  6.6%
           Step           Time
        2260000     4520.00000

   Energies (kJ/mol)
           Bond          Angle    Proper Dih.          LJ-14     Coulomb-14
    1.76284e+02    4.98454e+02    5.93561e+02    2.19689e+02    5.36405e+03
        LJ (SR)  Disper. corr.   Coulomb (SR)   Coul. recip.      Potential
    1.32145e+04   -3.52128e+02   -8.78431e+04    2.53243e+02   -6.78754e+04
    Kinetic En.   Total Energy  Conserved En.    Temperature Pres. DC (bar)
    1.16840e+04   -5.61914e+04   -5.40120e+04    2.94882e+02   -1.24793e+02
 Pressure (bar)   Constr. rmsd
    5.94384e+01    1.53272e-06


DD  step 2269999 load imb.: force  7.5%
           Step           Time
        2270000     4540.00000

   Energies (kJ/mol)
           Bond          Angle    Proper Dih.          LJ-14     Coulomb-14
    2.58832e+02    4.09873e+02    5.92217e+02    2.29484e+02    5.33975e+03
        LJ (SR)  Disper. corr.   Coulomb (SR)   Coul. recip.      Potential
    1.31771e+04   -3.52128e+02   -8.79705e+04    2.23044e+02   -6.80924e+04
    Kinetic En.   Total Energy  Conserved En.    Temperature Pres. DC (bar)
    1.20220e+04   -5.60704e+04   -5.40081e+04    3.03412e+02   -1.24793e+02
 Pressure (bar)   Constr. rmsd
   -6.56928e+01    1.26462e-06


DD  step 2279999 load imb.: force 10.8%
           Step           Time
        2280000     4560.00000

   Energies (kJ/mol)
           Bond          Angle    Proper Dih.          LJ-14     Coulomb-14
    2.56403e+02    5.50617e+02    6.01648e+02    2.21704e+02    5.24626e+03
        LJ (SR)  Disper. corr.   Coulomb (SR)   Coul. recip.      Potential
    1.30642e+04   -3.52128e+02   -8.76169e+04    2.15998e+02   -6.78122e+04
    Kinetic En.   Total Energy  Conserved En.    Temperature Pres. DC (bar)
    1.16723e+04   -5.61399e+04   -5.40006e+04    2.94587e+02   -1.24793e+02
 Pressure (bar)   Constr. rmsd
   -4.50568e+02    1.55907e-06


DD  step 2289999 load imb.: force  8.8%
           Step           Time
        2290000     4580.00000

   Energies (kJ/mol)
           Bond          Angle    Proper Dih.          LJ-14     Coulomb-14
    2.27210e+02    4.92636e+02    5.91706e+02    2.21702e+02    5.20187e+03
        LJ (SR)  Disper. corr.   Coulomb (SR)   Coul. recip.      Potential
    1.29273e+04   -3.52128e+02   -8.71179e+04    2.12441e+02   -6.75952e+04
    Kinetic En.   Total Energy  Conserved En.    Temperature Pres. DC (bar)
    1.15657e+04   -5.60295e+04   -5.39885e+04    2.91897e+02   -1.24793e+02
 Pressure (bar)   Constr. rmsd
   -6.61969e+02    1.93293e-06


DD  step 2299999 load imb.: force  6.4%
           Step           Time
        2300000     4600.00000

   Energies (kJ/mol)
           Bond          Angle    Proper Dih.          LJ-14     Coulomb-14
    2.18466e+02    4.90947e+02    6.00414e+02    2.03111e+02    5.12560e+03
        LJ (SR)  Disper. corr.   Coulomb (SR)   Coul. recip.      Potential
    1.28738e+04   -3.52128e+02   -8.72313e+04    2.40551e+02   -6.78305e+04
    Kinetic En.   Total Energy  Conserved En.    Temperature Pres. DC (bar)
    1.15370e+04   -5.62935e+04   -5.39807e+04    2.91174e+02   -1.24793e+02
 Pressure (bar)   Constr. rmsd
   -6.84619e+02    1.04033e-06


DD  step 2309999 load imb.: force  5.9%
           Step           Time
        2310000     4620.00000

   Energies (kJ/mol)
           Bond          Angle    Proper Dih.          LJ-14     Coulomb-14
    1.69811e+02    4.24027e+02    5.95389e+02    2.41064e+02    5.27880e+03
        LJ (SR)  Disper. corr.   Coulomb (SR)   Coul. recip.      Potential
    1.34240e+04   -3.52128e+02   -8.80273e+04    2.16469e+02   -6.80299e+04
    Kinetic En.   Total Energy  Conserved En.    Temperature Pres. DC (bar)
    1.19019e+04   -5.61280e+04   -5.39729e+04    3.00381e+02   -1.24793e+02
 Pressure (bar)   Constr. rmsd
    2.68090e+02    1.00107e-06


DD  step 2319999 load imb.: force 10.4%
           Step           Time
        2320000     4640.00000

   Energies (kJ/mol)
           Bond          Angle    Proper Dih.          LJ-14     Coulomb-14
    2.09852e+02    4.87161e+02    5.82411e+02    2.29233e+02    5.39292e+03
        LJ (SR)  Disper. corr.   Coulomb (SR)   Coul. recip.      Potential
    1.30872e+04   -3.52128e+02   -8.74735e+04    2.27828e+02   -6.76090e+04
    Kinetic En.   Total Energy  Conserved En.    Temperature Pres. DC (bar)
    1.20464e+04   -5.55626e+04   -5.39594e+04    3.04029e+02   -1.24793e+02
 Pressure (bar)   Constr. rmsd
    1.31401e+02    1.92876e-06


DD  step 2329999 load imb.: force  8.0%
           Step           Time
        2330000     4660.00000

   Energies (kJ/mol)
           Bond          Angle    Proper Dih.          LJ-14     Coulomb-14
    1.89133e+02    4.53677e+02    5.92643e+02    2.31162e+02    5.39747e+03
        LJ (SR)  Disper. corr.   Coulomb (SR)   Coul. recip.      Potential
    1.39628e+04   -3.52128e+02   -8.89056e+04    2.50226e+02   -6.81806e+04
    Kinetic En.   Total Energy  Conserved En.    Temperature Pres. DC (bar)
    1.19220e+04   -5.62586e+04   -5.39511e+04    3.00888e+02   -1.24793e+02
 Pressure (bar)   Constr. rmsd
    9.21587e+02    1.26391e-06


DD  step 2339999 load imb.: force  9.3%
           Step           Time
        2340000     4680.00000

   Energies (kJ/mol)
           Bond          Angle    Proper Dih.          LJ-14     Coulomb-14
    2.12727e+02    5.09790e+02    5.89058e+02    2.29294e+02    5.20895e+03
        LJ (SR)  Disper. corr.   Coulomb (SR)   Coul. recip.      Potential
    1.29970e+04   -3.52128e+02   -8.72725e+04    2.40202e+02   -6.76376e+04
    Kinetic En.   Total Energy  Conserved En.    Temperature Pres. DC (bar)
    1.19486e+04   -5.56890e+04   -5.39476e+04    3.01560e+02   -1.24793e+02
 Pressure (bar)   Constr. rmsd
   -8.71710e+00    1.51880e-06


DD  step 2349999 load imb.: force  6.7%
           Step           Time
        2350000     4700.00000

   Energies (kJ/mol)
           Bond          Angle    Proper Dih.          LJ-14     Coulomb-14
    2.56000e+02    4.95119e+02    5.87991e+02    2.04414e+02    5.26469e+03
        LJ (SR)  Disper. corr.   Coulomb (SR)   Coul. recip.      Potential
    1.34562e+04   -3.52128e+02   -8.81733e+04    2.33132e+02   -6.80279e+04
    Kinetic En.   Total Energy  Conserved En.    Temperature Pres. DC (bar)
    1.18851e+04   -5.61428e+04   -5.39339e+04    2.99958e+02   -1.24793e+02
 Pressure (bar)   Constr. rmsd
   -4.96439e+01    1.91583e-06


DD  step 2359999 load imb.: force  5.4%
           Step           Time
        2360000     4720.00000

   Energies (kJ/mol)
           Bond          Angle    Proper Dih.          LJ-14     Coulomb-14
    1.81211e+02    4.88479e+02    5.90101e+02    2.19546e+02    5.39284e+03
        LJ (SR)  Disper. corr.   Coulomb (SR)   Coul. recip.      Potential
    1.30139e+04   -3.52128e+02   -8.76347e+04    2.27705e+02   -6.78730e+04
    Kinetic En.   Total Energy  Conserved En.    Temperature Pres. DC (bar)
    1.16830e+04   -5.61900e+04   -5.39342e+04    2.94858e+02   -1.24793e+02
 Pressure (bar)   Constr. rmsd
   -3.26910e+02    1.47875e-06


DD  step 2369999 load imb.: force  8.1%
           Step           Time
        2370000     4740.00000

   Energies (kJ/mol)
           Bond          Angle    Proper Dih.          LJ-14     Coulomb-14
    1.62546e+02    4.26904e+02    5.80752e+02    2.16492e+02    5.20190e+03
        LJ (SR)  Disper. corr.   Coulomb (SR)   Coul. recip.      Potential
    1.32763e+04   -3.52128e+02   -8.77769e+04    2.54555e+02   -6.80095e+04
    Kinetic En.   Total Energy  Conserved En.    Temperature Pres. DC (bar)
    1.21951e+04   -5.58145e+04   -5.39308e+04    3.07781e+02   -1.24793e+02
 Pressure (bar)   Constr. rmsd
    1.02484e+02    1.07588e-06


DD  step 2379999 load imb.: force  6.8%
           Step           Time
        2380000     4760.00000

   Energies (kJ/mol)
           Bond          Angle    Proper Dih.          LJ-14     Coulomb-14
    1.84156e+02    4.44267e+02    5.89129e+02    2.11596e+02    5.29575e+03
        LJ (SR)  Disper. corr.   Coulomb (SR)   Coul. recip.      Potential
    1.34022e+04   -3.52128e+02   -8.81363e+04    2.16492e+02   -6.81448e+04
    Kinetic En.   Total Energy  Conserved En.    Temperature Pres. DC (bar)
    1.16909e+04   -5.64539e+04   -5.39180e+04    2.95056e+02   -1.24793e+02
 Pressure (bar)   Constr. rmsd
    2.08633e+02    1.52178e-06


DD  step 2389999 load imb.: force  8.7%
           Step           Time
        2390000     4780.00000

   Energies (kJ/mol)
           Bond          Angle    Proper Dih.          LJ-14     Coulomb-14
    2.11290e+02    4.82272e+02    6.08483e+02    2.08292e+02    5.38811e+03
        LJ (SR)  Disper. corr.   Coulomb (SR)   Coul. recip.      Potential
    1.35832e+04   -3.52128e+02   -8.79685e+04    2.22896e+02   -6.76161e+04
    Kinetic En.   Total Energy  Conserved En.    Temperature Pres. DC (bar)
    1.19431e+04   -5.56731e+04   -5.39221e+04    3.01421e+02   -1.24793e+02
 Pressure (bar)   Constr. rmsd
    5.63790e+02    2.00264e-06


DD  step 2399999 load imb.: force 14.5%
           Step           Time
        2400000     4800.00000

   Energies (kJ/mol)
           Bond          Angle    Proper Dih.          LJ-14     Coulomb-14
    2.26514e+02    4.73950e+02    5.86958e+02    1.96760e+02    5.40174e+03
        LJ (SR)  Disper. corr.   Coulomb (SR)   Coul. recip.      Potential
    1.32131e+04   -3.52128e+02   -8.80109e+04    2.45246e+02   -6.80188e+04
    Kinetic En.   Total Energy  Conserved En.    Temperature Pres. DC (bar)
    1.16963e+04   -5.63224e+04   -5.39041e+04    2.95193e+02   -1.24793e+02
 Pressure (bar)   Constr. rmsd
   -2.37230e+02    1.36781e-06


DD  step 2409999 load imb.: force 10.2%
           Step           Time
        2410000     4820.00000

   Energies (kJ/mol)
           Bond          Angle    Proper Dih.          LJ-14     Coulomb-14
    2.22592e+02    5.24721e+02    5.96661e+02    2.37804e+02    5.32706e+03
        LJ (SR)  Disper. corr.   Coulomb (SR)   Coul. recip.      Potential
    1.33836e+04   -3.52128e+02   -8.78533e+04    2.51495e+02   -6.76615e+04
    Kinetic En.   Total Energy  Conserved En.    Temperature Pres. DC (bar)
    1.20474e+04   -5.56141e+04   -5.39017e+04    3.04053e+02   -1.24793e+02
 Pressure (bar)   Constr. rmsd
    5.11319e+02    1.53051e-06


DD  step 2419999 load imb.: force  7.9%
           Step           Time
        2420000     4840.00000

   Energies (kJ/mol)
           Bond          Angle    Proper Dih.          LJ-14     Coulomb-14
    2.07667e+02    4.75900e+02    6.03445e+02    2.34983e+02    5.39845e+03
        LJ (SR)  Disper. corr.   Coulomb (SR)   Coul. recip.      Potential
    1.32037e+04   -3.52128e+02   -8.79747e+04    2.41848e+02   -6.79609e+04
    Kinetic En.   Total Energy  Conserved En.    Temperature Pres. DC (bar)
    1.15966e+04   -5.63642e+04   -5.38980e+04    2.92678e+02   -1.24793e+02
 Pressure (bar)   Constr. rmsd
   -2.99060e+02    2.44711e-06


DD  step 2429999 load imb.: force 11.1%
           Step           Time
        2430000     4860.00000

   Energies (kJ/mol)
           Bond          Angle    Proper Dih.          LJ-14     Coulomb-14
    1.76251e+02    4.95433e+02    5.89096e+02    1.98795e+02    5.36410e+03
        LJ (SR)  Disper. corr.   Coulomb (SR)   Coul. recip.      Potential
    1.33660e+04   -3.52128e+02   -8.78863e+04    2.26054e+02   -6.78227e+04
    Kinetic En.   Total Energy  Conserved En.    Temperature Pres. DC (bar)
    1.19923e+04   -5.58304e+04   -5.38881e+04    3.02664e+02   -1.24793e+02
 Pressure (bar)   Constr. rmsd
    1.44116e+02    1.45299e-06


DD  step 2439999 load imb.: force 11.4%
           Step           Time
        2440000     4880.00000

   Energies (kJ/mol)
           Bond          Angle    Proper Dih.          LJ-14     Coulomb-14
    1.92807e+02    4.60883e+02    6.08314e+02    2.14447e+02    5.26882e+03
        LJ (SR)  Disper. corr.   Coulomb (SR)   Coul. recip.      Potential
    1.29584e+04   -3.52128e+02   -8.74268e+04    2.13249e+02   -6.78620e+04
    Kinetic En.   Total Energy  Conserved En.    Temperature Pres. DC (bar)
    1.20951e+04   -5.57669e+04   -5.38851e+04    3.05257e+02   -1.24793e+02
 Pressure (bar)   Constr. rmsd
   -3.23192e+02    1.53332e-06


DD  step 2449999 load imb.: force  6.0%
           Step           Time
        2450000     4900.00000

   Energies (kJ/mol)
           Bond          Angle    Proper Dih.          LJ-14     Coulomb-14
    2.14294e+02    5.23909e+02    6.16273e+02    2.27884e+02    5.35590e+03
        LJ (SR)  Disper. corr.   Coulomb (SR)   Coul. recip.      Potential
    1.33177e+04   -3.52128e+02   -8.80789e+04    2.14173e+02   -6.79609e+04
    Kinetic En.   Total Energy  Conserved En.    Temperature Pres. DC (bar)
    1.18660e+04   -5.60949e+04   -5.38685e+04    2.99476e+02   -1.24793e+02
 Pressure (bar)   Constr. rmsd
    4.95466e+01    7.73980e-07


DD  step 2459999 load imb.: force 10.2%
           Step           Time
        2460000     4920.00000

   Energies (kJ/mol)
           Bond          Angle    Proper Dih.          LJ-14     Coulomb-14
    2.02425e+02    5.58589e+02    5.91932e+02    1.97345e+02    5.27298e+03
        LJ (SR)  Disper. corr.   Coulomb (SR)   Coul. recip.      Potential
    1.32750e+04   -3.52128e+02   -8.80002e+04    2.34945e+02   -6.80192e+04
    Kinetic En.   Total Energy  Conserved En.    Temperature Pres. DC (bar)
    1.19101e+04   -5.61091e+04   -5.38681e+04    3.00589e+02   -1.24793e+02
 Pressure (bar)   Constr. rmsd
   -1.87320e+02    1.11130e-06


DD  step 2469999 load imb.: force  8.6%
           Step           Time
        2470000     4940.00000

   Energies (kJ/mol)
           Bond          Angle    Proper Dih.          LJ-14     Coulomb-14
    1.86549e+02    4.71066e+02    6.01058e+02    2.21640e+02    5.29035e+03
        LJ (SR)  Disper. corr.   Coulomb (SR)   Coul. recip.      Potential
    1.28613e+04   -3.52128e+02   -8.76532e+04    2.16471e+02   -6.81569e+04
    Kinetic En.   Total Energy  Conserved En.    Temperature Pres. DC (bar)
    1.19127e+04   -5.62442e+04   -5.38662e+04    3.00654e+02   -1.24793e+02
 Pressure (bar)   Constr. rmsd
   -7.42539e+02    1.62996e-06


DD  step 2479999 load imb.: force 13.0%
           Step           Time
        2480000     4960.00000

   Energies (kJ/mol)
           Bond          Angle    Proper Dih.          LJ-14     Coulomb-14
    2.00960e+02    4.67669e+02    5.93257e+02    2.20372e+02    5.29081e+03
        LJ (SR)  Disper. corr.   Coulomb (SR)   Coul. recip.      Potential
    1.31517e+04   -3.52128e+02   -8.73031e+04    2.15674e+02   -6.75149e+04
    Kinetic En.   Total Energy  Conserved En.    Temperature Pres. DC (bar)
    1.20724e+04   -5.54424e+04   -5.38600e+04    3.04686e+02   -1.24793e+02
 Pressure (bar)   Constr. rmsd
    5.65597e+01    1.47835e-06


DD  step 2489999 load imb.: force 13.8%
           Step           Time
        2490000     4980.00000

   Energies (kJ/mol)
           Bond          Angle    Proper Dih.          LJ-14     Coulomb-14
    1.71523e+02    5.38643e+02    6.05882e+02    2.37530e+02    5.32901e+03
        LJ (SR)  Disper. corr.   Coulomb (SR)   Coul. recip.      Potential
    1.35145e+04   -3.52128e+02   -8.82488e+04    2.21368e+02   -6.79824e+04
    Kinetic En.   Total Energy  Conserved En.    Temperature Pres. DC (bar)
    1.18432e+04   -5.61392e+04   -5.38506e+04    2.98901e+02   -1.24793e+02
 Pressure (bar)   Constr. rmsd
    5.28961e+02    1.13154e-06


DD  step 2499999 load imb.: force 10.0%
           Step           Time
        2500000     5000.00000

   Energies (kJ/mol)
           Bond          Angle    Proper Dih.          LJ-14     Coulomb-14
    2.29900e+02    4.69991e+02    5.88174e+02    2.26160e+02    5.28519e+03
        LJ (SR)  Disper. corr.   Coulomb (SR)   Coul. recip.      Potential
    1.30960e+04   -3.52128e+02   -8.79050e+04    2.52810e+02   -6.81090e+04
    Kinetic En.   Total Energy  Conserved En.    Temperature Pres. DC (bar)
    1.19596e+04   -5.61493e+04   -5.38402e+04    3.01839e+02   -1.24793e+02
 Pressure (bar)   Constr. rmsd
   -3.93494e+02    1.02642e-06


DD  step 2509999 load imb.: force 15.3%
           Step           Time
        2510000     5020.00000

   Energies (kJ/mol)
           Bond          Angle    Proper Dih.          LJ-14     Coulomb-14
    2.12909e+02    5.02538e+02    6.00674e+02    2.16387e+02    5.19945e+03
        LJ (SR)  Disper. corr.   Coulomb (SR)   Coul. recip.      Potential
    1.34506e+04   -3.52128e+02   -8.80576e+04    2.13812e+02   -6.80134e+04
    Kinetic En.   Total Energy  Conserved En.    Temperature Pres. DC (bar)
    1.19762e+04   -5.60372e+04   -5.38368e+04    3.02257e+02   -1.24793e+02
 Pressure (bar)   Constr. rmsd
    2.51642e+02    1.28459e-06


DD  step 2519999 load imb.: force 10.3%
           Step           Time
        2520000     5040.00000

   Energies (kJ/mol)
           Bond          Angle    Proper Dih.          LJ-14     Coulomb-14
    1.77818e+02    4.33991e+02    5.84380e+02    2.25829e+02    5.29981e+03
        LJ (SR)  Disper. corr.   Coulomb (SR)   Coul. recip.      Potential
    1.30483e+04   -3.52128e+02   -8.74878e+04    2.44752e+02   -6.78251e+04
    Kinetic En.   Total Energy  Conserved En.    Temperature Pres. DC (bar)
    1.17980e+04   -5.60271e+04   -5.38322e+04    2.97760e+02   -1.24793e+02
 Pressure (bar)   Constr. rmsd
   -1.30921e+02    9.36231e-07


DD  step 2529999 load imb.: force  7.6%
           Step           Time
        2530000     5060.00000

   Energies (kJ/mol)
           Bond          Angle    Proper Dih.          LJ-14     Coulomb-14
    1.85668e+02    4.61331e+02    5.86245e+02    2.41348e+02    5.24543e+03
        LJ (SR)  Disper. corr.   Coulomb (SR)   Coul. recip.      Potential
    1.29605e+04   -3.52128e+02   -8.76072e+04    1.94525e+02   -6.80842e+04
    Kinetic En.   Total Energy  Conserved En.    Temperature Pres. DC (bar)
    1.19079e+04   -5.61763e+04   -5.38329e+04    3.00534e+02   -1.24793e+02
 Pressure (bar)   Constr. rmsd
   -3.42196e+02    1.68374e-06


DD  step 2539999 load imb.: force  6.6%
           Step           Time
        2540000     5080.00000

   Energies (kJ/mol)
           Bond          Angle    Proper Dih.          LJ-14     Coulomb-14
    1.71361e+02    5.01272e+02    6.09572e+02    2.48387e+02    5.33263e+03
        LJ (SR)  Disper. corr.   Coulomb (SR)   Coul. recip.      Potential
    1.32921e+04   -3.52128e+02   -8.80922e+04    2.46973e+02   -6.80421e+04
    Kinetic En.   Total Energy  Conserved En.    Temperature Pres. DC (bar)
    1.20161e+04   -5.60260e+04   -5.38225e+04    3.03264e+02   -1.24793e+02
 Pressure (bar)   Constr. rmsd
    2.96801e+02    2.36362e-06


DD  step 2549999 load imb.: force 10.0%
           Step           Time
        2550000     5100.00000

   Energies (kJ/mol)
           Bond          Angle    Proper Dih.          LJ-14     Coulomb-14
    1.82337e+02    4.82282e+02    5.83823e+02    2.36599e+02    5.25442e+03
        LJ (SR)  Disper. corr.   Coulomb (SR)   Coul. recip.      Potential
    1.32224e+04   -3.52128e+02   -8.78813e+04    2.16685e+02   -6.80549e+04
    Kinetic En.   Total Energy  Conserved En.    Temperature Pres. DC (bar)
    1.20729e+04   -5.59819e+04   -5.38112e+04    3.04699e+02   -1.24793e+02
 Pressure (bar)   Constr. rmsd
    3.19920e+01    1.08781e-06


DD  step 2559999 load imb.: force  6.5%
           Step           Time
        2560000     5120.00000

   Energies (kJ/mol)
           Bond          Angle    Proper Dih.          LJ-14     Coulomb-14
    2.02305e+02    4.86028e+02    5.95911e+02    2.31298e+02    5.26507e+03
        LJ (SR)  Disper. corr.   Coulomb (SR)   Coul. recip.      Potential
    1.30961e+04   -3.52128e+02   -8.79560e+04    1.99347e+02   -6.82321e+04
    Kinetic En.   Total Energy  Conserved En.    Temperature Pres. DC (bar)
    1.21881e+04   -5.60440e+04   -5.37947e+04    3.07604e+02   -1.24793e+02
 Pressure (bar)   Constr. rmsd
   -3.47594e+02    1.61723e-06


DD  step 2569999 load imb.: force 10.8%
           Step           Time
        2570000     5140.00000

   Energies (kJ/mol)
           Bond          Angle    Proper Dih.          LJ-14     Coulomb-14
    1.89442e+02    4.35296e+02    5.88733e+02    2.22908e+02    5.37633e+03
        LJ (SR)  Disper. corr.   Coulomb (SR)   Coul. recip.      Potential
    1.30031e+04   -3.52128e+02   -8.71278e+04    2.17865e+02   -6.74463e+04
    Kinetic En.   Total Energy  Conserved En.    Temperature Pres. DC (bar)
    1.17523e+04   -5.56940e+04   -5.37943e+04    2.96606e+02   -1.24793e+02
 Pressure (bar)   Constr. rmsd
   -6.36583e+01    9.37086e-07


DD  step 2579999 load imb.: force  8.9%
           Step           Time
        2580000     5160.00000

   Energies (kJ/mol)
           Bond          Angle    Proper Dih.          LJ-14     Coulomb-14
    2.69061e+02    4.91238e+02    6.05738e+02    2.39536e+02    5.48327e+03
        LJ (SR)  Disper. corr.   Coulomb (SR)   Coul. recip.      Potential
    1.31833e+04   -3.52128e+02   -8.81979e+04    2.18336e+02   -6.80595e+04
    Kinetic En.   Total Energy  Conserved En.    Temperature Pres. DC (bar)
    1.19558e+04   -5.61037e+04   -5.37759e+04    3.01742e+02   -1.24793e+02
 Pressure (bar)   Constr. rmsd
   -2.65748e+02    1.51329e-06


DD  step 2589999 load imb.: force  8.8%
           Step           Time
        2590000     5180.00000

   Energies (kJ/mol)
           Bond          Angle    Proper Dih.          LJ-14     Coulomb-14
    1.51155e+02    4.72093e+02    5.95850e+02    2.20554e+02    5.33464e+03
        LJ (SR)  Disper. corr.   Coulomb (SR)   Coul. recip.      Potential
    1.32635e+04   -3.52128e+02   -8.82762e+04    2.31613e+02   -6.83590e+04
    Kinetic En.   Total Energy  Conserved En.    Temperature Pres. DC (bar)
    1.21311e+04   -5.62279e+04   -5.37830e+04    3.06166e+02   -1.24793e+02
 Pressure (bar)   Constr. rmsd
   -7.63952e+01    2.18381e-06


DD  step 2599999 load imb.: force 13.7%
           Step           Time
        2600000     5200.00000

   Energies (kJ/mol)
           Bond          Angle    Proper Dih.          LJ-14     Coulomb-14
    1.84128e+02    4.85777e+02    5.91196e+02    2.23511e+02    5.30400e+03
        LJ (SR)  Disper. corr.   Coulomb (SR)   Coul. recip.      Potential
    1.32821e+04   -3.52128e+02   -8.84398e+04    2.22533e+02   -6.84986e+04
    Kinetic En.   Total Energy  Conserved En.    Temperature Pres. DC (bar)
    1.19661e+04   -5.65326e+04   -5.37680e+04    3.02001e+02   -1.24793e+02
 Pressure (bar)   Constr. rmsd
   -4.28559e+02    1.14463e-06


DD  step 2609999 load imb.: force 10.0%
           Step           Time
        2610000     5220.00000

   Energies (kJ/mol)
           Bond          Angle    Proper Dih.          LJ-14     Coulomb-14
    1.92354e+02    4.81654e+02    5.89612e+02    2.42488e+02    5.36255e+03
        LJ (SR)  Disper. corr.   Coulomb (SR)   Coul. recip.      Potential
    1.32179e+04   -3.52128e+02   -8.80379e+04    2.21900e+02   -6.80815e+04
    Kinetic En.   Total Energy  Conserved En.    Temperature Pres. DC (bar)
    1.24503e+04   -5.56312e+04   -5.37607e+04    3.14223e+02   -1.24793e+02
 Pressure (bar)   Constr. rmsd
    1.44275e+02    2.36586e-06


DD  step 2619999 load imb.: force  8.9%
           Step           Time
        2620000     5240.00000

   Energies (kJ/mol)
           Bond          Angle    Proper Dih.          LJ-14     Coulomb-14
    1.52902e+02    4.90010e+02    5.87615e+02    2.73643e+02    5.37231e+03
        LJ (SR)  Disper. corr.   Coulomb (SR)   Coul. recip.      Potential
    1.35644e+04   -3.52128e+02   -8.85490e+04    2.12352e+02   -6.82479e+04
    Kinetic En.   Total Energy  Conserved En.    Temperature Pres. DC (bar)
    1.14505e+04   -5.67974e+04   -5.37476e+04    2.88988e+02   -1.24793e+02
 Pressure (bar)   Constr. rmsd
    5.51513e+02    1.26842e-06


DD  step 2629999 load imb.: force  8.4%
           Step           Time
        2630000     5260.00000

   Energies (kJ/mol)
           Bond          Angle    Proper Dih.          LJ-14     Coulomb-14
    1.80979e+02    4.49389e+02    5.96340e+02    2.39574e+02    5.39816e+03
        LJ (SR)  Disper. corr.   Coulomb (SR)   Coul. recip.      Potential
    1.33861e+04   -3.52128e+02   -8.85936e+04    2.47544e+02   -6.84477e+04
    Kinetic En.   Total Energy  Conserved En.    Temperature Pres. DC (bar)
    1.19119e+04   -5.65358e+04   -5.37455e+04    3.00635e+02   -1.24793e+02
 Pressure (bar)   Constr. rmsd
    5.31368e+00    1.20636e-06


DD  step 2639999 load imb.: force  7.3%
           Step           Time
        2640000     5280.00000

   Energies (kJ/mol)
           Bond          Angle    Proper Dih.          LJ-14     Coulomb-14
    2.33817e+02    4.81297e+02    5.98706e+02    2.18462e+02    5.34437e+03
        LJ (SR)  Disper. corr.   Coulomb (SR)   Coul. recip.      Potential
    1.27224e+04   -3.52128e+02   -8.72197e+04    2.58889e+02   -6.77139e+04
    Kinetic En.   Total Energy  Conserved En.    Temperature Pres. DC (bar)
    1.19420e+04   -5.57719e+04   -5.37422e+04    3.01395e+02   -1.24793e+02
 Pressure (bar)   Constr. rmsd
   -4.50547e+02    1.18177e-06


DD  step 2649999 load imb.: force 11.6%
           Step           Time
        2650000     5300.00000

   Energies (kJ/mol)
           Bond          Angle    Proper Dih.          LJ-14     Coulomb-14
    1.82947e+02    4.44917e+02    5.94330e+02    2.29647e+02    5.43009e+03
        LJ (SR)  Disper. corr.   Coulomb (SR)   Coul. recip.      Potential
    1.28215e+04   -3.52128e+02   -8.74472e+04    2.49563e+02   -6.78464e+04
    Kinetic En.   Total Energy  Conserved En.    Temperature Pres. DC (bar)
    1.18267e+04   -5.60197e+04   -5.37366e+04    2.98484e+02   -1.24793e+02
 Pressure (bar)   Constr. rmsd
   -4.70723e+02    1.69494e-06


DD  step 2659999 load imb.: force 10.4%
           Step           Time
        2660000     5320.00000

   Energies (kJ/mol)
           Bond          Angle    Proper Dih.          LJ-14     Coulomb-14
    2.00633e+02    4.76380e+02    5.84620e+02    2.16423e+02    5.41670e+03
        LJ (SR)  Disper. corr.   Coulomb (SR)   Coul. recip.      Potential
    1.34310e+04   -3.52128e+02   -8.84628e+04    2.29494e+02   -6.82597e+04
    Kinetic En.   Total Energy  Conserved En.    Temperature Pres. DC (bar)
    1.20342e+04   -5.62254e+04   -5.37256e+04    3.03721e+02   -1.24793e+02
 Pressure (bar)   Constr. rmsd
    9.00109e+01    9.93580e-07


DD  step 2669999 load imb.: force  9.4%
           Step           Time
        2670000     5340.00000

   Energies (kJ/mol)
           Bond          Angle    Proper Dih.          LJ-14     Coulomb-14
    2.37949e+02    4.09246e+02    6.14557e+02    2.04520e+02    5.45434e+03
        LJ (SR)  Disper. corr.   Coulomb (SR)   Coul. recip.      Potential
    1.31814e+04   -3.52128e+02   -8.77893e+04    2.25838e+02   -6.78136e+04
    Kinetic En.   Total Energy  Conserved En.    Temperature Pres. DC (bar)
    1.16212e+04   -5.61924e+04   -5.37186e+04    2.93298e+02   -1.24793e+02
 Pressure (bar)   Constr. rmsd
   -3.19273e+02    7.70353e-07


DD  step 2679999 load imb.: force  6.5%
           Step           Time
        2680000     5360.00000

   Energies (kJ/mol)
           Bond          Angle    Proper Dih.          LJ-14     Coulomb-14
    2.02641e+02    4.45160e+02    6.07943e+02    2.07456e+02    5.46139e+03
        LJ (SR)  Disper. corr.   Coulomb (SR)   Coul. recip.      Potential
    1.31650e+04   -3.52128e+02   -8.85335e+04    2.55819e+02   -6.85402e+04
    Kinetic En.   Total Energy  Conserved En.    Temperature Pres. DC (bar)
    1.18755e+04   -5.66647e+04   -5.37081e+04    2.99715e+02   -1.24793e+02
 Pressure (bar)   Constr. rmsd
   -6.73277e+02    9.10421e-07


DD  step 2689999 load imb.: force  8.0%
           Step           Time
        2690000     5380.00000

   Energies (kJ/mol)
           Bond          Angle    Proper Dih.          LJ-14     Coulomb-14
    2.17161e+02    4.70277e+02    5.95205e+02    2.23564e+02    5.49856e+03
        LJ (SR)  Disper. corr.   Coulomb (SR)   Coul. recip.      Potential
    1.30767e+04   -3.52128e+02   -8.80832e+04    2.28291e+02   -6.81256e+04
    Kinetic En.   Total Energy  Conserved En.    Temperature Pres. DC (bar)
    1.22494e+04   -5.58762e+04   -5.36953e+04    3.09152e+02   -1.24793e+02
 Pressure (bar)   Constr. rmsd
   -3.51186e+02    1.51430e-06


DD  step 2699999 load imb.: force  6.0%
           Step           Time
        2700000     5400.00000

   Energies (kJ/mol)
           Bond          Angle    Proper Dih.          LJ-14     Coulomb-14
    1.83764e+02    5.08116e+02    6.04758e+02    2.20581e+02    5.42648e+03
        LJ (SR)  Disper. corr.   Coulomb (SR)   Coul. recip.      Potential
    1.36823e+04   -3.52128e+02   -8.89420e+04    2.23160e+02   -6.84450e+04
    Kinetic En.   Total Energy  Conserved En.    Temperature Pres. DC (bar)
    1.17748e+04   -5.66702e+04   -5.36887e+04    2.97173e+02   -1.24793e+02
 Pressure (bar)   Constr. rmsd
    4.65148e+01    2.01558e-06


DD  step 2709999 load imb.: force 15.6%
           Step           Time
        2710000     5420.00000

   Energies (kJ/mol)
           Bond          Angle    Proper Dih.          LJ-14     Coulomb-14
    1.88599e+02    4.89207e+02    5.90002e+02    2.16488e+02    5.39945e+03
        LJ (SR)  Disper. corr.   Coulomb (SR)   Coul. recip.      Potential
    1.34641e+04   -3.52128e+02   -8.80566e+04    2.23603e+02   -6.78374e+04
    Kinetic En.   Total Energy  Conserved En.    Temperature Pres. DC (bar)
    1.20978e+04   -5.57395e+04   -5.36791e+04    3.05326e+02   -1.24793e+02
 Pressure (bar)   Constr. rmsd
    4.00971e+02    2.11831e-06


DD  step 2719999 load imb.: force 18.6%
           Step           Time
        2720000     5440.00000

   Energies (kJ/mol)
           Bond          Angle    Proper Dih.          LJ-14     Coulomb-14
    1.74315e+02    5.18046e+02    5.87734e+02    1.98422e+02    5.28256e+03
        LJ (SR)  Disper. corr.   Coulomb (SR)   Coul. recip.      Potential
    1.29281e+04   -3.52128e+02   -8.79401e+04    2.06380e+02   -6.83967e+04
    Kinetic En.   Total Energy  Conserved En.    Temperature Pres. DC (bar)
    1.21226e+04   -5.62741e+04   -5.36729e+04    3.05952e+02   -1.24793e+02
 Pressure (bar)   Constr. rmsd
   -4.35280e+02    8.34992e-07


DD  step 2729999 load imb.: force 13.3%
           Step           Time
        2730000     5460.00000

   Energies (kJ/mol)
           Bond          Angle    Proper Dih.          LJ-14     Coulomb-14
    1.69243e+02    4.89919e+02    5.87507e+02    2.22533e+02    5.32609e+03
        LJ (SR)  Disper. corr.   Coulomb (SR)   Coul. recip.      Potential
    1.31027e+04   -3.52128e+02   -8.78295e+04    1.89540e+02   -6.80942e+04
    Kinetic En.   Total Energy  Conserved En.    Temperature Pres. DC (bar)
    1.17767e+04   -5.63174e+04   -5.36649e+04    2.97223e+02   -1.24793e+02
 Pressure (bar)   Constr. rmsd
   -1.18987e+02    1.23266e-06


DD  step 2739999 load imb.: force 12.1%
           Step           Time
        2740000     5480.00000

   Energies (kJ/mol)
           Bond          Angle    Proper Dih.          LJ-14     Coulomb-14
    1.65484e+02    6.01808e+02    5.75523e+02    2.23490e+02    5.39644e+03
        LJ (SR)  Disper. corr.   Coulomb (SR)   Coul. recip.      Potential
    1.29656e+04   -3.52128e+02   -8.77538e+04    2.13809e+02   -6.79637e+04
    Kinetic En.   Total Energy  Conserved En.    Temperature Pres. DC (bar)
    1.19384e+04   -5.60253e+04   -5.36473e+04    3.01303e+02   -1.24793e+02
 Pressure (bar)   Constr. rmsd
   -3.68566e+02    9.65890e-07


DD  step 2749999 load imb.: force  7.9%
           Step           Time
        2750000     5500.00000

   Energies (kJ/mol)
           Bond          Angle    Proper Dih.          LJ-14     Coulomb-14
    1.57944e+02    4.50727e+02    5.86833e+02    2.37669e+02    5.33936e+03
        LJ (SR)  Disper. corr.   Coulomb (SR)   Coul. recip.      Potential
    1.34187e+04   -3.52128e+02   -8.79121e+04    2.49774e+02   -6.78233e+04
    Kinetic En.   Total Energy  Conserved En.    Temperature Pres. DC (bar)
    1.19212e+04   -5.59021e+04   -5.36437e+04    3.00868e+02   -1.24793e+02
 Pressure (bar)   Constr. rmsd
    3.48530e+02    8.24873e-07


DD  step 2759999 load imb.: force  8.9%
           Step           Time
        2760000     5520.00000

   Energies (kJ/mol)
           Bond          Angle    Proper Dih.          LJ-14     Coulomb-14
    1.76316e+02    4.33205e+02    5.99327e+02    2.65150e+02    5.57610e+03
        LJ (SR)  Disper. corr.   Coulomb (SR)   Coul. recip.      Potential
    1.30465e+04   -3.52128e+02   -8.78384e+04    2.46522e+02   -6.78474e+04
    Kinetic En.   Total Energy  Conserved En.    Temperature Pres. DC (bar)
    1.18703e+04   -5.59772e+04   -5.36372e+04    2.99583e+02   -1.24793e+02
 Pressure (bar)   Constr. rmsd
    1.63592e+02    8.22155e-07


DD  step 2769999 load imb.: force  8.3%
           Step           Time
        2770000     5540.00000

   Energies (kJ/mol)
           Bond          Angle    Proper Dih.          LJ-14     Coulomb-14
    1.75333e+02    4.92900e+02    6.06599e+02    2.30095e+02    5.34556e+03
        LJ (SR)  Disper. corr.   Coulomb (SR)   Coul. recip.      Potential
    1.28792e+04   -3.52128e+02   -8.71675e+04    2.30301e+02   -6.75596e+04
    Kinetic En.   Total Energy  Conserved En.    Temperature Pres. DC (bar)
    1.19933e+04   -5.55664e+04   -5.36356e+04    3.02687e+02   -1.24793e+02
 Pressure (bar)   Constr. rmsd
   -2.23334e+02    1.34474e-06


DD  step 2779999 load imb.: force  7.2%
           Step           Time
        2780000     5560.00000

   Energies (kJ/mol)
           Bond          Angle    Proper Dih.          LJ-14     Coulomb-14
    2.20190e+02    4.72102e+02    5.97193e+02    2.15523e+02    5.30720e+03
        LJ (SR)  Disper. corr.   Coulomb (SR)   Coul. recip.      Potential
    1.37573e+04   -3.52128e+02   -8.86025e+04    2.47894e+02   -6.81373e+04
    Kinetic En.   Total Energy  Conserved En.    Temperature Pres. DC (bar)
    1.20402e+04   -5.60971e+04   -5.36183e+04    3.03872e+02   -1.24793e+02
 Pressure (bar)   Constr. rmsd
    4.35276e+02    1.58069e-06


DD  step 2789999 load imb.: force 10.0%
           Step           Time
        2790000     5580.00000

   Energies (kJ/mol)
           Bond          Angle    Proper Dih.          LJ-14     Coulomb-14
    1.76680e+02    5.13520e+02    5.94627e+02    2.25463e+02    5.37836e+03
        LJ (SR)  Disper. corr.   Coulomb (SR)   Coul. recip.      Potential
    1.34037e+04   -3.52128e+02   -8.84825e+04    2.22831e+02   -6.83195e+04
    Kinetic En.   Total Energy  Conserved En.    Temperature Pres. DC (bar)
    1.19372e+04   -5.63824e+04   -5.36185e+04    3.01272e+02   -1.24793e+02
 Pressure (bar)   Constr. rmsd
    8.14221e+01    2.14910e-06


DD  step 2799999 load imb.: force  6.6%
           Step           Time
        2800000     5600.00000

   Energies (kJ/mol)
           Bond          Angle    Proper Dih.          LJ-14     Coulomb-14
    2.25172e+02    4.60567e+02    5.77333e+02    2.21414e+02    5.33849e+03
        LJ (SR)  Disper. corr.   Coulomb (SR)   Coul. recip.      Potential
    1.33709e+04   -3.52128e+02   -8.80842e+04    2.33980e+02   -6.80085e+04
    Kinetic En.   Total Energy  Conserved En.    Temperature Pres. DC (bar)
    1.20005e+04   -5.60080e+04   -5.36119e+04    3.02870e+02   -1.24793e+02
 Pressure (bar)   Constr. rmsd
   -1.26855e+02    1.27970e-06


DD  step 2809999 load imb.: force 10.3%
           Step           Time
        2810000     5620.00000

   Energies (kJ/mol)
           Bond          Angle    Proper Dih.          LJ-14     Coulomb-14
    1.79239e+02    4.71210e+02    5.88364e+02    2.12039e+02    5.37229e+03
        LJ (SR)  Disper. corr.   Coulomb (SR)   Coul. recip.      Potential
    1.31901e+04   -3.52128e+02   -8.82689e+04    2.07773e+02   -6.84000e+04
    Kinetic En.   Total Energy  Conserved En.    Temperature Pres. DC (bar)
    1.15604e+04   -5.68396e+04   -5.36005e+04    2.91764e+02   -1.24793e+02
 Pressure (bar)   Constr. rmsd
   -4.45071e+02    1.17139e-06


DD  step 2819999 load imb.: force 15.5%
           Step           Time
        2820000     5640.00000

   Energies (kJ/mol)
           Bond          Angle    Proper Dih.          LJ-14     Coulomb-14
    1.78554e+02    3.76939e+02    5.68698e+02    2.16027e+02    5.48319e+03
        LJ (SR)  Disper. corr.   Coulomb (SR)   Coul. recip.      Potential
    1.30553e+04   -3.52128e+02   -8.76649e+04    2.32534e+02   -6.79057e+04
    Kinetic En.   Total Energy  Conserved En.    Temperature Pres. DC (bar)
    1.19368e+04   -5.59689e+04   -5.35982e+04    3.01263e+02   -1.24793e+02
 Pressure (bar)   Constr. rmsd
   -1.47726e+02    1.80291e-06


DD  step 2829999 load imb.: force 11.3%
           Step           Time
        2830000     5660.00000

   Energies (kJ/mol)
           Bond          Angle    Proper Dih.          LJ-14     Coulomb-14
    2.07176e+02    4.76503e+02    5.74223e+02    2.32885e+02    5.29186e+03
        LJ (SR)  Disper. corr.   Coulomb (SR)   Coul. recip.      Potential
    1.32596e+04   -3.52128e+02   -8.81630e+04    2.06924e+02   -6.82659e+04
    Kinetic En.   Total Energy  Conserved En.    Temperature Pres. DC (bar)
    1.17730e+04   -5.64929e+04   -5.35813e+04    2.97128e+02   -1.24793e+02
 Pressure (bar)   Constr. rmsd
   -1.10986e+02    1.36166e-06


DD  step 2839999 load imb.: force  5.2%
           Step           Time
        2840000     5680.00000

   Energies (kJ/mol)
           Bond          Angle    Proper Dih.          LJ-14     Coulomb-14
    2.41057e+02    5.36936e+02    5.91532e+02    2.18748e+02    5.35582e+03
        LJ (SR)  Disper. corr.   Coulomb (SR)   Coul. recip.      Potential
    1.30911e+04   -3.52128e+02   -8.78755e+04    2.27525e+02   -6.79649e+04
    Kinetic En.   Total Energy  Conserved En.    Temperature Pres. DC (bar)
    1.14493e+04   -5.65156e+04   -5.35657e+04    2.88960e+02   -1.24793e+02
 Pressure (bar)   Constr. rmsd
   -4.13498e+02    1.00578e-06


DD  step 2849999 load imb.: force  8.8%
           Step           Time
        2850000     5700.00000

   Energies (kJ/mol)
           Bond          Angle    Proper Dih.          LJ-14     Coulomb-14
    2.49725e+02    4.88945e+02    5.82419e+02    2.37828e+02    5.36139e+03
        LJ (SR)  Disper. corr.   Coulomb (SR)   Coul. recip.      Potential
    1.38510e+04   -3.52128e+02   -8.82810e+04    2.29632e+02   -6.76322e+04
    Kinetic En.   Total Energy  Conserved En.    Temperature Pres. DC (bar)
    1.18524e+04   -5.57799e+04   -5.35616e+04    2.99131e+02   -1.24793e+02
 Pressure (bar)   Constr. rmsd
    6.10998e+02    9.60523e-07


DD  step 2859999 load imb.: force  8.8%
           Step           Time
        2860000     5720.00000

   Energies (kJ/mol)
           Bond          Angle    Proper Dih.          LJ-14     Coulomb-14
    2.24621e+02    5.27560e+02    5.95262e+02    2.05449e+02    5.29437e+03
        LJ (SR)  Disper. corr.   Coulomb (SR)   Coul. recip.      Potential
    1.33560e+04   -3.52128e+02   -8.86566e+04    2.16940e+02   -6.85886e+04
    Kinetic En.   Total Energy  Conserved En.    Temperature Pres. DC (bar)
    1.19706e+04   -5.66179e+04   -5.35628e+04    3.02117e+02   -1.24793e+02
 Pressure (bar)   Constr. rmsd
   -3.33045e+02    9.30434e-07


DD  step 2869999 load imb.: force 11.3%
           Step           Time
        2870000     5740.00000

   Energies (kJ/mol)
           Bond          Angle    Proper Dih.          LJ-14     Coulomb-14
    1.97256e+02    3.93850e+02    5.95919e+02    2.34390e+02    5.33765e+03
        LJ (SR)  Disper. corr.   Coulomb (SR)   Coul. recip.      Potential
    1.33714e+04   -3.52128e+02   -8.76037e+04    2.19866e+02   -6.76055e+04
    Kinetic En.   Total Energy  Conserved En.    Temperature Pres. DC (bar)
    1.19077e+04   -5.56978e+04   -5.35562e+04    3.00528e+02   -1.24793e+02
 Pressure (bar)   Constr. rmsd
    3.12455e+02    1.23487e-06


DD  step 2879999 load imb.: force  9.4%
           Step           Time
        2880000     5760.00000

   Energies (kJ/mol)
           Bond          Angle    Proper Dih.          LJ-14     Coulomb-14
    2.02034e+02    5.01442e+02    5.85589e+02    2.17383e+02    5.26443e+03
        LJ (SR)  Disper. corr.   Coulomb (SR)   Coul. recip.      Potential
    1.33283e+04   -3.52128e+02   -8.82532e+04    2.20999e+02   -6.82851e+04
    Kinetic En.   Total Energy  Conserved En.    Temperature Pres. DC (bar)
    1.17390e+04   -5.65461e+04   -5.35506e+04    2.96271e+02   -1.24793e+02
 Pressure (bar)   Constr. rmsd
   -8.86809e+01    9.05912e-07


DD  step 2889999 load imb.: force  9.7%
           Step           Time
        2890000     5780.00000

   Energies (kJ/mol)
           Bond          Angle    Proper Dih.          LJ-14     Coulomb-14
    1.83096e+02    4.87708e+02    5.86520e+02    2.10948e+02    5.37507e+03
        LJ (SR)  Disper. corr.   Coulomb (SR)   Coul. recip.      Potential
    1.36043e+04   -3.52128e+02   -8.80816e+04    2.61923e+02   -6.77241e+04
    Kinetic En.   Total Energy  Conserved En.    Temperature Pres. DC (bar)
    1.20231e+04   -5.57010e+04   -5.35380e+04    3.03441e+02   -1.24793e+02
 Pressure (bar)   Constr. rmsd
    2.86339e+02    9.04649e-07


DD  step 2899999 load imb.: force 11.8%
           Step           Time
        2900000     5800.00000

   Energies (kJ/mol)
           Bond          Angle    Proper Dih.          LJ-14     Coulomb-14
    1.82785e+02    5.00371e+02    5.95240e+02    2.26417e+02    5.40495e+03
        LJ (SR)  Disper. corr.   Coulomb (SR)   Coul. recip.      Potential
    1.30549e+04   -3.52128e+02   -8.79949e+04    2.04695e+02   -6.81776e+04
    Kinetic En.   Total Energy  Conserved En.    Temperature Pres. DC (bar)
    1.19763e+04   -5.62013e+04   -5.35333e+04    3.02259e+02   -1.24793e+02
 Pressure (bar)   Constr. rmsd
   -2.21917e+02    1.73840e-06


DD  step 2909999 load imb.: force 94.5%
           Step           Time
        2910000     5820.00000

   Energies (kJ/mol)
           Bond          Angle    Proper Dih.          LJ-14     Coulomb-14
    2.15632e+02    4.59881e+02    6.37123e+02    2.08883e+02    5.21834e+03
        LJ (SR)  Disper. corr.   Coulomb (SR)   Coul. recip.      Potential
    1.34530e+04   -3.52128e+02   -8.79086e+04    2.46556e+02   -6.78213e+04
    Kinetic En.   Total Energy  Conserved En.    Temperature Pres. DC (bar)
    1.17711e+04   -5.60502e+04   -5.35190e+04    2.97081e+02   -1.24793e+02
 Pressure (bar)   Constr. rmsd
   -2.99451e+01    1.21722e-06


DD  step 2919999 load imb.: force 12.3%
           Step           Time
        2920000     5840.00000

   Energies (kJ/mol)
           Bond          Angle    Proper Dih.          LJ-14     Coulomb-14
    1.57378e+02    5.02965e+02    6.08994e+02    2.15156e+02    5.37015e+03
        LJ (SR)  Disper. corr.   Coulomb (SR)   Coul. recip.      Potential
    1.29386e+04   -3.52128e+02   -8.75510e+04    2.43731e+02   -6.78662e+04
    Kinetic En.   Total Energy  Conserved En.    Temperature Pres. DC (bar)
    1.19342e+04   -5.59320e+04   -5.35081e+04    3.01197e+02   -1.24793e+02
 Pressure (bar)   Constr. rmsd
   -4.04449e+02    1.82864e-06


DD  step 2929999 load imb.: force 18.8%
           Step           Time
        2930000     5860.00000

   Energies (kJ/mol)
           Bond          Angle    Proper Dih.          LJ-14     Coulomb-14
    1.93226e+02    4.66990e+02    5.92378e+02    2.19140e+02    5.39107e+03
        LJ (SR)  Disper. corr.   Coulomb (SR)   Coul. recip.      Potential
    1.29813e+04   -3.52128e+02   -8.76694e+04    2.41466e+02   -6.79359e+04
    Kinetic En.   Total Energy  Conserved En.    Temperature Pres. DC (bar)
    1.17598e+04   -5.61761e+04   -5.35086e+04    2.96797e+02   -1.24793e+02
 Pressure (bar)   Constr. rmsd
   -2.24770e+02    1.13368e-06


DD  step 2939999 load imb.: force  8.7%
           Step           Time
        2940000     5880.00000

   Energies (kJ/mol)
           Bond          Angle    Proper Dih.          LJ-14     Coulomb-14
    2.04364e+02    4.80811e+02    6.14191e+02    2.18283e+02    5.30535e+03
        LJ (SR)  Disper. corr.   Coulomb (SR)   Coul. recip.      Potential
    1.36903e+04   -3.52128e+02   -8.87540e+04    2.48264e+02   -6.83446e+04
    Kinetic En.   Total Energy  Conserved En.    Temperature Pres. DC (bar)
    1.20738e+04   -5.62707e+04   -5.34994e+04    3.04720e+02   -1.24793e+02
 Pressure (bar)   Constr. rmsd
    3.30482e+02    9.23093e-07


DD  step 2949999 load imb.: force  9.7%
           Step           Time
        2950000     5900.00000

   Energies (kJ/mol)
           Bond          Angle    Proper Dih.          LJ-14     Coulomb-14
    2.12972e+02    4.43649e+02    5.79177e+02    2.09914e+02    5.36120e+03
        LJ (SR)  Disper. corr.   Coulomb (SR)   Coul. recip.      Potential
    1.24730e+04   -3.52128e+02   -8.72986e+04    2.59839e+02   -6.81109e+04
    Kinetic En.   Total Energy  Conserved En.    Temperature Pres. DC (bar)
    1.18759e+04   -5.62351e+04   -5.34901e+04    2.99725e+02   -1.24793e+02
 Pressure (bar)   Constr. rmsd
   -1.09242e+03    1.33518e-06


DD  step 2959999 load imb.: force 11.1%
           Step           Time
        2960000     5920.00000

   Energies (kJ/mol)
           Bond          Angle    Proper Dih.          LJ-14     Coulomb-14
    1.95970e+02    5.39099e+02    5.92615e+02    2.34619e+02    5.36292e+03
        LJ (SR)  Disper. corr.   Coulomb (SR)   Coul. recip.      Potential
    1.31542e+04   -3.52128e+02   -8.79744e+04    2.16694e+02   -6.80304e+04
    Kinetic En.   Total Energy  Conserved En.    Temperature Pres. DC (bar)
    1.20037e+04   -5.60267e+04   -5.34792e+04    3.02950e+02   -1.24793e+02
 Pressure (bar)   Constr. rmsd
   -8.21985e+01    2.24819e-06


DD  step 2969999 load imb.: force 12.2%
           Step           Time
        2970000     5940.00000

   Energies (kJ/mol)
           Bond          Angle    Proper Dih.          LJ-14     Coulomb-14
    1.74923e+02    5.22941e+02    6.00964e+02    2.22750e+02    5.38490e+03
        LJ (SR)  Disper. corr.   Coulomb (SR)   Coul. recip.      Potential
    1.36210e+04   -3.52128e+02   -8.86291e+04    2.30759e+02   -6.82230e+04
    Kinetic En.   Total Energy  Conserved En.    Temperature Pres. DC (bar)
    1.18276e+04   -5.63954e+04   -5.34676e+04    2.98506e+02   -1.24793e+02
 Pressure (bar)   Constr. rmsd
    3.15563e+02    1.44327e-06


DD  step 2979999 load imb.: force  9.1%
           Step           Time
        2980000     5960.00000

   Energies (kJ/mol)
           Bond          Angle    Proper Dih.          LJ-14     Coulomb-14
    2.22392e+02    4.88611e+02    5.87167e+02    2.27572e+02    5.30844e+03
        LJ (SR)  Disper. corr.   Coulomb (SR)   Coul. recip.      Potential
    1.32455e+04   -3.52128e+02   -8.80041e+04    2.40560e+02   -6.80359e+04
    Kinetic En.   Total Energy  Conserved En.    Temperature Pres. DC (bar)
    1.17902e+04   -5.62457e+04   -5.34559e+04    2.97562e+02   -1.24793e+02
 Pressure (bar)   Constr. rmsd
   -7.98592e+01    1.10316e-06


DD  step 2989999 load imb.: force 12.5%
           Step           Time
        2990000     5980.00000

   Energies (kJ/mol)
           Bond          Angle    Proper Dih.          LJ-14     Coulomb-14
    2.09001e+02    5.63837e+02    5.96146e+02    2.29836e+02    5.35646e+03
        LJ (SR)  Disper. corr.   Coulomb (SR)   Coul. recip.      Potential
    1.34514e+04   -3.52128e+02   -8.83613e+04    2.27582e+02   -6.80791e+04
    Kinetic En.   Total Energy  Conserved En.    Temperature Pres. DC (bar)
    1.19371e+04   -5.61421e+04   -5.34484e+04    3.01269e+02   -1.24793e+02
 Pressure (bar)   Constr. rmsd
    1.39731e+02    7.97974e-07


DD  step 2999999 load imb.: force 15.6%
           Step           Time
        3000000     6000.00000

   Energies (kJ/mol)
           Bond          Angle    Proper Dih.          LJ-14     Coulomb-14
    1.95765e+02    5.20407e+02    5.67479e+02    2.31687e+02    5.36425e+03
        LJ (SR)  Disper. corr.   Coulomb (SR)   Coul. recip.      Potential
    1.31923e+04   -3.52128e+02   -8.76174e+04    2.36051e+02   -6.76615e+04
    Kinetic En.   Total Energy  Conserved En.    Temperature Pres. DC (bar)
    1.19067e+04   -5.57548e+04   -5.34414e+04    3.00503e+02   -1.24793e+02
 Pressure (bar)   Constr. rmsd
    2.71075e+01    1.65318e-06


DD  step 3009999 load imb.: force 11.6%
           Step           Time
        3010000     6020.00000

   Energies (kJ/mol)
           Bond          Angle    Proper Dih.          LJ-14     Coulomb-14
    1.98776e+02    4.87771e+02    5.92891e+02    2.22207e+02    5.22454e+03
        LJ (SR)  Disper. corr.   Coulomb (SR)   Coul. recip.      Potential
    1.29889e+04   -3.52128e+02   -8.74371e+04    2.39879e+02   -6.78343e+04
    Kinetic En.   Total Energy  Conserved En.    Temperature Pres. DC (bar)
    1.18264e+04   -5.60079e+04   -5.34332e+04    2.98476e+02   -1.24793e+02
 Pressure (bar)   Constr. rmsd
   -1.73009e+02    1.29008e-06


DD  step 3019999 load imb.: force  6.4%
           Step           Time
        3020000     6040.00000

   Energies (kJ/mol)
           Bond          Angle    Proper Dih.          LJ-14     Coulomb-14
    2.24006e+02    4.74074e+02    5.95559e+02    2.27230e+02    5.18970e+03
        LJ (SR)  Disper. corr.   Coulomb (SR)   Coul. recip.      Potential
    1.36491e+04   -3.52128e+02   -8.86775e+04    2.34378e+02   -6.84355e+04
    Kinetic En.   Total Energy  Conserved En.    Temperature Pres. DC (bar)
    1.19034e+04   -5.65321e+04   -5.34250e+04    3.00419e+02   -1.24793e+02
 Pressure (bar)   Constr. rmsd
    6.43109e+01    1.05322e-06


DD  step 3029999 load imb.: force 14.1%
           Step           Time
        3030000     6060.00000

   Energies (kJ/mol)
           Bond          Angle    Proper Dih.          LJ-14     Coulomb-14
    2.12795e+02    4.73587e+02    6.12595e+02    2.04513e+02    5.27720e+03
        LJ (SR)  Disper. corr.   Coulomb (SR)   Coul. recip.      Potential
    1.35297e+04   -3.52128e+02   -8.82800e+04    2.43558e+02   -6.80781e+04
    Kinetic En.   Total Energy  Conserved En.    Temperature Pres. DC (bar)
    1.20854e+04   -5.59927e+04   -5.34201e+04    3.05013e+02   -1.24793e+02
 Pressure (bar)   Constr. rmsd
    4.87149e+01    3.35067e-06


DD  step 3039999 load imb.: force 11.8%
           Step           Time
        3040000     6080.00000

   Energies (kJ/mol)
           Bond          Angle    Proper Dih.          LJ-14     Coulomb-14
    1.77020e+02    5.06507e+02    5.98839e+02    1.98369e+02    5.25450e+03
        LJ (SR)  Disper. corr.   Coulomb (SR)   Coul. recip.      Potential
    1.36928e+04   -3.52128e+02   -8.86708e+04    2.32152e+02   -6.83628e+04
    Kinetic En.   Total Energy  Conserved En.    Temperature Pres. DC (bar)
    1.18066e+04   -5.65562e+04   -5.34163e+04    2.97976e+02   -1.24793e+02
 Pressure (bar)   Constr. rmsd
    1.14773e+02    1.16479e-06


DD  step 3049999 load imb.: force 10.3%
           Step           Time
        3050000     6100.00000

   Energies (kJ/mol)
           Bond          Angle    Proper Dih.          LJ-14     Coulomb-14
    1.92360e+02    4.86010e+02    5.87226e+02    2.29739e+02    5.23074e+03
        LJ (SR)  Disper. corr.   Coulomb (SR)   Coul. recip.      Potential
    1.35797e+04   -3.52128e+02   -8.87223e+04    1.99845e+02   -6.85689e+04
    Kinetic En.   Total Energy  Conserved En.    Temperature Pres. DC (bar)
    1.20078e+04   -5.65610e+04   -5.34100e+04    3.03056e+02   -1.24793e+02
 Pressure (bar)   Constr. rmsd
    2.49278e+01    8.87299e-07


DD  step 3059999 load imb.: force  8.6%
           Step           Time
        3060000     6120.00000

   Energies (kJ/mol)
           Bond          Angle    Proper Dih.          LJ-14     Coulomb-14
    1.75928e+02    5.41237e+02    6.04411e+02    2.25288e+02    5.24890e+03
        LJ (SR)  Disper. corr.   Coulomb (SR)   Coul. recip.      Potential
    1.30495e+04   -3.52128e+02   -8.79208e+04    2.31968e+02   -6.81957e+04
    Kinetic En.   Total Energy  Conserved En.    Temperature Pres. DC (bar)
    1.21681e+04   -5.60276e+04   -5.33975e+04    3.07101e+02   -1.24793e+02
 Pressure (bar)   Constr. rmsd
   -3.77250e+02    1.01105e-06


DD  step 3069999 load imb.: force  4.9%
           Step           Time
        3070000     6140.00000

   Energies (kJ/mol)
           Bond          Angle    Proper Dih.          LJ-14     Coulomb-14
    2.17789e+02    5.02229e+02    5.86589e+02    2.36204e+02    5.30014e+03
        LJ (SR)  Disper. corr.   Coulomb (SR)   Coul. recip.      Potential
    1.29965e+04   -3.52128e+02   -8.70348e+04    2.32119e+02   -6.73154e+04
    Kinetic En.   Total Energy  Conserved En.    Temperature Pres. DC (bar)
    1.19320e+04   -5.53834e+04   -5.33900e+04    3.01141e+02   -1.24793e+02
 Pressure (bar)   Constr. rmsd
    4.94625e+01    1.68952e-06


DD  step 3079999 load imb.: force  7.0%
           Step           Time
        3080000     6160.00000

   Energies (kJ/mol)
           Bond          Angle    Proper Dih.          LJ-14     Coulomb-14
    2.21266e+02    4.81485e+02    5.89250e+02    2.17580e+02    5.43428e+03
        LJ (SR)  Disper. corr.   Coulomb (SR)   Coul. recip.      Potential
    1.34785e+04   -3.52128e+02   -8.89928e+04    1.95527e+02   -6.87270e+04
    Kinetic En.   Total Energy  Conserved En.    Temperature Pres. DC (bar)
    1.15726e+04   -5.71544e+04   -5.33751e+04    2.92071e+02   -1.24793e+02
 Pressure (bar)   Constr. rmsd
   -2.32377e+02    1.70198e-06


DD  step 3089999 load imb.: force  7.6%
           Step           Time
        3090000     6180.00000

   Energies (kJ/mol)
           Bond          Angle    Proper Dih.          LJ-14     Coulomb-14
    2.68505e+02    5.35434e+02    5.80716e+02    1.94266e+02    5.21227e+03
        LJ (SR)  Disper. corr.   Coulomb (SR)   Coul. recip.      Potential
    1.29572e+04   -3.52128e+02   -8.75066e+04    2.44803e+02   -6.78655e+04
    Kinetic En.   Total Energy  Conserved En.    Temperature Pres. DC (bar)
    1.21985e+04   -5.56670e+04   -5.33760e+04    3.07868e+02   -1.24793e+02
 Pressure (bar)   Constr. rmsd
   -6.25326e+02    9.52472e-07


DD  step 3099999 load imb.: force  9.2%
           Step           Time
        3100000     6200.00000

   Energies (kJ/mol)
           Bond          Angle    Proper Dih.          LJ-14     Coulomb-14
    2.00166e+02    4.51660e+02    5.91735e+02    2.31927e+02    5.39398e+03
        LJ (SR)  Disper. corr.   Coulomb (SR)   Coul. recip.      Potential
    1.33443e+04   -3.52128e+02   -8.75611e+04    2.28840e+02   -6.74706e+04
    Kinetic En.   Total Energy  Conserved En.    Temperature Pres. DC (bar)
    1.18888e+04   -5.55818e+04   -5.33631e+04    3.00051e+02   -1.24793e+02
 Pressure (bar)   Constr. rmsd
    4.29801e+02    1.06385e-06


DD  step 3109999 load imb.: force  6.5%
           Step           Time
        3110000     6220.00000

   Energies (kJ/mol)
           Bond          Angle    Proper Dih.          LJ-14     Coulomb-14
    2.01150e+02    4.67615e+02    5.73280e+02    2.20797e+02    5.35412e+03
        LJ (SR)  Disper. corr.   Coulomb (SR)   Coul. recip.      Potential
    1.32114e+04   -3.52128e+02   -8.80318e+04    2.14614e+02   -6.81409e+04
    Kinetic En.   Total Energy  Conserved En.    Temperature Pres. DC (bar)
    1.19457e+04   -5.61952e+04   -5.33555e+04    3.01488e+02   -1.24793e+02
 Pressure (bar)   Constr. rmsd
   -1.63210e+02    1.11740e-06


DD  step 3119999 load imb.: force 14.3%
           Step           Time
        3120000     6240.00000

   Energies (kJ/mol)
           Bond          Angle    Proper Dih.          LJ-14     Coulomb-14
    2.19895e+02    5.00897e+02    5.82289e+02    2.15954e+02    5.33285e+03
        LJ (SR)  Disper. corr.   Coulomb (SR)   Coul. recip.      Potential
    1.29069e+04   -3.52128e+02   -8.76506e+04    2.27382e+02   -6.80166e+04
    Kinetic En.   Total Energy  Conserved En.    Temperature Pres. DC (bar)
    1.19835e+04   -5.60331e+04   -5.33510e+04    3.02440e+02   -1.24793e+02
 Pressure (bar)   Constr. rmsd
   -7.18011e+02    1.01406e-06


DD  step 3129999 load imb.: force  9.3%
           Step           Time
        3130000     6260.00000

   Energies (kJ/mol)
           Bond          Angle    Proper Dih.          LJ-14     Coulomb-14
    2.18009e+02    4.60692e+02    5.60060e+02    1.88473e+02    5.30760e+03
        LJ (SR)  Disper. corr.   Coulomb (SR)   Coul. recip.      Potential
    1.29312e+04   -3.52128e+02   -8.75469e+04    2.13436e+02   -6.80196e+04
    Kinetic En.   Total Energy  Conserved En.    Temperature Pres. DC (bar)
    1.19056e+04   -5.61140e+04   -5.33450e+04    3.00475e+02   -1.24793e+02
 Pressure (bar)   Constr. rmsd
   -7.14016e+02    8.66173e-07


DD  step 3139999 load imb.: force 13.7%
           Step           Time
        3140000     6280.00000

   Energies (kJ/mol)
           Bond          Angle    Proper Dih.          LJ-14     Coulomb-14
    1.95247e+02    4.28036e+02    5.66372e+02    2.09902e+02    5.37455e+03
        LJ (SR)  Disper. corr.   Coulomb (SR)   Coul. recip.      Potential
    1.36258e+04   -3.52128e+02   -8.80302e+04    2.16787e+02   -6.77657e+04
    Kinetic En.   Total Energy  Conserved En.    Temperature Pres. DC (bar)
    1.20297e+04   -5.57360e+04   -5.33344e+04    3.03608e+02   -1.24793e+02
 Pressure (bar)   Constr. rmsd
    3.92621e+02    2.63969e-06


DD  step 3149999 load imb.: force  6.0%
           Step           Time
        3150000     6300.00000

   Energies (kJ/mol)
           Bond          Angle    Proper Dih.          LJ-14     Coulomb-14
    2.11641e+02    4.95948e+02    5.64135e+02    2.04122e+02    5.28774e+03
        LJ (SR)  Disper. corr.   Coulomb (SR)   Coul. recip.      Potential
    1.31741e+04   -3.52128e+02   -8.78276e+04    2.11638e+02   -6.80304e+04
    Kinetic En.   Total Energy  Conserved En.    Temperature Pres. DC (bar)
    1.18061e+04   -5.62243e+04   -5.33308e+04    2.97964e+02   -1.24793e+02
 Pressure (bar)   Constr. rmsd
   -3.15921e+02    1.69243e-06


DD  step 3159999 load imb.: force 17.4%
           Step           Time
        3160000     6320.00000

   Energies (kJ/mol)
           Bond          Angle    Proper Dih.          LJ-14     Coulomb-14
    1.51272e+02    4.53918e+02    5.77857e+02    2.47068e+02    5.42060e+03
        LJ (SR)  Disper. corr.   Coulomb (SR)   Coul. recip.      Potential
    1.30120e+04   -3.52128e+02   -8.80396e+04    2.16483e+02   -6.83125e+04
    Kinetic En.   Total Energy  Conserved En.    Temperature Pres. DC (bar)
    1.19290e+04   -5.63834e+04   -5.33207e+04    3.01067e+02   -1.24793e+02
 Pressure (bar)   Constr. rmsd
    1.59425e+02    1.37909e-06


DD  step 3169999 load imb.: force  8.0%
           Step           Time
        3170000     6340.00000

   Energies (kJ/mol)
           Bond          Angle    Proper Dih.          LJ-14     Coulomb-14
    2.20740e+02    5.53767e+02    5.85894e+02    2.30622e+02    5.38633e+03
        LJ (SR)  Disper. corr.   Coulomb (SR)   Coul. recip.      Potential
    1.30622e+04   -3.52128e+02   -8.75387e+04    2.18994e+02   -6.76323e+04
    Kinetic En.   Total Energy  Conserved En.    Temperature Pres. DC (bar)
    1.17668e+04   -5.58655e+04   -5.33099e+04    2.96971e+02   -1.24793e+02
 Pressure (bar)   Constr. rmsd
   -1.66181e+02    2.42820e-06


DD  step 3179999 load imb.: force 11.3%
           Step           Time
        3180000     6360.00000

   Energies (kJ/mol)
           Bond          Angle    Proper Dih.          LJ-14     Coulomb-14
    1.76373e+02    5.06621e+02    5.83475e+02    2.18505e+02    5.20065e+03
        LJ (SR)  Disper. corr.   Coulomb (SR)   Coul. recip.      Potential
    1.38923e+04   -3.52128e+02   -8.84995e+04    2.12384e+02   -6.80614e+04
    Kinetic En.   Total Energy  Conserved En.    Temperature Pres. DC (bar)
    1.16140e+04   -5.64474e+04   -5.33109e+04    2.93116e+02   -1.24793e+02
 Pressure (bar)   Constr. rmsd
    7.29971e+02    1.06311e-06


DD  step 3189999 load imb.: force  8.2%
           Step           Time
        3190000     6380.00000

   Energies (kJ/mol)
           Bond          Angle    Proper Dih.          LJ-14     Coulomb-14
    1.84963e+02    5.30976e+02    6.08282e+02    2.18441e+02    5.29261e+03
        LJ (SR)  Disper. corr.   Coulomb (SR)   Coul. recip.      Potential
    1.37638e+04   -3.52128e+02   -8.87118e+04    2.30605e+02   -6.82343e+04
    Kinetic En.   Total Energy  Conserved En.    Temperature Pres. DC (bar)
    1.16060e+04   -5.66283e+04   -5.32988e+04    2.92913e+02   -1.24793e+02
 Pressure (bar)   Constr. rmsd
    6.60693e+02    1.79719e-06


DD  step 3199999 load imb.: force 10.6%
           Step           Time
        3200000     6400.00000

   Energies (kJ/mol)
           Bond          Angle    Proper Dih.          LJ-14     Coulomb-14
    1.89032e+02    5.23271e+02    5.79743e+02    1.99897e+02    5.22027e+03
        LJ (SR)  Disper. corr.   Coulomb (SR)   Coul. recip.      Potential
    1.33078e+04   -3.52128e+02   -8.78862e+04    2.23097e+02   -6.79952e+04
    Kinetic En.   Total Energy  Conserved En.    Temperature Pres. DC (bar)
    1.17014e+04   -5.62939e+04   -5.33030e+04    2.95321e+02   -1.24793e+02
 Pressure (bar)   Constr. rmsd
   -1.77894e+02    1.32732e-06


DD  step 3209999 load imb.: force 11.5%
           Step           Time
        3210000     6420.00000

   Energies (kJ/mol)
           Bond          Angle    Proper Dih.          LJ-14     Coulomb-14
    1.89108e+02    5.20383e+02    5.84287e+02    2.08862e+02    5.32610e+03
        LJ (SR)  Disper. corr.   Coulomb (SR)   Coul. recip.      Potential
    1.27857e+04   -3.52128e+02   -8.73191e+04    2.34933e+02   -6.78218e+04
    Kinetic En.   Total Energy  Conserved En.    Temperature Pres. DC (bar)
    1.19104e+04   -5.59114e+04   -5.32994e+04    3.00596e+02   -1.24793e+02
 Pressure (bar)   Constr. rmsd
   -6.18057e+02    2.50583e-06


DD  step 3219999 load imb.: force 10.9%
           Step           Time
        3220000     6440.00000

   Energies (kJ/mol)
           Bond          Angle    Proper Dih.          LJ-14     Coulomb-14
    1.99302e+02    4.92210e+02    5.95157e+02    2.22823e+02    5.25888e+03
        LJ (SR)  Disper. corr.   Coulomb (SR)   Coul. recip.      Potential
    1.32037e+04   -3.52128e+02   -8.78249e+04    2.29533e+02   -6.79754e+04
    Kinetic En.   Total Energy  Conserved En.    Temperature Pres. DC (bar)
    1.19991e+04   -5.59764e+04   -5.32892e+04    3.02834e+02   -1.24793e+02
 Pressure (bar)   Constr. rmsd
    2.78013e+01    1.17754e-06


DD  step 3229999 load imb.: force  7.2%
           Step           Time
        3230000     6460.00000

   Energies (kJ/mol)
           Bond          Angle    Proper Dih.          LJ-14     Coulomb-14
    1.85731e+02    4.82554e+02    5.81653e+02    2.00333e+02    5.29386e+03
        LJ (SR)  Disper. corr.   Coulomb (SR)   Coul. recip.      Potential
    1.34073e+04   -3.52128e+02   -8.83075e+04    2.21385e+02   -6.82868e+04
    Kinetic En.   Total Energy  Conserved En.    Temperature Pres. DC (bar)
    1.23508e+04   -5.59360e+04   -5.32790e+04    3.11712e+02   -1.24793e+02
 Pressure (bar)   Constr. rmsd
   -7.32348e+01    2.13626e-06


DD  step 3239999 load imb.: force  6.4%
           Step           Time
        3240000     6480.00000

   Energies (kJ/mol)
           Bond          Angle    Proper Dih.          LJ-14     Coulomb-14
    2.13627e+02    5.12286e+02    5.93862e+02    2.29848e+02    5.27224e+03
        LJ (SR)  Disper. corr.   Coulomb (SR)   Coul. recip.      Potential
    1.31093e+04   -3.52128e+02   -8.79473e+04    2.10822e+02   -6.81575e+04
    Kinetic En.   Total Energy  Conserved En.    Temperature Pres. DC (bar)
    1.17629e+04   -5.63945e+04   -5.32693e+04    2.96874e+02   -1.24793e+02
 Pressure (bar)   Constr. rmsd
   -4.10041e+02    1.08273e-06


DD  step 3249999 load imb.: force 10.1%
           Step           Time
        3250000     6500.00000

   Energies (kJ/mol)
           Bond          Angle    Proper Dih.          LJ-14     Coulomb-14
    1.98578e+02    4.93229e+02    5.92001e+02    2.40228e+02    5.29007e+03
        LJ (SR)  Disper. corr.   Coulomb (SR)   Coul. recip.      Potential
    1.34574e+04   -3.52128e+02   -8.84582e+04    2.25851e+02   -6.83130e+04
    Kinetic En.   Total Energy  Conserved En.    Temperature Pres. DC (bar)
    1.15222e+04   -5.67908e+04   -5.32593e+04    2.90798e+02   -1.24793e+02
 Pressure (bar)   Constr. rmsd
    2.95048e+02    1.41099e-06


DD  step 3259999 load imb.: force  7.9%
           Step           Time
        3260000     6520.00000

   Energies (kJ/mol)
           Bond          Angle    Proper Dih.          LJ-14     Coulomb-14
    1.81275e+02    4.14989e+02    5.74172e+02    2.31884e+02    5.30488e+03
        LJ (SR)  Disper. corr.   Coulomb (SR)   Coul. recip.      Potential
    1.32601e+04   -3.52128e+02   -8.74772e+04    2.27943e+02   -6.76340e+04
    Kinetic En.   Total Energy  Conserved En.    Temperature Pres. DC (bar)
    1.16302e+04   -5.60038e+04   -5.32617e+04    2.93524e+02   -1.24793e+02
 Pressure (bar)   Constr. rmsd
    1.54066e+02    1.34584e-06


DD  step 3269999 load imb.: force 11.4%
           Step           Time
        3270000     6540.00000

   Energies (kJ/mol)
           Bond          Angle    Proper Dih.          LJ-14     Coulomb-14
    1.76542e+02    5.17585e+02    5.73632e+02    2.08810e+02    5.30951e+03
        LJ (SR)  Disper. corr.   Coulomb (SR)   Coul. recip.      Potential
    1.33525e+04   -3.52128e+02   -8.84206e+04    2.39417e+02   -6.83948e+04
    Kinetic En.   Total Energy  Conserved En.    Temperature Pres. DC (bar)
    1.21468e+04   -5.62480e+04   -5.32496e+04    3.06562e+02   -1.24793e+02
 Pressure (bar)   Constr. rmsd
   -5.39851e+01    1.06004e-06


DD  step 3279999 load imb.: force  6.2%
           Step           Time
        3280000     6560.00000

   Energies (kJ/mol)
           Bond          Angle    Proper Dih.          LJ-14     Coulomb-14
    2.36247e+02    4.85205e+02    5.91702e+02    2.24040e+02    5.42502e+03
        LJ (SR)  Disper. corr.   Coulomb (SR)   Coul. recip.      Potential
    1.30119e+04   -3.52128e+02   -8.74901e+04    2.52679e+02   -6.76155e+04
    Kinetic En.   Total Energy  Conserved En.    Temperature Pres. DC (bar)
    1.17584e+04   -5.58570e+04   -5.32341e+04    2.96761e+02   -1.24793e+02
 Pressure (bar)   Constr. rmsd
   -3.71884e+02    2.10060e-06


DD  step 3289999 load imb.: force  5.8%
           Step           Time
        3290000     6580.00000

   Energies (kJ/mol)
           Bond          Angle    Proper Dih.          LJ-14     Coulomb-14
    2.19693e+02    4.83920e+02    6.03290e+02    2.36489e+02    5.39960e+03
        LJ (SR)  Disper. corr.   Coulomb (SR)   Coul. recip.      Potential
    1.33404e+04   -3.52128e+02   -8.76899e+04    2.09911e+02   -6.75488e+04
    Kinetic En.   Total Energy  Conserved En.    Temperature Pres. DC (bar)
    1.19134e+04   -5.56354e+04   -5.32318e+04    3.00672e+02   -1.24793e+02
 Pressure (bar)   Constr. rmsd
    1.31272e+02    1.57563e-06


DD  step 3299999 load imb.: force  8.6%
           Step           Time
        3300000     6600.00000

   Energies (kJ/mol)
           Bond          Angle    Proper Dih.          LJ-14     Coulomb-14
    2.04738e+02    4.32957e+02    5.70430e+02    2.23275e+02    5.39157e+03
        LJ (SR)  Disper. corr.   Coulomb (SR)   Coul. recip.      Potential
    1.31009e+04   -3.52128e+02   -8.81600e+04    2.18400e+02   -6.83699e+04
    Kinetic En.   Total Energy  Conserved En.    Temperature Pres. DC (bar)
    1.18564e+04   -5.65135e+04   -5.32242e+04    2.99234e+02   -1.24793e+02
 Pressure (bar)   Constr. rmsd
   -4.70857e+02    1.03223e-06


DD  step 3309999 load imb.: force  8.8%
           Step           Time
        3310000     6620.00000

   Energies (kJ/mol)
           Bond          Angle    Proper Dih.          LJ-14     Coulomb-14
    1.92328e+02    4.34717e+02    5.88198e+02    2.08581e+02    5.34871e+03
        LJ (SR)  Disper. corr.   Coulomb (SR)   Coul. recip.      Potential
    1.30842e+04   -3.52128e+02   -8.78421e+04    2.23902e+02   -6.81135e+04
    Kinetic En.   Total Energy  Conserved En.    Temperature Pres. DC (bar)
    1.19347e+04   -5.61789e+04   -5.32103e+04    3.01208e+02   -1.24793e+02
 Pressure (bar)   Constr. rmsd
   -3.67371e+02    1.24511e-06


DD  step 3319999 load imb.: force 12.3%
           Step           Time
        3320000     6640.00000

   Energies (kJ/mol)
           Bond          Angle    Proper Dih.          LJ-14     Coulomb-14
    2.43718e+02    5.42121e+02    6.15894e+02    2.35827e+02    5.36265e+03
        LJ (SR)  Disper. corr.   Coulomb (SR)   Coul. recip.      Potential
    1.32234e+04   -3.52128e+02   -8.79531e+04    2.33721e+02   -6.78479e+04
    Kinetic En.   Total Energy  Conserved En.    Temperature Pres. DC (bar)
    1.19116e+04   -5.59364e+04   -5.32090e+04    3.00626e+02   -1.24793e+02
 Pressure (bar)   Constr. rmsd
   -3.53552e+02    1.34396e-06


DD  step 3329999 load imb.: force 13.1%
           Step           Time
        3330000     6660.00000

   Energies (kJ/mol)
           Bond          Angle    Proper Dih.          LJ-14     Coulomb-14
    2.04989e+02    4.64158e+02    5.89974e+02    2.22594e+02    5.36404e+03
        LJ (SR)  Disper. corr.   Coulomb (SR)   Coul. recip.      Potential
    1.33680e+04   -3.52128e+02   -8.82881e+04    2.45862e+02   -6.81806e+04
    Kinetic En.   Total Energy  Conserved En.    Temperature Pres. DC (bar)
    1.19504e+04   -5.62302e+04   -5.32026e+04    3.01605e+02   -1.24793e+02
 Pressure (bar)   Constr. rmsd
    1.36729e+02    9.06523e-07


DD  step 3339999 load imb.: force  9.3%
           Step           Time
        3340000     6680.00000

   Energies (kJ/mol)
           Bond          Angle    Proper Dih.          LJ-14     Coulomb-14
    2.10815e+02    5.02382e+02    5.82788e+02    2.21452e+02    5.27408e+03
        LJ (SR)  Disper. corr.   Coulomb (SR)   Coul. recip.      Potential
    1.31720e+04   -3.52128e+02   -8.79894e+04    2.09128e+02   -6.81688e+04
    Kinetic En.   Total Energy  Conserved En.    Temperature Pres. DC (bar)
    1.16254e+04   -5.65434e+04   -5.31986e+04    2.93405e+02   -1.24793e+02
 Pressure (bar)   Constr. rmsd
   -3.39135e+02    1.49326e-06


DD  step 3349999 load imb.: force  5.5%
           Step           Time
        3350000     6700.00000

   Energies (kJ/mol)
           Bond          Angle    Proper Dih.          LJ-14     Coulomb-14
    2.44878e+02    4.62140e+02    5.97889e+02    2.29553e+02    5.30322e+03
        LJ (SR)  Disper. corr.   Coulomb (SR)   Coul. recip.      Potential
    1.27370e+04   -3.52128e+02   -8.72251e+04    2.38165e+02   -6.77644e+04
    Kinetic En.   Total Energy  Conserved En.    Temperature Pres. DC (bar)
    1.20599e+04   -5.57045e+04   -5.31937e+04    3.04370e+02   -1.24793e+02
 Pressure (bar)   Constr. rmsd
   -2.81246e+02    1.05984e-06


DD  step 3359999 load imb.: force 10.7%
           Step           Time
        3360000     6720.00000

   Energies (kJ/mol)
           Bond          Angle    Proper Dih.          LJ-14     Coulomb-14
    1.91926e+02    4.47224e+02    6.01399e+02    1.98865e+02    5.33667e+03
        LJ (SR)  Disper. corr.   Coulomb (SR)   Coul. recip.      Potential
    1.32115e+04   -3.52128e+02   -8.80106e+04    2.36826e+02   -6.81383e+04
    Kinetic En.   Total Energy  Conserved En.    Temperature Pres. DC (bar)
    1.19628e+04   -5.61754e+04   -5.31968e+04    3.01919e+02   -1.24793e+02
 Pressure (bar)   Constr. rmsd
   -2.45087e+02    1.71052e-06


DD  step 3369999 load imb.: force  8.3%
           Step           Time
        3370000     6740.00000

   Energies (kJ/mol)
           Bond          Angle    Proper Dih.          LJ-14     Coulomb-14
    2.09214e+02    5.30634e+02    5.85163e+02    2.12929e+02    5.39680e+03
        LJ (SR)  Disper. corr.   Coulomb (SR)   Coul. recip.      Potential
    1.31558e+04   -3.52128e+02   -8.79716e+04    2.31463e+02   -6.80018e+04
    Kinetic En.   Total Energy  Conserved En.    Temperature Pres. DC (bar)
    1.19266e+04   -5.60751e+04   -5.31759e+04    3.01006e+02   -1.24793e+02
 Pressure (bar)   Constr. rmsd
   -1.73297e+02    1.27701e-06


DD  step 3379999 load imb.: force  8.4%
           Step           Time
        3380000     6760.00000

   Energies (kJ/mol)
           Bond          Angle    Proper Dih.          LJ-14     Coulomb-14
    1.75717e+02    5.25468e+02    6.22574e+02    2.46716e+02    5.33657e+03
        LJ (SR)  Disper. corr.   Coulomb (SR)   Coul. recip.      Potential
    1.33168e+04   -3.52128e+02   -8.83396e+04    2.02940e+02   -6.82649e+04
    Kinetic En.   Total Energy  Conserved En.    Temperature Pres. DC (bar)
    1.16823e+04   -5.65827e+04   -5.31761e+04    2.94838e+02   -1.24793e+02
 Pressure (bar)   Constr. rmsd
   -7.64008e+01    2.00434e-06


DD  step 3389999 load imb.: force 10.0%
           Step           Time
        3390000     6780.00000

   Energies (kJ/mol)
           Bond          Angle    Proper Dih.          LJ-14     Coulomb-14
    1.97098e+02    5.12673e+02    5.79285e+02    2.24329e+02    5.41143e+03
        LJ (SR)  Disper. corr.   Coulomb (SR)   Coul. recip.      Potential
    1.29395e+04   -3.52128e+02   -8.76854e+04    2.26585e+02   -6.79467e+04
    Kinetic En.   Total Energy  Conserved En.    Temperature Pres. DC (bar)
    1.17098e+04   -5.62369e+04   -5.31641e+04    2.95534e+02   -1.24793e+02
 Pressure (bar)   Constr. rmsd
   -4.24565e+02    1.37328e-06


DD  step 3399999 load imb.: force 11.0%
           Step           Time
        3400000     6800.00000

   Energies (kJ/mol)
           Bond          Angle    Proper Dih.          LJ-14     Coulomb-14
    1.70664e+02    4.55523e+02    5.86697e+02    2.06311e+02    5.36983e+03
        LJ (SR)  Disper. corr.   Coulomb (SR)   Coul. recip.      Potential
    1.34211e+04   -3.52128e+02   -8.81740e+04    2.37064e+02   -6.80789e+04
    Kinetic En.   Total Energy  Conserved En.    Temperature Pres. DC (bar)
    1.16722e+04   -5.64067e+04   -5.31611e+04    2.94586e+02   -1.24793e+02
 Pressure (bar)   Constr. rmsd
   -4.95305e+01    1.13707e-06


DD  step 3409999 load imb.: force 11.4%
           Step           Time
        3410000     6820.00000

   Energies (kJ/mol)
           Bond          Angle    Proper Dih.          LJ-14     Coulomb-14
    1.86265e+02    4.51070e+02    5.84786e+02    2.21196e+02    5.39016e+03
        LJ (SR)  Disper. corr.   Coulomb (SR)   Coul. recip.      Potential
    1.34426e+04   -3.52128e+02   -8.84612e+04    1.88807e+02   -6.83485e+04
    Kinetic En.   Total Energy  Conserved En.    Temperature Pres. DC (bar)
    1.20509e+04   -5.62976e+04   -5.31558e+04    3.04142e+02   -1.24793e+02
 Pressure (bar)   Constr. rmsd
    7.71042e+01    1.05034e-06


DD  step 3419999 load imb.: force 24.4%
           Step           Time
        3420000     6840.00000

   Energies (kJ/mol)
           Bond          Angle    Proper Dih.          LJ-14     Coulomb-14
    1.69194e+02    4.20739e+02    5.85086e+02    2.42754e+02    5.47461e+03
        LJ (SR)  Disper. corr.   Coulomb (SR)   Coul. recip.      Potential
    1.31192e+04   -3.52128e+02   -8.76016e+04    2.27439e+02   -6.77147e+04
    Kinetic En.   Total Energy  Conserved En.    Temperature Pres. DC (bar)
    1.20309e+04   -5.56838e+04   -5.31554e+04    3.03637e+02   -1.24793e+02
 Pressure (bar)   Constr. rmsd
    2.11391e+02    1.53638e-06


DD  step 3429999 load imb.: force 10.2%
           Step           Time
        3430000     6860.00000

   Energies (kJ/mol)
           Bond          Angle    Proper Dih.          LJ-14     Coulomb-14
    2.05853e+02    5.19311e+02    5.79844e+02    2.34757e+02    5.31922e+03
        LJ (SR)  Disper. corr.   Coulomb (SR)   Coul. recip.      Potential
    1.26821e+04   -3.52128e+02   -8.75227e+04    1.93999e+02   -6.81398e+04
    Kinetic En.   Total Energy  Conserved En.    Temperature Pres. DC (bar)
    1.18444e+04   -5.62954e+04   -5.31344e+04    2.98931e+02   -1.24793e+02
 Pressure (bar)   Constr. rmsd
   -6.57899e+02    6.97234e-07


DD  step 3439999 load imb.: force 15.3%
           Step           Time
        3440000     6880.00000

   Energies (kJ/mol)
           Bond          Angle    Proper Dih.          LJ-14     Coulomb-14
    1.78265e+02    5.07710e+02    5.99028e+02    1.99843e+02    5.22045e+03
        LJ (SR)  Disper. corr.   Coulomb (SR)   Coul. recip.      Potential
    1.24948e+04   -3.52128e+02   -8.70688e+04    2.13913e+02   -6.80070e+04
    Kinetic En.   Total Energy  Conserved En.    Temperature Pres. DC (bar)
    1.17569e+04   -5.62501e+04   -5.31371e+04    2.96721e+02   -1.24793e+02
 Pressure (bar)   Constr. rmsd
   -1.07572e+03    1.54421e-06


DD  step 3449999 load imb.: force 13.0%
           Step           Time
        3450000     6900.00000

   Energies (kJ/mol)
           Bond          Angle    Proper Dih.          LJ-14     Coulomb-14
    1.89072e+02    4.83273e+02    5.84347e+02    2.22041e+02    5.41907e+03
        LJ (SR)  Disper. corr.   Coulomb (SR)   Coul. recip.      Potential
    1.33637e+04   -3.52128e+02   -8.90960e+04    2.00545e+02   -6.89861e+04
    Kinetic En.   Total Energy  Conserved En.    Temperature Pres. DC (bar)
    1.19558e+04   -5.70303e+04   -5.31242e+04    3.01741e+02   -1.24793e+02
 Pressure (bar)   Constr. rmsd
   -4.88083e+02    8.28269e-07


DD  step 3459999 load imb.: force 21.0%
           Step           Time
        3460000     6920.00000

   Energies (kJ/mol)
           Bond          Angle    Proper Dih.          LJ-14     Coulomb-14
    2.51512e+02    5.25843e+02    6.03417e+02    2.32250e+02    5.42427e+03
        LJ (SR)  Disper. corr.   Coulomb (SR)   Coul. recip.      Potential
    1.31807e+04   -3.52128e+02   -8.82951e+04    2.24442e+02   -6.82047e+04
    Kinetic En.   Total Energy  Conserved En.    Temperature Pres. DC (bar)
    1.17401e+04   -5.64647e+04   -5.31144e+04    2.96297e+02   -1.24793e+02
 Pressure (bar)   Constr. rmsd
   -4.77900e+02    8.59397e-07


DD  step 3469999 load imb.: force 16.0%
           Step           Time
        3470000     6940.00000

   Energies (kJ/mol)
           Bond          Angle    Proper Dih.          LJ-14     Coulomb-14
    1.99967e+02    5.50397e+02    6.05432e+02    2.20932e+02    5.36512e+03
        LJ (SR)  Disper. corr.   Coulomb (SR)   Coul. recip.      Potential
    1.33365e+04   -3.52128e+02   -8.83124e+04    2.53409e+02   -6.81328e+04
    Kinetic En.   Total Energy  Conserved En.    Temperature Pres. DC (bar)
    1.20100e+04   -5.61227e+04   -5.31064e+04    3.03110e+02   -1.24793e+02
 Pressure (bar)   Constr. rmsd
   -2.21650e+02    1.29267e-06


DD  step 3479999 load imb.: force 11.1%
           Step           Time
        3480000     6960.00000

   Energies (kJ/mol)
           Bond          Angle    Proper Dih.          LJ-14     Coulomb-14
    2.15507e+02    4.66645e+02    5.99349e+02    2.30140e+02    5.30013e+03
        LJ (SR)  Disper. corr.   Coulomb (SR)   Coul. recip.      Potential
    1.35600e+04   -3.52128e+02   -8.83602e+04    2.14071e+02   -6.81265e+04
    Kinetic En.   Total Energy  Conserved En.    Temperature Pres. DC (bar)
    1.19054e+04   -5.62211e+04   -5.30963e+04    3.00469e+02   -1.24793e+02
 Pressure (bar)   Constr. rmsd
    8.19069e+01    1.26593e-06


DD  step 3489999 load imb.: force 11.7%
           Step           Time
        3490000     6980.00000

   Energies (kJ/mol)
           Bond          Angle    Proper Dih.          LJ-14     Coulomb-14
    2.18581e+02    4.80828e+02    5.79639e+02    2.11983e+02    5.32111e+03
        LJ (SR)  Disper. corr.   Coulomb (SR)   Coul. recip.      Potential
    1.34324e+04   -3.52128e+02   -8.84247e+04    2.28009e+02   -6.83043e+04
    Kinetic En.   Total Energy  Conserved En.    Temperature Pres. DC (bar)
    1.18953e+04   -5.64091e+04   -5.30867e+04    3.00214e+02   -1.24793e+02
 Pressure (bar)   Constr. rmsd
   -2.41909e+02    1.56316e-06


DD  step 3499999 load imb.: force 10.3%
           Step           Time
        3500000     7000.00000

   Energies (kJ/mol)
           Bond          Angle    Proper Dih.          LJ-14     Coulomb-14
    2.03771e+02    4.66572e+02    5.83147e+02    2.29865e+02    5.39672e+03
        LJ (SR)  Disper. corr.   Coulomb (SR)   Coul. recip.      Potential
    1.29216e+04   -3.52128e+02   -8.77039e+04    2.37394e+02   -6.80170e+04
    Kinetic En.   Total Energy  Conserved En.    Temperature Pres. DC (bar)
    1.17374e+04   -5.62796e+04   -5.30760e+04    2.96229e+02   -1.24793e+02
 Pressure (bar)   Constr. rmsd
   -5.00458e+02    1.81698e-06


DD  step 3509999 load imb.: force  8.4%
           Step           Time
        3510000     7020.00000

   Energies (kJ/mol)
           Bond          Angle    Proper Dih.          LJ-14     Coulomb-14
    1.67363e+02    4.81227e+02    6.04099e+02    2.16060e+02    5.39986e+03
        LJ (SR)  Disper. corr.   Coulomb (SR)   Coul. recip.      Potential
    1.24295e+04   -3.52128e+02   -8.75001e+04    2.26664e+02   -6.83274e+04
    Kinetic En.   Total Energy  Conserved En.    Temperature Pres. DC (bar)
    1.18878e+04   -5.64396e+04   -5.30724e+04    3.00026e+02   -1.24793e+02
 Pressure (bar)   Constr. rmsd
   -1.21400e+03    1.52324e-06


DD  step 3519999 load imb.: force 15.2%
           Step           Time
        3520000     7040.00000

   Energies (kJ/mol)
           Bond          Angle    Proper Dih.          LJ-14     Coulomb-14
    2.27917e+02    4.89602e+02    6.05684e+02    2.24866e+02    5.46771e+03
        LJ (SR)  Disper. corr.   Coulomb (SR)   Coul. recip.      Potential
    1.31826e+04   -3.52128e+02   -8.81869e+04    2.35457e+02   -6.81052e+04
    Kinetic En.   Total Energy  Conserved En.    Temperature Pres. DC (bar)
    1.18205e+04   -5.62847e+04   -5.30549e+04    2.98327e+02   -1.24793e+02
 Pressure (bar)   Constr. rmsd
   -3.73730e+02    1.28211e-06


DD  step 3529999 load imb.: force 10.9%
           Step           Time
        3530000     7060.00000

   Energies (kJ/mol)
           Bond          Angle    Proper Dih.          LJ-14     Coulomb-14
    2.27429e+02    5.26988e+02    5.73527e+02    2.21253e+02    5.35450e+03
        LJ (SR)  Disper. corr.   Coulomb (SR)   Coul. recip.      Potential
    1.33505e+04   -3.52128e+02   -8.79197e+04    2.51290e+02   -6.77663e+04
    Kinetic En.   Total Energy  Conserved En.    Temperature Pres. DC (bar)
    1.18979e+04   -5.58684e+04   -5.30522e+04    3.00281e+02   -1.24793e+02
 Pressure (bar)   Constr. rmsd
    3.29542e+01    1.21461e-06


DD  step 3539999 load imb.: force 12.0%
           Step           Time
        3540000     7080.00000

   Energies (kJ/mol)
           Bond          Angle    Proper Dih.          LJ-14     Coulomb-14
    2.04806e+02    4.39301e+02    5.73919e+02    1.99314e+02    5.29021e+03
        LJ (SR)  Disper. corr.   Coulomb (SR)   Coul. recip.      Potential
    1.35242e+04   -3.52128e+02   -8.82914e+04    2.32116e+02   -6.81797e+04
    Kinetic En.   Total Energy  Conserved En.    Temperature Pres. DC (bar)
    1.21849e+04   -5.59948e+04   -5.30492e+04    3.07524e+02   -1.24793e+02
 Pressure (bar)   Constr. rmsd
    2.57212e+02    1.42607e-06


DD  step 3549999 load imb.: force 70.5%
           Step           Time
        3550000     7100.00000

   Energies (kJ/mol)
           Bond          Angle    Proper Dih.          LJ-14     Coulomb-14
    1.76730e+02    4.79775e+02    5.82496e+02    2.35422e+02    5.38072e+03
        LJ (SR)  Disper. corr.   Coulomb (SR)   Coul. recip.      Potential
    1.34092e+04   -3.52128e+02   -8.84334e+04    2.30998e+02   -6.82902e+04
    Kinetic En.   Total Energy  Conserved En.    Temperature Pres. DC (bar)
    1.20897e+04   -5.62005e+04   -5.30460e+04    3.05122e+02   -1.24793e+02
 Pressure (bar)   Constr. rmsd
    1.14484e+02    1.84485e-06


DD  step 3559999 load imb.: force 15.3%
           Step           Time
        3560000     7120.00000

   Energies (kJ/mol)
           Bond          Angle    Proper Dih.          LJ-14     Coulomb-14
    2.22358e+02    4.63577e+02    5.80525e+02    2.10702e+02    5.35060e+03
        LJ (SR)  Disper. corr.   Coulomb (SR)   Coul. recip.      Potential
    1.35292e+04   -3.52128e+02   -8.88599e+04    2.49443e+02   -6.86057e+04
    Kinetic En.   Total Energy  Conserved En.    Temperature Pres. DC (bar)
    1.17379e+04   -5.68677e+04   -5.30286e+04    2.96244e+02   -1.24793e+02
 Pressure (bar)   Constr. rmsd
   -1.91479e+02    1.94446e-06


DD  step 3569999 load imb.: force 13.3%
           Step           Time
        3570000     7140.00000

   Energies (kJ/mol)
           Bond          Angle    Proper Dih.          LJ-14     Coulomb-14
    2.42250e+02    4.75964e+02    5.82668e+02    1.93672e+02    5.46294e+03
        LJ (SR)  Disper. corr.   Coulomb (SR)   Coul. recip.      Potential
    1.35071e+04   -3.52128e+02   -8.82720e+04    2.21643e+02   -6.79379e+04
    Kinetic En.   Total Energy  Conserved En.    Temperature Pres. DC (bar)
    1.19129e+04   -5.60251e+04   -5.30209e+04    3.00659e+02   -1.24793e+02
 Pressure (bar)   Constr. rmsd
    1.25749e+02    1.52705e-06


DD  step 3579999 load imb.: force 11.1%
           Step           Time
        3580000     7160.00000

   Energies (kJ/mol)
           Bond          Angle    Proper Dih.          LJ-14     Coulomb-14
    2.19866e+02    5.00039e+02    6.05504e+02    2.38902e+02    5.44022e+03
        LJ (SR)  Disper. corr.   Coulomb (SR)   Coul. recip.      Potential
    1.34073e+04   -3.52128e+02   -8.80718e+04    2.53467e+02   -6.77586e+04
    Kinetic En.   Total Energy  Conserved En.    Temperature Pres. DC (bar)
    1.16259e+04   -5.61327e+04   -5.30118e+04    2.93417e+02   -1.24793e+02
 Pressure (bar)   Constr. rmsd
    3.71955e+02    6.04576e-07


DD  step 3589999 load imb.: force 15.2%
           Step           Time
        3590000     7180.00000

   Energies (kJ/mol)
           Bond          Angle    Proper Dih.          LJ-14     Coulomb-14
    2.43669e+02    4.99793e+02    6.09493e+02    2.19270e+02    5.42393e+03
        LJ (SR)  Disper. corr.   Coulomb (SR)   Coul. recip.      Potential
    1.36567e+04   -3.52128e+02   -8.86601e+04    2.23526e+02   -6.81358e+04
    Kinetic En.   Total Energy  Conserved En.    Temperature Pres. DC (bar)
    1.19307e+04   -5.62051e+04   -5.30161e+04    3.01108e+02   -1.24793e+02
 Pressure (bar)   Constr. rmsd
    1.80699e+02    1.65704e-06


DD  step 3599999 load imb.: force  9.5%
           Step           Time
        3600000     7200.00000

   Energies (kJ/mol)
           Bond          Angle    Proper Dih.          LJ-14     Coulomb-14
    1.93426e+02    4.80682e+02    5.90378e+02    2.21336e+02    5.46321e+03
        LJ (SR)  Disper. corr.   Coulomb (SR)   Coul. recip.      Potential
    1.30223e+04   -3.52128e+02   -8.78080e+04    2.26148e+02   -6.79627e+04
    Kinetic En.   Total Energy  Conserved En.    Temperature Pres. DC (bar)
    1.18503e+04   -5.61124e+04   -5.30057e+04    2.99079e+02   -1.24793e+02
 Pressure (bar)   Constr. rmsd
   -2.36193e+02    1.55933e-06


DD  step 3609999 load imb.: force 13.2%
           Step           Time
        3610000     7220.00000

   Energies (kJ/mol)
           Bond          Angle    Proper Dih.          LJ-14     Coulomb-14
    2.12776e+02    4.58155e+02    6.06275e+02    2.11518e+02    5.43684e+03
        LJ (SR)  Disper. corr.   Coulomb (SR)   Coul. recip.      Potential
    1.27964e+04   -3.52128e+02   -8.74406e+04    2.26775e+02   -6.78440e+04
    Kinetic En.   Total Energy  Conserved En.    Temperature Pres. DC (bar)
    1.19325e+04   -5.59115e+04   -5.30014e+04    3.01154e+02   -1.24793e+02
 Pressure (bar)   Constr. rmsd
   -4.83779e+02    9.41368e-07


DD  step 3619999 load imb.: force  8.4%
           Step           Time
        3620000     7240.00000

   Energies (kJ/mol)
           Bond          Angle    Proper Dih.          LJ-14     Coulomb-14
    1.76468e+02    4.75906e+02    6.19642e+02    2.31514e+02    5.36012e+03
        LJ (SR)  Disper. corr.   Coulomb (SR)   Coul. recip.      Potential
    1.36961e+04   -3.52128e+02   -8.86000e+04    2.28796e+02   -6.81636e+04
    Kinetic En.   Total Energy  Conserved En.    Temperature Pres. DC (bar)
    1.21747e+04   -5.59889e+04   -5.29976e+04    3.07266e+02   -1.24793e+02
 Pressure (bar)   Constr. rmsd
    5.72230e+02    8.79962e-07


DD  step 3629999 load imb.: force  7.0%
           Step           Time
        3630000     7260.00000

   Energies (kJ/mol)
           Bond          Angle    Proper Dih.          LJ-14     Coulomb-14
    2.01982e+02    4.15800e+02    5.92835e+02    2.23759e+02    5.44722e+03
        LJ (SR)  Disper. corr.   Coulomb (SR)   Coul. recip.      Potential
    1.30314e+04   -3.52128e+02   -8.75968e+04    2.08150e+02   -6.78277e+04
    Kinetic En.   Total Energy  Conserved En.    Temperature Pres. DC (bar)
    1.17276e+04   -5.61002e+04   -5.29835e+04    2.95982e+02   -1.24793e+02
 Pressure (bar)   Constr. rmsd
   -6.10878e+01    2.23455e-06


DD  step 3639999 load imb.: force 10.7%
           Step           Time
        3640000     7280.00000

   Energies (kJ/mol)
           Bond          Angle    Proper Dih.          LJ-14     Coulomb-14
    1.44468e+02    4.83751e+02    5.86467e+02    2.17586e+02    5.25382e+03
        LJ (SR)  Disper. corr.   Coulomb (SR)   Coul. recip.      Potential
    1.33017e+04   -3.52128e+02   -8.81063e+04    2.21623e+02   -6.82490e+04
    Kinetic En.   Total Energy  Conserved En.    Temperature Pres. DC (bar)
    1.19883e+04   -5.62607e+04   -5.29846e+04    3.02562e+02   -1.24793e+02
 Pressure (bar)   Constr. rmsd
    1.41486e+02    1.62862e-06


DD  step 3649999 load imb.: force 10.8%
           Step           Time
        3650000     7300.00000

   Energies (kJ/mol)
           Bond          Angle    Proper Dih.          LJ-14     Coulomb-14
    1.80488e+02    4.71149e+02    5.77524e+02    2.14743e+02    5.38709e+03
        LJ (SR)  Disper. corr.   Coulomb (SR)   Coul. recip.      Potential
    1.33338e+04   -3.52128e+02   -8.79399e+04    2.48093e+02   -6.78791e+04
    Kinetic En.   Total Energy  Conserved En.    Temperature Pres. DC (bar)
    1.20465e+04   -5.58326e+04   -5.29660e+04    3.04031e+02   -1.24793e+02
 Pressure (bar)   Constr. rmsd
    2.63661e+02    1.42080e-06


DD  step 3659999 load imb.: force  7.3%
           Step           Time
        3660000     7320.00000

   Energies (kJ/mol)
           Bond          Angle    Proper Dih.          LJ-14     Coulomb-14
    1.97154e+02    5.11052e+02    6.12394e+02    2.27883e+02    5.43590e+03
        LJ (SR)  Disper. corr.   Coulomb (SR)   Coul. recip.      Potential
    1.32788e+04   -3.52128e+02   -8.78932e+04    2.26862e+02   -6.77553e+04
    Kinetic En.   Total Energy  Conserved En.    Temperature Pres. DC (bar)
    1.19909e+04   -5.57644e+04   -5.29529e+04    3.02629e+02   -1.24793e+02
 Pressure (bar)   Constr. rmsd
   -1.07678e+02    8.61529e-07


DD  step 3669999 load imb.: force  9.5%
           Step           Time
        3670000     7340.00000

   Energies (kJ/mol)
           Bond          Angle    Proper Dih.          LJ-14     Coulomb-14
    1.62803e+02    4.73535e+02    5.96216e+02    2.23305e+02    5.46329e+03
        LJ (SR)  Disper. corr.   Coulomb (SR)   Coul. recip.      Potential
    1.23851e+04   -3.52128e+02   -8.67322e+04    2.36015e+02   -6.75440e+04
    Kinetic En.   Total Energy  Conserved En.    Temperature Pres. DC (bar)
    1.18941e+04   -5.56500e+04   -5.29421e+04    3.00184e+02   -1.24793e+02
 Pressure (bar)   Constr. rmsd
   -5.78437e+02    1.87085e-06


DD  step 3679999 load imb.: force 12.0%
           Step           Time
        3680000     7360.00000

   Energies (kJ/mol)
           Bond          Angle    Proper Dih.          LJ-14     Coulomb-14
    1.98965e+02    5.52269e+02    6.00720e+02    2.28135e+02    5.27274e+03
        LJ (SR)  Disper. corr.   Coulomb (SR)   Coul. recip.      Potential
    1.31757e+04   -3.52128e+02   -8.80029e+04    2.43599e+02   -6.80829e+04
    Kinetic En.   Total Energy  Conserved En.    Temperature Pres. DC (bar)
    1.20094e+04   -5.60736e+04   -5.29323e+04    3.03094e+02   -1.24793e+02
 Pressure (bar)   Constr. rmsd
   -1.78135e+02    1.91684e-06


DD  step 3689999 load imb.: force 10.2%
           Step           Time
        3690000     7380.00000

   Energies (kJ/mol)
           Bond          Angle    Proper Dih.          LJ-14     Coulomb-14
    2.21421e+02    4.83130e+02    6.28617e+02    2.08676e+02    5.37827e+03
        LJ (SR)  Disper. corr.   Coulomb (SR)   Coul. recip.      Potential
    1.27314e+04   -3.52128e+02   -8.70638e+04    2.10661e+02   -6.75538e+04
    Kinetic En.   Total Energy  Conserved En.    Temperature Pres. DC (bar)
    1.18923e+04   -5.56615e+04   -5.29282e+04    3.00139e+02   -1.24793e+02
 Pressure (bar)   Constr. rmsd
   -6.66794e+02    1.18856e-06


DD  step 3699999 load imb.: force 20.6%
           Step           Time
        3700000     7400.00000

   Energies (kJ/mol)
           Bond          Angle    Proper Dih.          LJ-14     Coulomb-14
    1.99818e+02    5.01453e+02    5.98608e+02    2.03999e+02    5.33666e+03
        LJ (SR)  Disper. corr.   Coulomb (SR)   Coul. recip.      Potential
    1.28053e+04   -3.52128e+02   -8.75332e+04    2.10086e+02   -6.80295e+04
    Kinetic En.   Total Energy  Conserved En.    Temperature Pres. DC (bar)
    1.17996e+04   -5.62298e+04   -5.29133e+04    2.97801e+02   -1.24793e+02
 Pressure (bar)   Constr. rmsd
   -6.38353e+02    1.46199e-06


DD  step 3709999 load imb.: force  7.9%
           Step           Time
        3710000     7420.00000

   Energies (kJ/mol)
           Bond          Angle    Proper Dih.          LJ-14     Coulomb-14
    2.52877e+02    4.91301e+02    6.00603e+02    2.12827e+02    5.37765e+03
        LJ (SR)  Disper. corr.   Coulomb (SR)   Coul. recip.      Potential
    1.33100e+04   -3.52128e+02   -8.78699e+04    2.13204e+02   -6.77636e+04
    Kinetic En.   Total Energy  Conserved En.    Temperature Pres. DC (bar)
    1.19631e+04   -5.58005e+04   -5.29086e+04    3.01926e+02   -1.24793e+02
 Pressure (bar)   Constr. rmsd
   -1.74656e+02    8.45156e-07


DD  step 3719999 load imb.: force 11.3%
           Step           Time
        3720000     7440.00000

   Energies (kJ/mol)
           Bond          Angle    Proper Dih.          LJ-14     Coulomb-14
    1.62665e+02    5.26586e+02    5.79592e+02    2.11289e+02    5.30619e+03
        LJ (SR)  Disper. corr.   Coulomb (SR)   Coul. recip.      Potential
    1.32942e+04   -3.52128e+02   -8.81082e+04    2.03615e+02   -6.81762e+04
    Kinetic En.   Total Energy  Conserved En.    Temperature Pres. DC (bar)
    1.20633e+04   -5.61129e+04   -5.28993e+04    3.04455e+02   -1.24793e+02
 Pressure (bar)   Constr. rmsd
    1.12287e+02    1.42674e-06


DD  step 3729999 load imb.: force 15.3%
           Step           Time
        3730000     7460.00000

   Energies (kJ/mol)
           Bond          Angle    Proper Dih.          LJ-14     Coulomb-14
    2.00070e+02    4.29027e+02    6.03379e+02    2.21136e+02    5.34027e+03
        LJ (SR)  Disper. corr.   Coulomb (SR)   Coul. recip.      Potential
    1.36585e+04   -3.52128e+02   -8.88293e+04    2.14450e+02   -6.85146e+04
    Kinetic En.   Total Energy  Conserved En.    Temperature Pres. DC (bar)
    1.20706e+04   -5.64439e+04   -5.28986e+04    3.04641e+02   -1.24793e+02
 Pressure (bar)   Constr. rmsd
    2.88561e+02    1.15284e-06


DD  step 3739999 load imb.: force  9.5%
           Step           Time
        3740000     7480.00000

   Energies (kJ/mol)
           Bond          Angle    Proper Dih.          LJ-14     Coulomb-14
    2.13456e+02    5.32794e+02    5.90362e+02    2.07304e+02    5.24832e+03
        LJ (SR)  Disper. corr.   Coulomb (SR)   Coul. recip.      Potential
    1.28323e+04   -3.52128e+02   -8.74449e+04    2.35132e+02   -6.79374e+04
    Kinetic En.   Total Energy  Conserved En.    Temperature Pres. DC (bar)
    1.19968e+04   -5.59405e+04   -5.28938e+04    3.02777e+02   -1.24793e+02
 Pressure (bar)   Constr. rmsd
   -5.52306e+02    1.20364e-06


DD  step 3749999 load imb.: force 11.0%
           Step           Time
        3750000     7500.00000

   Energies (kJ/mol)
           Bond          Angle    Proper Dih.          LJ-14     Coulomb-14
    1.95151e+02    4.58967e+02    5.62964e+02    2.05744e+02    5.34410e+03
        LJ (SR)  Disper. corr.   Coulomb (SR)   Coul. recip.      Potential
    1.30421e+04   -3.52128e+02   -8.76727e+04    2.63279e+02   -6.79525e+04
    Kinetic En.   Total Energy  Conserved En.    Temperature Pres. DC (bar)
    1.20731e+04   -5.58794e+04   -5.28766e+04    3.04702e+02   -1.24793e+02
 Pressure (bar)   Constr. rmsd
   -2.53138e+02    3.42818e-06


DD  step 3759999 load imb.: force 14.4%
           Step           Time
        3760000     7520.00000

   Energies (kJ/mol)
           Bond          Angle    Proper Dih.          LJ-14     Coulomb-14
    2.17184e+02    4.72382e+02    5.88652e+02    2.19398e+02    5.38278e+03
        LJ (SR)  Disper. corr.   Coulomb (SR)   Coul. recip.      Potential
    1.36313e+04   -3.52128e+02   -8.86853e+04    2.00700e+02   -6.83250e+04
    Kinetic En.   Total Energy  Conserved En.    Temperature Pres. DC (bar)
    1.15560e+04   -5.67691e+04   -5.28621e+04    2.91651e+02   -1.24793e+02
 Pressure (bar)   Constr. rmsd
   -9.51197e+01    2.27139e-06


DD  step 3769999 load imb.: force 16.1%
           Step           Time
        3770000     7540.00000

   Energies (kJ/mol)
           Bond          Angle    Proper Dih.          LJ-14     Coulomb-14
    1.73159e+02    5.48124e+02    5.82595e+02    2.06294e+02    5.30475e+03
        LJ (SR)  Disper. corr.   Coulomb (SR)   Coul. recip.      Potential
    1.29035e+04   -3.52128e+02   -8.75954e+04    2.19562e+02   -6.80095e+04
    Kinetic En.   Total Energy  Conserved En.    Temperature Pres. DC (bar)
    1.19224e+04   -5.60872e+04   -5.28548e+04    3.00898e+02   -1.24793e+02
 Pressure (bar)   Constr. rmsd
   -3.47233e+02    1.07373e-06


DD  step 3779999 load imb.: force 11.4%
           Step           Time
        3780000     7560.00000

   Energies (kJ/mol)
           Bond          Angle    Proper Dih.          LJ-14     Coulomb-14
    1.96707e+02    4.64489e+02    6.11489e+02    2.30991e+02    5.38426e+03
        LJ (SR)  Disper. corr.   Coulomb (SR)   Coul. recip.      Potential
    1.33840e+04   -3.52128e+02   -8.81367e+04    2.14952e+02   -6.80019e+04
    Kinetic En.   Total Energy  Conserved En.    Temperature Pres. DC (bar)
    1.16976e+04   -5.63043e+04   -5.28440e+04    2.95226e+02   -1.24793e+02
 Pressure (bar)   Constr. rmsd
    6.45944e+01    1.61285e-06


DD  step 3789999 load imb.: force 15.1%
           Step           Time
        3790000     7580.00000

   Energies (kJ/mol)
           Bond          Angle    Proper Dih.          LJ-14     Coulomb-14
    2.03680e+02    4.45503e+02    6.09062e+02    2.55500e+02    5.44247e+03
        LJ (SR)  Disper. corr.   Coulomb (SR)   Coul. recip.      Potential
    1.32596e+04   -3.52128e+02   -8.82574e+04    2.15682e+02   -6.81780e+04
    Kinetic En.   Total Energy  Conserved En.    Temperature Pres. DC (bar)
    1.17111e+04   -5.64669e+04   -5.28350e+04    2.95566e+02   -1.24793e+02
 Pressure (bar)   Constr. rmsd
   -1.75900e+02    1.10629e-06


DD  step 3799999 load imb.: force 11.0%
           Step           Time
        3800000     7600.00000

   Energies (kJ/mol)
           Bond          Angle    Proper Dih.          LJ-14     Coulomb-14
    2.10883e+02    5.28202e+02    6.03153e+02    2.20443e+02    5.32565e+03
        LJ (SR)  Disper. corr.   Coulomb (SR)   Coul. recip.      Potential
    1.34761e+04   -3.52128e+02   -8.88031e+04    2.24308e+02   -6.85665e+04
    Kinetic En.   Total Energy  Conserved En.    Temperature Pres. DC (bar)
    1.17420e+04   -5.68245e+04   -5.28266e+04    2.96347e+02   -1.24793e+02
 Pressure (bar)   Constr. rmsd
    4.47590e+01    1.88525e-06


DD  step 3809999 load imb.: force 10.7%
           Step           Time
        3810000     7620.00000

   Energies (kJ/mol)
           Bond          Angle    Proper Dih.          LJ-14     Coulomb-14
    1.95858e+02    4.72830e+02    6.19491e+02    2.29222e+02    5.26900e+03
        LJ (SR)  Disper. corr.   Coulomb (SR)   Coul. recip.      Potential
    1.33207e+04   -3.52128e+02   -8.82059e+04    2.26234e+02   -6.82247e+04
    Kinetic En.   Total Energy  Conserved En.    Temperature Pres. DC (bar)
    1.17550e+04   -5.64697e+04   -5.28196e+04    2.96675e+02   -1.24793e+02
 Pressure (bar)   Constr. rmsd
   -5.29402e+01    1.46094e-06


DD  step 3819999 load imb.: force 10.1%
           Step           Time
        3820000     7640.00000

   Energies (kJ/mol)
           Bond          Angle    Proper Dih.          LJ-14     Coulomb-14
    2.55282e+02    4.80502e+02    5.82535e+02    2.19122e+02    5.27939e+03
        LJ (SR)  Disper. corr.   Coulomb (SR)   Coul. recip.      Potential
    1.32028e+04   -3.52128e+02   -8.75121e+04    2.23398e+02   -6.76212e+04
    Kinetic En.   Total Energy  Conserved En.    Temperature Pres. DC (bar)
    1.17978e+04   -5.58234e+04   -5.28085e+04    2.97755e+02   -1.24793e+02
 Pressure (bar)   Constr. rmsd
    5.52135e+01    2.05907e-06


DD  step 3829999 load imb.: force 12.9%
           Step           Time
        3830000     7660.00000

   Energies (kJ/mol)
           Bond          Angle    Proper Dih.          LJ-14     Coulomb-14
    1.78099e+02    4.59064e+02    5.96428e+02    2.15199e+02    5.44099e+03
        LJ (SR)  Disper. corr.   Coulomb (SR)   Coul. recip.      Potential
    1.30310e+04   -3.52128e+02   -8.78251e+04    2.61847e+02   -6.79946e+04
    Kinetic En.   Total Energy  Conserved En.    Temperature Pres. DC (bar)
    1.18810e+04   -5.61136e+04   -5.28002e+04    2.99854e+02   -1.24793e+02
 Pressure (bar)   Constr. rmsd
   -1.22790e+02    1.15113e-06


DD  step 3839999 load imb.: force 12.4%
           Step           Time
        3840000     7680.00000

   Energies (kJ/mol)
           Bond          Angle    Proper Dih.          LJ-14     Coulomb-14
    1.81476e+02    4.54055e+02    5.91959e+02    2.33021e+02    5.30023e+03
        LJ (SR)  Disper. corr.   Coulomb (SR)   Coul. recip.      Potential
    1.31960e+04   -3.52128e+02   -8.76304e+04    2.30885e+02   -6.77949e+04
    Kinetic En.   Total Energy  Conserved En.    Temperature Pres. DC (bar)
    1.19993e+04   -5.57956e+04   -5.27897e+04    3.02840e+02   -1.24793e+02
 Pressure (bar)   Constr. rmsd
    8.41250e+01    7.53498e-07


DD  step 3849999 load imb.: force 16.4%
           Step           Time
        3850000     7700.00000

   Energies (kJ/mol)
           Bond          Angle    Proper Dih.          LJ-14     Coulomb-14
    1.71518e+02    5.06622e+02    6.04409e+02    2.20086e+02    5.30444e+03
        LJ (SR)  Disper. corr.   Coulomb (SR)   Coul. recip.      Potential
    1.30917e+04   -3.52128e+02   -8.76166e+04    2.04974e+02   -6.78650e+04
    Kinetic En.   Total Energy  Conserved En.    Temperature Pres. DC (bar)
    1.21757e+04   -5.56893e+04   -5.27760e+04    3.07291e+02   -1.24793e+02
 Pressure (bar)   Constr. rmsd
    3.70078e+01    1.05404e-06


DD  step 3859999 load imb.: force 19.6%
           Step           Time
        3860000     7720.00000

   Energies (kJ/mol)
           Bond          Angle    Proper Dih.          LJ-14     Coulomb-14
    1.96595e+02    4.50078e+02    5.81523e+02    2.08265e+02    5.37497e+03
        LJ (SR)  Disper. corr.   Coulomb (SR)   Coul. recip.      Potential
    1.31994e+04   -3.52128e+02   -8.79161e+04    2.64037e+02   -6.79934e+04
    Kinetic En.   Total Energy  Conserved En.    Temperature Pres. DC (bar)
    1.19375e+04   -5.60559e+04   -5.27704e+04    3.01280e+02   -1.24793e+02
 Pressure (bar)   Constr. rmsd
   -1.36606e+02    2.12032e-06


DD  step 3869999 load imb.: force 10.6%
           Step           Time
        3870000     7740.00000

   Energies (kJ/mol)
           Bond          Angle    Proper Dih.          LJ-14     Coulomb-14
    1.78430e+02    5.73575e+02    6.11046e+02    2.35203e+02    5.24651e+03
        LJ (SR)  Disper. corr.   Coulomb (SR)   Coul. recip.      Potential
    1.37170e+04   -3.52128e+02   -8.87878e+04    2.39804e+02   -6.83384e+04
    Kinetic En.   Total Energy  Conserved En.    Temperature Pres. DC (bar)
    1.19695e+04   -5.63688e+04   -5.27589e+04    3.02089e+02   -1.24793e+02
 Pressure (bar)   Constr. rmsd
    2.33277e+02    1.25389e-06


DD  step 3879999 load imb.: force  7.2%
           Step           Time
        3880000     7760.00000

   Energies (kJ/mol)
           Bond          Angle    Proper Dih.          LJ-14     Coulomb-14
    1.75847e+02    4.49340e+02    5.99840e+02    2.48388e+02    5.27396e+03
        LJ (SR)  Disper. corr.   Coulomb (SR)   Coul. recip.      Potential
    1.30883e+04   -3.52128e+02   -8.74634e+04    2.20414e+02   -6.77594e+04
    Kinetic En.   Total Energy  Conserved En.    Temperature Pres. DC (bar)
    1.19314e+04   -5.58280e+04   -5.27568e+04    3.01127e+02   -1.24793e+02
 Pressure (bar)   Constr. rmsd
    1.41392e+02    1.02352e-06


DD  step 3889999 load imb.: force  8.9%
           Step           Time
        3890000     7780.00000

   Energies (kJ/mol)
           Bond          Angle    Proper Dih.          LJ-14     Coulomb-14
    2.16187e+02    4.87817e+02    5.79784e+02    2.11274e+02    5.37890e+03
        LJ (SR)  Disper. corr.   Coulomb (SR)   Coul. recip.      Potential
    1.31432e+04   -3.52128e+02   -8.82098e+04    2.36161e+02   -6.83086e+04
    Kinetic En.   Total Energy  Conserved En.    Temperature Pres. DC (bar)
    1.18919e+04   -5.64167e+04   -5.27427e+04    3.00129e+02   -1.24793e+02
 Pressure (bar)   Constr. rmsd
   -3.10673e+02    1.20799e-06


DD  step 3899999 load imb.: force 24.3%
           Step           Time
        3900000     7800.00000

   Energies (kJ/mol)
           Bond          Angle    Proper Dih.          LJ-14     Coulomb-14
    2.03372e+02    5.14999e+02    6.04499e+02    2.35041e+02    5.44498e+03
        LJ (SR)  Disper. corr.   Coulomb (SR)   Coul. recip.      Potential
    1.31608e+04   -3.52128e+02   -8.77834e+04    2.26409e+02   -6.77453e+04
    Kinetic En.   Total Energy  Conserved En.    Temperature Pres. DC (bar)
    1.19172e+04   -5.58282e+04   -5.27314e+04    3.00767e+02   -1.24793e+02
 Pressure (bar)   Constr. rmsd
   -3.41612e+01    7.60542e-07


DD  step 3909999 load imb.: force 20.7%
           Step           Time
        3910000     7820.00000

   Energies (kJ/mol)
           Bond          Angle    Proper Dih.          LJ-14     Coulomb-14
    1.96249e+02    4.47789e+02    5.72942e+02    2.19629e+02    5.29777e+03
        LJ (SR)  Disper. corr.   Coulomb (SR)   Coul. recip.      Potential
    1.32502e+04   -3.52128e+02   -8.80291e+04    2.38226e+02   -6.81585e+04
    Kinetic En.   Total Energy  Conserved En.    Temperature Pres. DC (bar)
    1.17629e+04   -5.63956e+04   -5.27250e+04    2.96873e+02   -1.24793e+02
 Pressure (bar)   Constr. rmsd
   -4.99534e+01    1.45891e-06


DD  step 3919999 load imb.: force 44.6%
           Step           Time
        3920000     7840.00000

   Energies (kJ/mol)
           Bond          Angle    Proper Dih.          LJ-14     Coulomb-14
    2.03788e+02    4.68794e+02    5.81011e+02    2.26780e+02    5.35409e+03
        LJ (SR)  Disper. corr.   Coulomb (SR)   Coul. recip.      Potential
    1.34151e+04   -3.52128e+02   -8.81370e+04    2.69119e+02   -6.79705e+04
    Kinetic En.   Total Energy  Conserved En.    Temperature Pres. DC (bar)
    1.18598e+04   -5.61107e+04   -5.27106e+04    2.99320e+02   -1.24793e+02
 Pressure (bar)   Constr. rmsd
    2.58405e+01    1.47483e-06


DD  step 3929999 load imb.: force 10.7%
           Step           Time
        3930000     7860.00000

   Energies (kJ/mol)
           Bond          Angle    Proper Dih.          LJ-14     Coulomb-14
    1.52152e+02    4.71335e+02    5.95305e+02    2.35414e+02    5.31805e+03
        LJ (SR)  Disper. corr.   Coulomb (SR)   Coul. recip.      Potential
    1.31687e+04   -3.52128e+02   -8.75773e+04    2.21743e+02   -6.77668e+04
    Kinetic En.   Total Energy  Conserved En.    Temperature Pres. DC (bar)
    1.15635e+04   -5.62033e+04   -5.27139e+04    2.91840e+02   -1.24793e+02
 Pressure (bar)   Constr. rmsd
    1.32909e+02    8.58879e-07


DD  step 3939999 load imb.: force 13.8%
           Step           Time
        3940000     7880.00000

   Energies (kJ/mol)
           Bond          Angle    Proper Dih.          LJ-14     Coulomb-14
    1.78292e+02    4.84588e+02    5.86225e+02    1.92592e+02    5.19728e+03
        LJ (SR)  Disper. corr.   Coulomb (SR)   Coul. recip.      Potential
    1.33684e+04   -3.52128e+02   -8.83114e+04    2.09794e+02   -6.84463e+04
    Kinetic En.   Total Energy  Conserved En.    Temperature Pres. DC (bar)
    1.21752e+04   -5.62710e+04   -5.27073e+04    3.07280e+02   -1.24793e+02
 Pressure (bar)   Constr. rmsd
   -2.66505e+01    1.34488e-06


DD  step 3949999 load imb.: force  9.0%
           Step           Time
        3950000     7900.00000

   Energies (kJ/mol)
           Bond          Angle    Proper Dih.          LJ-14     Coulomb-14
    1.84667e+02    4.98625e+02    6.03825e+02    2.29152e+02    5.37186e+03
        LJ (SR)  Disper. corr.   Coulomb (SR)   Coul. recip.      Potential
    1.36654e+04   -3.52128e+02   -8.82596e+04    2.26235e+02   -6.78320e+04
    Kinetic En.   Total Energy  Conserved En.    Temperature Pres. DC (bar)
    1.19706e+04   -5.58614e+04   -5.26952e+04    3.02115e+02   -1.24793e+02
 Pressure (bar)   Constr. rmsd
    6.32880e+02    1.91491e-06


DD  step 3959999 load imb.: force 15.3%
           Step           Time
        3960000     7920.00000

   Energies (kJ/mol)
           Bond          Angle    Proper Dih.          LJ-14     Coulomb-14
    1.75479e+02    5.24781e+02    5.78214e+02    2.09912e+02    5.29768e+03
        LJ (SR)  Disper. corr.   Coulomb (SR)   Coul. recip.      Potential
    1.32566e+04   -3.52128e+02   -8.83217e+04    2.27891e+02   -6.84033e+04
    Kinetic En.   Total Energy  Conserved En.    Temperature Pres. DC (bar)
    1.18570e+04   -5.65463e+04   -5.26893e+04    2.99248e+02   -1.24793e+02
 Pressure (bar)   Constr. rmsd
   -3.17467e+02    1.89342e-06


DD  step 3969999 load imb.: force 10.8%
           Step           Time
        3970000     7940.00000

   Energies (kJ/mol)
           Bond          Angle    Proper Dih.          LJ-14     Coulomb-14
    1.71392e+02    4.26197e+02    5.86015e+02    2.10247e+02    5.42176e+03
        LJ (SR)  Disper. corr.   Coulomb (SR)   Coul. recip.      Potential
    1.32990e+04   -3.52128e+02   -8.83893e+04    2.39156e+02   -6.83877e+04
    Kinetic En.   Total Energy  Conserved En.    Temperature Pres. DC (bar)
    1.19684e+04   -5.64193e+04   -5.26756e+04    3.02061e+02   -1.24793e+02
 Pressure (bar)   Constr. rmsd
   -1.15079e+02    1.28228e-06


DD  step 3979999 load imb.: force  6.0%
           Step           Time
        3980000     7960.00000

   Energies (kJ/mol)
           Bond          Angle    Proper Dih.          LJ-14     Coulomb-14
    2.42742e+02    4.46343e+02    5.82475e+02    2.22548e+02    5.37301e+03
        LJ (SR)  Disper. corr.   Coulomb (SR)   Coul. recip.      Potential
    1.34667e+04   -3.52128e+02   -8.81168e+04    1.98916e+02   -6.79362e+04
    Kinetic En.   Total Energy  Conserved En.    Temperature Pres. DC (bar)
    1.17531e+04   -5.61831e+04   -5.26698e+04    2.96627e+02   -1.24793e+02
 Pressure (bar)   Constr. rmsd
   -5.63039e-01    1.02523e-06


DD  step 3989999 load imb.: force  9.4%
           Step           Time
        3990000     7980.00000

   Energies (kJ/mol)
           Bond          Angle    Proper Dih.          LJ-14     Coulomb-14
    2.26890e+02    4.75208e+02    6.20116e+02    2.36261e+02    5.46057e+03
        LJ (SR)  Disper. corr.   Coulomb (SR)   Coul. recip.      Potential
    1.31369e+04   -3.52128e+02   -8.78809e+04    2.27943e+02   -6.78492e+04
    Kinetic En.   Total Energy  Conserved En.    Temperature Pres. DC (bar)
    1.20818e+04   -5.57673e+04   -5.26595e+04    3.04923e+02   -1.24793e+02
 Pressure (bar)   Constr. rmsd
   -9.93958e+01    1.45473e-06


DD  step 3999999 load imb.: force 10.4%
           Step           Time
        4000000     8000.00000

   Energies (kJ/mol)
           Bond          Angle    Proper Dih.          LJ-14     Coulomb-14
    2.29896e+02    5.05918e+02    5.94074e+02    1.98252e+02    5.39629e+03
        LJ (SR)  Disper. corr.   Coulomb (SR)   Coul. recip.      Potential
    1.33498e+04   -3.52128e+02   -8.83696e+04    2.05665e+02   -6.82418e+04
    Kinetic En.   Total Energy  Conserved En.    Temperature Pres. DC (bar)
    1.18179e+04   -5.64239e+04   -5.26475e+04    2.98262e+02   -1.24793e+02
 Pressure (bar)   Constr. rmsd
   -3.31175e+02    1.24523e-06


DD  step 4009999 load imb.: force  9.1%
           Step           Time
        4010000     8020.00000

   Energies (kJ/mol)
           Bond          Angle    Proper Dih.          LJ-14     Coulomb-14
    2.22436e+02    4.61470e+02    5.88077e+02    2.28659e+02    5.21165e+03
        LJ (SR)  Disper. corr.   Coulomb (SR)   Coul. recip.      Potential
    1.31267e+04   -3.52128e+02   -8.79380e+04    2.39156e+02   -6.82119e+04
    Kinetic En.   Total Energy  Conserved En.    Temperature Pres. DC (bar)
    1.20687e+04   -5.61432e+04   -5.26364e+04    3.04592e+02   -1.24793e+02
 Pressure (bar)   Constr. rmsd
   -2.44413e+02    1.01795e-06


DD  step 4019999 load imb.: force  5.7%
           Step           Time
        4020000     8040.00000

   Energies (kJ/mol)
           Bond          Angle    Proper Dih.          LJ-14     Coulomb-14
    1.94502e+02    4.72891e+02    5.86326e+02    2.14700e+02    5.29035e+03
        LJ (SR)  Disper. corr.   Coulomb (SR)   Coul. recip.      Potential
    1.32642e+04   -3.52128e+02   -8.79033e+04    2.04445e+02   -6.80281e+04
    Kinetic En.   Total Energy  Conserved En.    Temperature Pres. DC (bar)
    1.20175e+04   -5.60105e+04   -5.26277e+04    3.03300e+02   -1.24793e+02
 Pressure (bar)   Constr. rmsd
   -2.20956e+02    2.43402e-06


DD  step 4029999 load imb.: force  9.8%
           Step           Time
        4030000     8060.00000

   Energies (kJ/mol)
           Bond          Angle    Proper Dih.          LJ-14     Coulomb-14
    2.01892e+02    4.83415e+02    5.81557e+02    2.18270e+02    5.31496e+03
        LJ (SR)  Disper. corr.   Coulomb (SR)   Coul. recip.      Potential
    1.34424e+04   -3.52128e+02   -8.83041e+04    2.28455e+02   -6.81853e+04
    Kinetic En.   Total Energy  Conserved En.    Temperature Pres. DC (bar)
    1.21379e+04   -5.60474e+04   -5.26153e+04    3.06339e+02   -1.24793e+02
 Pressure (bar)   Constr. rmsd
    6.56217e+01    1.65106e-06


DD  step 4039999 load imb.: force 10.8%
           Step           Time
        4040000     8080.00000

   Energies (kJ/mol)
           Bond          Angle    Proper Dih.          LJ-14     Coulomb-14
    2.04485e+02    4.74951e+02    5.92464e+02    2.14852e+02    5.33662e+03
        LJ (SR)  Disper. corr.   Coulomb (SR)   Coul. recip.      Potential
    1.31142e+04   -3.52128e+02   -8.78440e+04    2.29071e+02   -6.80295e+04
    Kinetic En.   Total Energy  Conserved En.    Temperature Pres. DC (bar)
    1.17262e+04   -5.63034e+04   -5.25955e+04    2.95947e+02   -1.24793e+02
 Pressure (bar)   Constr. rmsd
   -3.78501e+02    1.13219e-06


DD  step 4049999 load imb.: force 11.6%
           Step           Time
        4050000     8100.00000

   Energies (kJ/mol)
           Bond          Angle    Proper Dih.          LJ-14     Coulomb-14
    2.30721e+02    4.73029e+02    5.92870e+02    2.15238e+02    5.34865e+03
        LJ (SR)  Disper. corr.   Coulomb (SR)   Coul. recip.      Potential
    1.34146e+04   -3.52128e+02   -8.82093e+04    2.27295e+02   -6.80591e+04
    Kinetic En.   Total Energy  Conserved En.    Temperature Pres. DC (bar)
    1.18703e+04   -5.61888e+04   -5.25915e+04    2.99584e+02   -1.24793e+02
 Pressure (bar)   Constr. rmsd
    7.29698e+00    1.44478e-06


DD  step 4059999 load imb.: force  8.2%
           Step           Time
        4060000     8120.00000

   Energies (kJ/mol)
           Bond          Angle    Proper Dih.          LJ-14     Coulomb-14
    1.96882e+02    5.11196e+02    5.92005e+02    2.13543e+02    5.43614e+03
        LJ (SR)  Disper. corr.   Coulomb (SR)   Coul. recip.      Potential
    1.33142e+04   -3.52128e+02   -8.80399e+04    2.37427e+02   -6.78907e+04
    Kinetic En.   Total Energy  Conserved En.    Temperature Pres. DC (bar)
    1.18183e+04   -5.60723e+04   -5.25868e+04    2.98273e+02   -1.24793e+02
 Pressure (bar)   Constr. rmsd
   -3.45779e+02    1.90103e-06


DD  step 4069999 load imb.: force 13.3%
           Step           Time
        4070000     8140.00000

   Energies (kJ/mol)
           Bond          Angle    Proper Dih.          LJ-14     Coulomb-14
    2.23853e+02    4.34224e+02    5.86725e+02    2.08776e+02    5.39562e+03
        LJ (SR)  Disper. corr.   Coulomb (SR)   Coul. recip.      Potential
    1.32040e+04   -3.52128e+02   -8.82720e+04    2.34396e+02   -6.83366e+04
    Kinetic En.   Total Energy  Conserved En.    Temperature Pres. DC (bar)
    1.18539e+04   -5.64827e+04   -5.25793e+04    2.99171e+02   -1.24793e+02
 Pressure (bar)   Constr. rmsd
   -3.96561e+02    8.45231e-07


DD  step 4079999 load imb.: force 15.2%
           Step           Time
        4080000     8160.00000

   Energies (kJ/mol)
           Bond          Angle    Proper Dih.          LJ-14     Coulomb-14
    2.10222e+02    4.85839e+02    5.97996e+02    2.27597e+02    5.42567e+03
        LJ (SR)  Disper. corr.   Coulomb (SR)   Coul. recip.      Potential
    1.27356e+04   -3.52128e+02   -8.73927e+04    2.42334e+02   -6.78195e+04
    Kinetic En.   Total Energy  Conserved En.    Temperature Pres. DC (bar)
    1.18886e+04   -5.59309e+04   -5.25647e+04    3.00047e+02   -1.24793e+02
 Pressure (bar)   Constr. rmsd
   -4.15705e+02    1.46974e-06


DD  step 4089999 load imb.: force 15.0%
           Step           Time
        4090000     8180.00000

   Energies (kJ/mol)
           Bond          Angle    Proper Dih.          LJ-14     Coulomb-14
    1.46430e+02    4.24819e+02    5.95445e+02    2.25799e+02    5.39984e+03
        LJ (SR)  Disper. corr.   Coulomb (SR)   Coul. recip.      Potential
    1.30898e+04   -3.52128e+02   -8.84211e+04    2.49714e+02   -6.86413e+04
    Kinetic En.   Total Energy  Conserved En.    Temperature Pres. DC (bar)
    1.18662e+04   -5.67751e+04   -5.25657e+04    2.99481e+02   -1.24793e+02
 Pressure (bar)   Constr. rmsd
   -3.16451e+02    1.22133e-06


DD  step 4099999 load imb.: force  8.9%
           Step           Time
        4100000     8200.00000

   Energies (kJ/mol)
           Bond          Angle    Proper Dih.          LJ-14     Coulomb-14
    1.53332e+02    5.05342e+02    5.88999e+02    2.09657e+02    5.38432e+03
        LJ (SR)  Disper. corr.   Coulomb (SR)   Coul. recip.      Potential
    1.34348e+04   -3.52128e+02   -8.83963e+04    2.23031e+02   -6.82490e+04
    Kinetic En.   Total Energy  Conserved En.    Temperature Pres. DC (bar)
    1.19901e+04   -5.62589e+04   -5.25523e+04    3.02609e+02   -1.24793e+02
 Pressure (bar)   Constr. rmsd
    2.68493e+02    1.36604e-06


DD  step 4109999 load imb.: force  9.9%
           Step           Time
        4110000     8220.00000

   Energies (kJ/mol)
           Bond          Angle    Proper Dih.          LJ-14     Coulomb-14
    1.85922e+02    4.60712e+02    6.10537e+02    2.27380e+02    5.27037e+03
        LJ (SR)  Disper. corr.   Coulomb (SR)   Coul. recip.      Potential
    1.29182e+04   -3.52128e+02   -8.72465e+04    2.49988e+02   -6.76755e+04
    Kinetic En.   Total Energy  Conserved En.    Temperature Pres. DC (bar)
    1.16950e+04   -5.59806e+04   -5.25407e+04    2.95160e+02   -1.24793e+02
 Pressure (bar)   Constr. rmsd
   -3.61021e+02    1.04345e-06


DD  step 4119999 load imb.: force  8.5%
           Step           Time
        4120000     8240.00000

   Energies (kJ/mol)
           Bond          Angle    Proper Dih.          LJ-14     Coulomb-14
    2.07873e+02    5.67100e+02    6.26700e+02    2.23912e+02    5.28013e+03
        LJ (SR)  Disper. corr.   Coulomb (SR)   Coul. recip.      Potential
    1.29009e+04   -3.52128e+02   -8.73020e+04    2.42893e+02   -6.76045e+04
    Kinetic En.   Total Energy  Conserved En.    Temperature Pres. DC (bar)
    1.19531e+04   -5.56514e+04   -5.25317e+04    3.01675e+02   -1.24793e+02
 Pressure (bar)   Constr. rmsd
   -7.05560e+02    1.95613e-06


DD  step 4129999 load imb.: force  9.3%
           Step           Time
        4130000     8260.00000

   Energies (kJ/mol)
           Bond          Angle    Proper Dih.          LJ-14     Coulomb-14
    2.15660e+02    4.86562e+02    5.94513e+02    2.03240e+02    5.32521e+03
        LJ (SR)  Disper. corr.   Coulomb (SR)   Coul. recip.      Potential
    1.31083e+04   -3.52128e+02   -8.83883e+04    2.56547e+02   -6.85504e+04
    Kinetic En.   Total Energy  Conserved En.    Temperature Pres. DC (bar)
    1.19258e+04   -5.66245e+04   -5.25263e+04    3.00986e+02   -1.24793e+02
 Pressure (bar)   Constr. rmsd
   -6.72574e+02    9.65411e-07


DD  step 4139999 load imb.: force 10.5%
           Step           Time
        4140000     8280.00000

   Energies (kJ/mol)
           Bond          Angle    Proper Dih.          LJ-14     Coulomb-14
    1.75366e+02    4.43936e+02    6.07858e+02    2.16724e+02    5.25056e+03
        LJ (SR)  Disper. corr.   Coulomb (SR)   Coul. recip.      Potential
    1.33714e+04   -3.52128e+02   -8.86617e+04    2.28516e+02   -6.87194e+04
    Kinetic En.   Total Energy  Conserved En.    Temperature Pres. DC (bar)
    1.16342e+04   -5.70853e+04   -5.25267e+04    2.93625e+02   -1.24793e+02
 Pressure (bar)   Constr. rmsd
   -2.75313e+02    1.99649e-06


DD  step 4149999 load imb.: force  6.8%
           Step           Time
        4150000     8300.00000

   Energies (kJ/mol)
           Bond          Angle    Proper Dih.          LJ-14     Coulomb-14
    1.98124e+02    4.85019e+02    6.11946e+02    2.36219e+02    5.33593e+03
        LJ (SR)  Disper. corr.   Coulomb (SR)   Coul. recip.      Potential
    1.31148e+04   -3.52128e+02   -8.79215e+04    2.18339e+02   -6.80733e+04
    Kinetic En.   Total Energy  Conserved En.    Temperature Pres. DC (bar)
    1.18520e+04   -5.62212e+04   -5.25091e+04    2.99124e+02   -1.24793e+02
 Pressure (bar)   Constr. rmsd
   -2.00437e+02    1.01835e-06


DD  step 4159999 load imb.: force  6.1%
           Step           Time
        4160000     8320.00000

   Energies (kJ/mol)
           Bond          Angle    Proper Dih.          LJ-14     Coulomb-14
    1.81710e+02    4.83687e+02    6.14600e+02    2.21236e+02    5.36069e+03
        LJ (SR)  Disper. corr.   Coulomb (SR)   Coul. recip.      Potential
    1.30108e+04   -3.52128e+02   -8.76900e+04    2.37132e+02   -6.79323e+04
    Kinetic En.   Total Energy  Conserved En.    Temperature Pres. DC (bar)
    1.19331e+04   -5.59992e+04   -5.25045e+04    3.01169e+02   -1.24793e+02
 Pressure (bar)   Constr. rmsd
   -4.32196e+02    1.14267e-06


DD  step 4169999 load imb.: force 14.2%
           Step           Time
        4170000     8340.00000

   Energies (kJ/mol)
           Bond          Angle    Proper Dih.          LJ-14     Coulomb-14
    1.53028e+02    4.44382e+02    5.91190e+02    2.22530e+02    5.36473e+03
        LJ (SR)  Disper. corr.   Coulomb (SR)   Coul. recip.      Potential
    1.38817e+04   -3.52128e+02   -8.86646e+04    2.41530e+02   -6.81176e+04
    Kinetic En.   Total Energy  Conserved En.    Temperature Pres. DC (bar)
    1.16969e+04   -5.64207e+04   -5.24931e+04    2.95207e+02   -1.24793e+02
 Pressure (bar)   Constr. rmsd
    6.19969e+02    1.24992e-06


DD  step 4179999 load imb.: force  9.0%
           Step           Time
        4180000     8360.00000

   Energies (kJ/mol)
           Bond          Angle    Proper Dih.          LJ-14     Coulomb-14
    1.88929e+02    4.79896e+02    6.17837e+02    2.48637e+02    5.52301e+03
        LJ (SR)  Disper. corr.   Coulomb (SR)   Coul. recip.      Potential
    1.31715e+04   -3.52128e+02   -8.80367e+04    2.30361e+02   -6.79286e+04
    Kinetic En.   Total Energy  Conserved En.    Temperature Pres. DC (bar)
    1.18433e+04   -5.60853e+04   -5.24922e+04    2.98902e+02   -1.24793e+02
 Pressure (bar)   Constr. rmsd
   -6.28340e+01    1.85596e-06


DD  step 4189999 load imb.: force 11.7%
           Step           Time
        4190000     8380.00000

   Energies (kJ/mol)
           Bond          Angle    Proper Dih.          LJ-14     Coulomb-14
    1.88528e+02    5.44231e+02    5.87206e+02    1.99035e+02    5.30067e+03
        LJ (SR)  Disper. corr.   Coulomb (SR)   Coul. recip.      Potential
    1.33589e+04   -3.52128e+02   -8.84376e+04    2.23529e+02   -6.83876e+04
    Kinetic En.   Total Energy  Conserved En.    Temperature Pres. DC (bar)
    1.20179e+04   -5.63698e+04   -5.24922e+04    3.03308e+02   -1.24793e+02
 Pressure (bar)   Constr. rmsd
   -2.29101e+02    1.02009e-06


DD  step 4199999 load imb.: force  6.2%
           Step           Time
        4200000     8400.00000

   Energies (kJ/mol)
           Bond          Angle    Proper Dih.          LJ-14     Coulomb-14
    2.00153e+02    5.08718e+02    5.85347e+02    2.13052e+02    5.40921e+03
        LJ (SR)  Disper. corr.   Coulomb (SR)   Coul. recip.      Potential
    1.38117e+04   -3.52128e+02   -8.85734e+04    2.11839e+02   -6.79856e+04
    Kinetic En.   Total Energy  Conserved En.    Temperature Pres. DC (bar)
    1.16529e+04   -5.63326e+04   -5.24707e+04    2.94098e+02   -1.24793e+02
 Pressure (bar)   Constr. rmsd
    5.74825e+02    2.24664e-06


DD  step 4209999 load imb.: force  6.2%
           Step           Time
        4210000     8420.00000

   Energies (kJ/mol)
           Bond          Angle    Proper Dih.          LJ-14     Coulomb-14
    1.91966e+02    4.78160e+02    6.25324e+02    2.31073e+02    5.40311e+03
        LJ (SR)  Disper. corr.   Coulomb (SR)   Coul. recip.      Potential
    1.35319e+04   -3.52128e+02   -8.82587e+04    2.16032e+02   -6.79332e+04
    Kinetic En.   Total Energy  Conserved En.    Temperature Pres. DC (bar)
    1.17851e+04   -5.61481e+04   -5.24659e+04    2.97434e+02   -1.24793e+02
 Pressure (bar)   Constr. rmsd
    3.15135e+02    1.68557e-06


DD  step 4219999 load imb.: force  7.1%
           Step           Time
        4220000     8440.00000

   Energies (kJ/mol)
           Bond          Angle    Proper Dih.          LJ-14     Coulomb-14
    1.54851e+02    5.25752e+02    6.37168e+02    2.28341e+02    5.47082e+03
        LJ (SR)  Disper. corr.   Coulomb (SR)   Coul. recip.      Potential
    1.37347e+04   -3.52128e+02   -8.87328e+04    2.20164e+02   -6.81132e+04
    Kinetic En.   Total Energy  Conserved En.    Temperature Pres. DC (bar)
    1.19511e+04   -5.61621e+04   -5.24422e+04    3.01625e+02   -1.24793e+02
 Pressure (bar)   Constr. rmsd
    3.81795e+02    1.01460e-06


DD  step 4229999 load imb.: force 10.8%
           Step           Time
        4230000     8460.00000

   Energies (kJ/mol)
           Bond          Angle    Proper Dih.          LJ-14     Coulomb-14
    1.49447e+02    4.54978e+02    6.06958e+02    1.93474e+02    5.38034e+03
        LJ (SR)  Disper. corr.   Coulomb (SR)   Coul. recip.      Potential
    1.35822e+04   -3.52128e+02   -8.83259e+04    2.12228e+02   -6.80984e+04
    Kinetic En.   Total Energy  Conserved En.    Temperature Pres. DC (bar)
    1.15319e+04   -5.65666e+04   -5.24392e+04    2.91042e+02   -1.24793e+02
 Pressure (bar)   Constr. rmsd
    2.19733e+02    1.55940e-06


DD  step 4239999 load imb.: force  8.1%
           Step           Time
        4240000     8480.00000

   Energies (kJ/mol)
           Bond          Angle    Proper Dih.          LJ-14     Coulomb-14
    2.26721e+02    5.30324e+02    5.95820e+02    2.08986e+02    5.36907e+03
        LJ (SR)  Disper. corr.   Coulomb (SR)   Coul. recip.      Potential
    1.35195e+04   -3.52128e+02   -8.86258e+04    2.34373e+02   -6.82931e+04
    Kinetic En.   Total Energy  Conserved En.    Temperature Pres. DC (bar)
    1.18397e+04   -5.64535e+04   -5.24364e+04    2.98811e+02   -1.24793e+02
 Pressure (bar)   Constr. rmsd
   -2.49241e+01    1.98741e-06


DD  step 4249999 load imb.: force 42.5%
           Step           Time
        4250000     8500.00000

   Energies (kJ/mol)
           Bond          Angle    Proper Dih.          LJ-14     Coulomb-14
    1.81137e+02    4.87855e+02    6.08561e+02    2.06377e+02    5.42669e+03
        LJ (SR)  Disper. corr.   Coulomb (SR)   Coul. recip.      Potential
    1.29162e+04   -3.52128e+02   -8.78289e+04    2.35017e+02   -6.81192e+04
    Kinetic En.   Total Energy  Conserved En.    Temperature Pres. DC (bar)
    1.15266e+04   -5.65926e+04   -5.24244e+04    2.90909e+02   -1.24793e+02
 Pressure (bar)   Constr. rmsd
   -5.75340e+02    1.63931e-06


DD  step 4259999 load imb.: force 37.5%
           Step           Time
        4260000     8520.00000

   Energies (kJ/mol)
           Bond          Angle    Proper Dih.          LJ-14     Coulomb-14
    2.17830e+02    4.75159e+02    6.19816e+02    2.36143e+02    5.44496e+03
        LJ (SR)  Disper. corr.   Coulomb (SR)   Coul. recip.      Potential
    1.33124e+04   -3.52128e+02   -8.82564e+04    2.39707e+02   -6.80625e+04
    Kinetic En.   Total Energy  Conserved En.    Temperature Pres. DC (bar)
    1.17623e+04   -5.63002e+04   -5.24128e+04    2.96858e+02   -1.24793e+02
 Pressure (bar)   Constr. rmsd
    3.10548e+01    1.13781e-06


DD  step 4269999 load imb.: force 10.5%
           Step           Time
        4270000     8540.00000

   Energies (kJ/mol)
           Bond          Angle    Proper Dih.          LJ-14     Coulomb-14
    1.66328e+02    4.82165e+02    6.09693e+02    2.14701e+02    5.42401e+03
        LJ (SR)  Disper. corr.   Coulomb (SR)   Coul. recip.      Potential
    1.30319e+04   -3.52128e+02   -8.76235e+04    2.48443e+02   -6.77984e+04
    Kinetic En.   Total Energy  Conserved En.    Temperature Pres. DC (bar)
    1.19547e+04   -5.58438e+04   -5.24102e+04    3.01714e+02   -1.24793e+02
 Pressure (bar)   Constr. rmsd
    8.07657e+01    1.82356e-06


DD  step 4279999 load imb.: force 11.2%
           Step           Time
        4280000     8560.00000

   Energies (kJ/mol)
           Bond          Angle    Proper Dih.          LJ-14     Coulomb-14
    1.75762e+02    4.93376e+02    6.23034e+02    2.26378e+02    5.45260e+03
        LJ (SR)  Disper. corr.   Coulomb (SR)   Coul. recip.      Potential
    1.34140e+04   -3.52128e+02   -8.84839e+04    2.33322e+02   -6.82175e+04
    Kinetic En.   Total Energy  Conserved En.    Temperature Pres. DC (bar)
    1.19465e+04   -5.62710e+04   -5.24057e+04    3.01508e+02   -1.24793e+02
 Pressure (bar)   Constr. rmsd
    7.34427e+01    9.34162e-07


DD  step 4289999 load imb.: force  5.3%
           Step           Time
        4290000     8580.00000

   Energies (kJ/mol)
           Bond          Angle    Proper Dih.          LJ-14     Coulomb-14
    1.87737e+02    5.13034e+02    6.02045e+02    2.09946e+02    5.48567e+03
        LJ (SR)  Disper. corr.   Coulomb (SR)   Coul. recip.      Potential
    1.35260e+04   -3.52128e+02   -8.84942e+04    2.20368e+02   -6.81015e+04
    Kinetic En.   Total Energy  Conserved En.    Temperature Pres. DC (bar)
    1.17825e+04   -5.63190e+04   -5.24005e+04    2.97369e+02   -1.24793e+02
 Pressure (bar)   Constr. rmsd
    1.14826e+02    1.01797e-06


DD  step 4299999 load imb.: force 12.6%
           Step           Time
        4300000     8600.00000

   Energies (kJ/mol)
           Bond          Angle    Proper Dih.          LJ-14     Coulomb-14
    2.19627e+02    6.09884e+02    6.08148e+02    2.02683e+02    5.37706e+03
        LJ (SR)  Disper. corr.   Coulomb (SR)   Coul. recip.      Potential
    1.41112e+04   -3.52128e+02   -8.94107e+04    2.17433e+02   -6.84168e+04
    Kinetic En.   Total Energy  Conserved En.    Temperature Pres. DC (bar)
    1.16385e+04   -5.67782e+04   -5.23893e+04    2.93735e+02   -1.24793e+02
 Pressure (bar)   Constr. rmsd
    4.84531e+02    1.20923e-06


DD  step 4309999 load imb.: force 14.4%
           Step           Time
        4310000     8620.00000

   Energies (kJ/mol)
           Bond          Angle    Proper Dih.          LJ-14     Coulomb-14
    1.85546e+02    4.83755e+02    6.08805e+02    2.16711e+02    5.40997e+03
        LJ (SR)  Disper. corr.   Coulomb (SR)   Coul. recip.      Potential
    1.31849e+04   -3.52128e+02   -8.77536e+04    2.28029e+02   -6.77880e+04
    Kinetic En.   Total Energy  Conserved En.    Temperature Pres. DC (bar)
    1.17773e+04   -5.60107e+04   -5.23888e+04    2.97237e+02   -1.24793e+02
 Pressure (bar)   Constr. rmsd
    1.31616e+02    1.86923e-06


DD  step 4319999 load imb.: force  3.6%
           Step           Time
        4320000     8640.00000

   Energies (kJ/mol)
           Bond          Angle    Proper Dih.          LJ-14     Coulomb-14
    2.33495e+02    5.57545e+02    6.25155e+02    2.31597e+02    5.40791e+03
        LJ (SR)  Disper. corr.   Coulomb (SR)   Coul. recip.      Potential
    1.35320e+04   -3.52128e+02   -8.86416e+04    2.34953e+02   -6.81710e+04
    Kinetic En.   Total Energy  Conserved En.    Temperature Pres. DC (bar)
    1.19395e+04   -5.62316e+04   -5.23792e+04    3.01330e+02   -1.24793e+02
 Pressure (bar)   Constr. rmsd
   -6.59841e+01    2.25883e-06


DD  step 4329999 load imb.: force 13.6%
           Step           Time
        4330000     8660.00000

   Energies (kJ/mol)
           Bond          Angle    Proper Dih.          LJ-14     Coulomb-14
    1.97763e+02    4.62662e+02    6.16981e+02    2.01377e+02    5.50710e+03
        LJ (SR)  Disper. corr.   Coulomb (SR)   Coul. recip.      Potential
    1.26253e+04   -3.52128e+02   -8.74160e+04    2.64352e+02   -6.78926e+04
    Kinetic En.   Total Energy  Conserved En.    Temperature Pres. DC (bar)
    1.19949e+04   -5.58977e+04   -5.23827e+04    3.02729e+02   -1.24793e+02
 Pressure (bar)   Constr. rmsd
   -9.56757e+02    2.01666e-06


DD  step 4339999 load imb.: force  7.8%
           Step           Time
        4340000     8680.00000

   Energies (kJ/mol)
           Bond          Angle    Proper Dih.          LJ-14     Coulomb-14
    1.80470e+02    5.07606e+02    5.94106e+02    2.22496e+02    5.42048e+03
        LJ (SR)  Disper. corr.   Coulomb (SR)   Coul. recip.      Potential
    1.32634e+04   -3.52128e+02   -8.80688e+04    2.24924e+02   -6.80074e+04
    Kinetic En.   Total Energy  Conserved En.    Temperature Pres. DC (bar)
    1.19524e+04   -5.60550e+04   -5.23739e+04    3.01657e+02   -1.24793e+02
 Pressure (bar)   Constr. rmsd
   -8.18797e+01    1.79324e-06


DD  step 4349999 load imb.: force 11.3%
           Step           Time
        4350000     8700.00000

   Energies (kJ/mol)
           Bond          Angle    Proper Dih.          LJ-14     Coulomb-14
    2.17631e+02    4.87366e+02    6.01172e+02    2.02075e+02    5.50192e+03
        LJ (SR)  Disper. corr.   Coulomb (SR)   Coul. recip.      Potential
    1.34988e+04   -3.52128e+02   -8.80254e+04    2.45121e+02   -6.76235e+04
    Kinetic En.   Total Energy  Conserved En.    Temperature Pres. DC (bar)
    1.18783e+04   -5.57452e+04   -5.23721e+04    2.99785e+02   -1.24793e+02
 Pressure (bar)   Constr. rmsd
    2.95102e+02    1.48733e-06


DD  step 4359999 load imb.: force 15.5%
           Step           Time
        4360000     8720.00000

   Energies (kJ/mol)
           Bond          Angle    Proper Dih.          LJ-14     Coulomb-14
    2.14185e+02    4.26953e+02    6.09662e+02    2.26239e+02    5.51744e+03
        LJ (SR)  Disper. corr.   Coulomb (SR)   Coul. recip.      Potential
    1.32120e+04   -3.52128e+02   -8.83554e+04    2.25328e+02   -6.82757e+04
    Kinetic En.   Total Energy  Conserved En.    Temperature Pres. DC (bar)
    1.19606e+04   -5.63152e+04   -5.23636e+04    3.01862e+02   -1.24793e+02
 Pressure (bar)   Constr. rmsd
   -1.51055e+02    1.45071e-06


DD  step 4369999 load imb.: force 10.1%
           Step           Time
        4370000     8740.00000

   Energies (kJ/mol)
           Bond          Angle    Proper Dih.          LJ-14     Coulomb-14
    2.38624e+02    4.88217e+02    6.15332e+02    2.21900e+02    5.42374e+03
        LJ (SR)  Disper. corr.   Coulomb (SR)   Coul. recip.      Potential
    1.36043e+04   -3.52128e+02   -8.85223e+04    1.98319e+02   -6.80840e+04
    Kinetic En.   Total Energy  Conserved En.    Temperature Pres. DC (bar)
    1.17029e+04   -5.63811e+04   -5.23502e+04    2.95358e+02   -1.24793e+02
 Pressure (bar)   Constr. rmsd
    1.71456e+02    1.27216e-06


DD  step 4379999 load imb.: force  9.3%
           Step           Time
        4380000     8760.00000

   Energies (kJ/mol)
           Bond          Angle    Proper Dih.          LJ-14     Coulomb-14
    1.64863e+02    4.67233e+02    6.12271e+02    2.06719e+02    5.52073e+03
        LJ (SR)  Disper. corr.   Coulomb (SR)   Coul. recip.      Potential
    1.28573e+04   -3.52128e+02   -8.73670e+04    2.42711e+02   -6.76473e+04
    Kinetic En.   Total Energy  Conserved En.    Temperature Pres. DC (bar)
    1.18290e+04   -5.58183e+04   -5.23467e+04    2.98543e+02   -1.24793e+02
 Pressure (bar)   Constr. rmsd
   -3.49088e+02    1.69277e-06


DD  step 4389999 load imb.: force  5.8%
           Step           Time
        4390000     8780.00000

   Energies (kJ/mol)
           Bond          Angle    Proper Dih.          LJ-14     Coulomb-14
    1.90007e+02    5.15022e+02    6.11547e+02    1.97860e+02    5.58035e+03
        LJ (SR)  Disper. corr.   Coulomb (SR)   Coul. recip.      Potential
    1.30803e+04   -3.52128e+02   -8.82401e+04    2.15487e+02   -6.82017e+04
    Kinetic En.   Total Energy  Conserved En.    Temperature Pres. DC (bar)
    1.16836e+04   -5.65181e+04   -5.23316e+04    2.94872e+02   -1.24793e+02
 Pressure (bar)   Constr. rmsd
   -4.24478e+02    1.31562e-06


DD  step 4399999 load imb.: force 10.4%
           Step           Time
        4400000     8800.00000

   Energies (kJ/mol)
           Bond          Angle    Proper Dih.          LJ-14     Coulomb-14
    1.77188e+02    5.62255e+02    6.38023e+02    2.52503e+02    5.59865e+03
        LJ (SR)  Disper. corr.   Coulomb (SR)   Coul. recip.      Potential
    1.32744e+04   -3.52128e+02   -8.82750e+04    2.10758e+02   -6.79134e+04
    Kinetic En.   Total Energy  Conserved En.    Temperature Pres. DC (bar)
    1.21048e+04   -5.58086e+04   -5.23297e+04    3.05503e+02   -1.24793e+02
 Pressure (bar)   Constr. rmsd
    1.98969e+02    9.42837e-07


DD  step 4409999 load imb.: force  7.1%
           Step           Time
        4410000     8820.00000

   Energies (kJ/mol)
           Bond          Angle    Proper Dih.          LJ-14     Coulomb-14
    1.93113e+02    4.22144e+02    5.94097e+02    1.96512e+02    5.42036e+03
        LJ (SR)  Disper. corr.   Coulomb (SR)   Coul. recip.      Potential
    1.30517e+04   -3.52128e+02   -8.74682e+04    2.25108e+02   -6.77173e+04
    Kinetic En.   Total Energy  Conserved En.    Temperature Pres. DC (bar)
    1.20886e+04   -5.56288e+04   -5.23288e+04    3.05093e+02   -1.24793e+02
 Pressure (bar)   Constr. rmsd
   -2.06752e+02    2.26661e-06


DD  step 4419999 load imb.: force  9.2%
           Step           Time
        4420000     8840.00000

   Energies (kJ/mol)
           Bond          Angle    Proper Dih.          LJ-14     Coulomb-14
    1.64749e+02    4.50309e+02    6.31145e+02    2.22708e+02    5.56185e+03
        LJ (SR)  Disper. corr.   Coulomb (SR)   Coul. recip.      Potential
    1.26548e+04   -3.52128e+02   -8.72058e+04    2.45767e+02   -6.76266e+04
    Kinetic En.   Total Energy  Conserved En.    Temperature Pres. DC (bar)
    1.19018e+04   -5.57248e+04   -5.23122e+04    3.00380e+02   -1.24793e+02
 Pressure (bar)   Constr. rmsd
   -4.41159e+02    1.13376e-06


DD  step 4429999 load imb.: force  8.3%
           Step           Time
        4430000     8860.00000

   Energies (kJ/mol)
           Bond          Angle    Proper Dih.          LJ-14     Coulomb-14
    1.70057e+02    4.56648e+02    5.97195e+02    2.22016e+02    5.40960e+03
        LJ (SR)  Disper. corr.   Coulomb (SR)   Coul. recip.      Potential
    1.36036e+04   -3.52128e+02   -8.84887e+04    2.41136e+02   -6.81406e+04
    Kinetic En.   Total Energy  Conserved En.    Temperature Pres. DC (bar)
    1.18934e+04   -5.62472e+04   -5.23021e+04    3.00168e+02   -1.24793e+02
 Pressure (bar)   Constr. rmsd
    3.73351e+02    1.44869e-06


DD  step 4439999 load imb.: force  8.9%
           Step           Time
        4440000     8880.00000

   Energies (kJ/mol)
           Bond          Angle    Proper Dih.          LJ-14     Coulomb-14
    1.95938e+02    4.22694e+02    6.02525e+02    2.14201e+02    5.54511e+03
        LJ (SR)  Disper. corr.   Coulomb (SR)   Coul. recip.      Potential
    1.33454e+04   -3.52128e+02   -8.81774e+04    2.21224e+02   -6.79825e+04
    Kinetic En.   Total Energy  Conserved En.    Temperature Pres. DC (bar)
    1.20457e+04   -5.59367e+04   -5.22967e+04    3.04012e+02   -1.24793e+02
 Pressure (bar)   Constr. rmsd
   -5.56950e+01    2.74836e-06


DD  step 4449999 load imb.: force 13.8%
           Step           Time
        4450000     8900.00000

   Energies (kJ/mol)
           Bond          Angle    Proper Dih.          LJ-14     Coulomb-14
    2.10523e+02    5.42582e+02    6.16758e+02    2.38786e+02    5.45085e+03
        LJ (SR)  Disper. corr.   Coulomb (SR)   Coul. recip.      Potential
    1.31313e+04   -3.52128e+02   -8.80447e+04    2.33084e+02   -6.79730e+04
    Kinetic En.   Total Energy  Conserved En.    Temperature Pres. DC (bar)
    1.19635e+04   -5.60095e+04   -5.22950e+04    3.01937e+02   -1.24793e+02
 Pressure (bar)   Constr. rmsd
   -2.44466e+02    1.24329e-06


DD  step 4459999 load imb.: force  7.0%
           Step           Time
        4460000     8920.00000

   Energies (kJ/mol)
           Bond          Angle    Proper Dih.          LJ-14     Coulomb-14
    1.73866e+02    4.75390e+02    6.19991e+02    2.15549e+02    5.49444e+03
        LJ (SR)  Disper. corr.   Coulomb (SR)   Coul. recip.      Potential
    1.30592e+04   -3.52128e+02   -8.79150e+04    2.08590e+02   -6.80201e+04
    Kinetic En.   Total Energy  Conserved En.    Temperature Pres. DC (bar)
    1.20988e+04   -5.59213e+04   -5.22885e+04    3.05352e+02   -1.24793e+02
 Pressure (bar)   Constr. rmsd
   -1.88944e+02    9.29651e-07


DD  step 4469999 load imb.: force  9.2%
           Step           Time
        4470000     8940.00000

   Energies (kJ/mol)
           Bond          Angle    Proper Dih.          LJ-14     Coulomb-14
    1.99049e+02    4.74101e+02    6.19450e+02    2.13498e+02    5.50829e+03
        LJ (SR)  Disper. corr.   Coulomb (SR)   Coul. recip.      Potential
    1.32539e+04   -3.52128e+02   -8.79990e+04    2.52671e+02   -6.78301e+04
    Kinetic En.   Total Energy  Conserved En.    Temperature Pres. DC (bar)
    1.15511e+04   -5.62790e+04   -5.22730e+04    2.91529e+02   -1.24793e+02
 Pressure (bar)   Constr. rmsd
   -7.40879e+01    1.67083e-06

Writing checkpoint, step 4475440 at Wed Apr 29 20:21:14 2026



DD  step 4479999 load imb.: force 40.4%
           Step           Time
        4480000     8960.00000

   Energies (kJ/mol)
           Bond          Angle    Proper Dih.          LJ-14     Coulomb-14
    2.11673e+02    4.85349e+02    6.23464e+02    2.02202e+02    5.48476e+03
        LJ (SR)  Disper. corr.   Coulomb (SR)   Coul. recip.      Potential
    1.32082e+04   -3.52128e+02   -8.84342e+04    2.28814e+02   -6.83418e+04
    Kinetic En.   Total Energy  Conserved En.    Temperature Pres. DC (bar)
    1.19837e+04   -5.63581e+04   -5.22627e+04    3.02446e+02   -1.24793e+02
 Pressure (bar)   Constr. rmsd
   -3.49769e+02    1.37432e-06


DD  step 4489999 load imb.: force  7.8%
           Step           Time
        4490000     8980.00000

   Energies (kJ/mol)
           Bond          Angle    Proper Dih.          LJ-14     Coulomb-14
    1.99675e+02    4.76836e+02    6.10344e+02    2.29009e+02    5.52475e+03
        LJ (SR)  Disper. corr.   Coulomb (SR)   Coul. recip.      Potential
    1.30815e+04   -3.52128e+02   -8.80076e+04    2.24664e+02   -6.80129e+04
    Kinetic En.   Total Energy  Conserved En.    Temperature Pres. DC (bar)
    1.16272e+04   -5.63858e+04   -5.22499e+04    2.93448e+02   -1.24793e+02
 Pressure (bar)   Constr. rmsd
   -3.32369e+02    1.21041e-06


DD  step 4499999 load imb.: force  5.8%
           Step           Time
        4500000     9000.00000

   Energies (kJ/mol)
           Bond          Angle    Proper Dih.          LJ-14     Coulomb-14
    1.83388e+02    4.20087e+02    6.14035e+02    2.41633e+02    5.49161e+03
        LJ (SR)  Disper. corr.   Coulomb (SR)   Coul. recip.      Potential
    1.24601e+04   -3.52128e+02   -8.72535e+04    2.12672e+02   -6.79821e+04
    Kinetic En.   Total Energy  Conserved En.    Temperature Pres. DC (bar)
    1.20444e+04   -5.59377e+04   -5.22417e+04    3.03977e+02   -1.24793e+02
 Pressure (bar)   Constr. rmsd
   -7.89754e+02    1.07937e-06


DD  step 4509999 load imb.: force  7.8%
           Step           Time
        4510000     9020.00000

   Energies (kJ/mol)
           Bond          Angle    Proper Dih.          LJ-14     Coulomb-14
    2.07338e+02    4.58884e+02    6.14362e+02    2.19331e+02    5.48559e+03
        LJ (SR)  Disper. corr.   Coulomb (SR)   Coul. recip.      Potential
    1.30221e+04   -3.52128e+02   -8.81055e+04    2.10438e+02   -6.82396e+04
    Kinetic En.   Total Energy  Conserved En.    Temperature Pres. DC (bar)
    1.17910e+04   -5.64486e+04   -5.22306e+04    2.97582e+02   -1.24793e+02
 Pressure (bar)   Constr. rmsd
   -6.31865e+02    1.77990e-06


DD  step 4519999 load imb.: force  7.6%
           Step           Time
        4520000     9040.00000

   Energies (kJ/mol)
           Bond          Angle    Proper Dih.          LJ-14     Coulomb-14
    1.86728e+02    4.71850e+02    6.13080e+02    2.20314e+02    5.41887e+03
        LJ (SR)  Disper. corr.   Coulomb (SR)   Coul. recip.      Potential
    1.32888e+04   -3.52128e+02   -8.82584e+04    2.27918e+02   -6.81829e+04
    Kinetic En.   Total Energy  Conserved En.    Temperature Pres. DC (bar)
    1.17275e+04   -5.64554e+04   -5.22191e+04    2.95981e+02   -1.24793e+02
 Pressure (bar)   Constr. rmsd
   -7.57391e+01    9.48042e-07


DD  step 4529999 load imb.: force  9.3%
           Step           Time
        4530000     9060.00000

   Energies (kJ/mol)
           Bond          Angle    Proper Dih.          LJ-14     Coulomb-14
    1.98078e+02    4.33643e+02    5.91097e+02    2.07145e+02    5.46146e+03
        LJ (SR)  Disper. corr.   Coulomb (SR)   Coul. recip.      Potential
    1.30399e+04   -3.52128e+02   -8.75835e+04    2.31711e+02   -6.77726e+04
    Kinetic En.   Total Energy  Conserved En.    Temperature Pres. DC (bar)
    1.16743e+04   -5.60983e+04   -5.22140e+04    2.94637e+02   -1.24793e+02
 Pressure (bar)   Constr. rmsd
   -2.04199e+02    9.61544e-07


DD  step 4539999 load imb.: force 15.2%
           Step           Time
        4540000     9080.00000

   Energies (kJ/mol)
           Bond          Angle    Proper Dih.          LJ-14     Coulomb-14
    2.17479e+02    5.32811e+02    6.33515e+02    2.10471e+02    5.44978e+03
        LJ (SR)  Disper. corr.   Coulomb (SR)   Coul. recip.      Potential
    1.35554e+04   -3.52128e+02   -8.86367e+04    2.46517e+02   -6.81428e+04
    Kinetic En.   Total Energy  Conserved En.    Temperature Pres. DC (bar)
    1.21855e+04   -5.59574e+04   -5.22023e+04    3.07539e+02   -1.24793e+02
 Pressure (bar)   Constr. rmsd
    5.23625e+01    1.09520e-06


DD  step 4549999 load imb.: force  6.1%
           Step           Time
        4550000     9100.00000

   Energies (kJ/mol)
           Bond          Angle    Proper Dih.          LJ-14     Coulomb-14
    1.60659e+02    5.07079e+02    6.03024e+02    2.19321e+02    5.48248e+03
        LJ (SR)  Disper. corr.   Coulomb (SR)   Coul. recip.      Potential
    1.37225e+04   -3.52128e+02   -8.89440e+04    2.29117e+02   -6.83719e+04
    Kinetic En.   Total Energy  Conserved En.    Temperature Pres. DC (bar)
    1.19786e+04   -5.63933e+04   -5.22001e+04    3.02318e+02   -1.24793e+02
 Pressure (bar)   Constr. rmsd
    3.89996e+02    1.94165e-06


DD  step 4559999 load imb.: force  7.2%
           Step           Time
        4560000     9120.00000

   Energies (kJ/mol)
           Bond          Angle    Proper Dih.          LJ-14     Coulomb-14
    1.73466e+02    5.24022e+02    6.18472e+02    2.37646e+02    5.41565e+03
        LJ (SR)  Disper. corr.   Coulomb (SR)   Coul. recip.      Potential
    1.33319e+04   -3.52128e+02   -8.80027e+04    2.15105e+02   -6.78386e+04
    Kinetic En.   Total Energy  Conserved En.    Temperature Pres. DC (bar)
    1.13763e+04   -5.64622e+04   -5.21893e+04    2.87118e+02   -1.24793e+02
 Pressure (bar)   Constr. rmsd
    6.47534e+01    1.63137e-06


DD  step 4569999 load imb.: force  8.5%
           Step           Time
        4570000     9140.00000

   Energies (kJ/mol)
           Bond          Angle    Proper Dih.          LJ-14     Coulomb-14
    1.80255e+02    4.94478e+02    6.20070e+02    2.23725e+02    5.42730e+03
        LJ (SR)  Disper. corr.   Coulomb (SR)   Coul. recip.      Potential
    1.31366e+04   -3.52128e+02   -8.81110e+04    2.25760e+02   -6.81550e+04
    Kinetic En.   Total Energy  Conserved En.    Temperature Pres. DC (bar)
    1.17053e+04   -5.64497e+04   -5.21778e+04    2.95421e+02   -1.24793e+02
 Pressure (bar)   Constr. rmsd
   -3.26729e+02    1.76565e-06


DD  step 4579999 load imb.: force  6.6%
           Step           Time
        4580000     9160.00000

   Energies (kJ/mol)
           Bond          Angle    Proper Dih.          LJ-14     Coulomb-14
    1.92296e+02    5.03300e+02    5.99366e+02    2.08618e+02    5.44293e+03
        LJ (SR)  Disper. corr.   Coulomb (SR)   Coul. recip.      Potential
    1.32823e+04   -3.52128e+02   -8.81571e+04    2.19193e+02   -6.80612e+04
    Kinetic En.   Total Energy  Conserved En.    Temperature Pres. DC (bar)
    1.18019e+04   -5.62593e+04   -5.21770e+04    2.97858e+02   -1.24793e+02
 Pressure (bar)   Constr. rmsd
   -3.33040e+02    1.61749e-06


DD  step 4589999 load imb.: force 15.0%
           Step           Time
        4590000     9180.00000

   Energies (kJ/mol)
           Bond          Angle    Proper Dih.          LJ-14     Coulomb-14
    1.86177e+02    5.19526e+02    6.13540e+02    2.30526e+02    5.42073e+03
        LJ (SR)  Disper. corr.   Coulomb (SR)   Coul. recip.      Potential
    1.32045e+04   -3.52128e+02   -8.82885e+04    2.28232e+02   -6.82374e+04
    Kinetic En.   Total Energy  Conserved En.    Temperature Pres. DC (bar)
    1.18301e+04   -5.64073e+04   -5.21737e+04    2.98569e+02   -1.24793e+02
 Pressure (bar)   Constr. rmsd
   -9.22014e+01    1.68990e-06


DD  step 4599999 load imb.: force  7.0%
           Step           Time
        4600000     9200.00000

   Energies (kJ/mol)
           Bond          Angle    Proper Dih.          LJ-14     Coulomb-14
    1.73698e+02    5.34471e+02    6.05519e+02    2.06600e+02    5.31009e+03
        LJ (SR)  Disper. corr.   Coulomb (SR)   Coul. recip.      Potential
    1.32289e+04   -3.52128e+02   -8.82929e+04    2.26267e+02   -6.83594e+04
    Kinetic En.   Total Energy  Conserved En.    Temperature Pres. DC (bar)
    1.20603e+04   -5.62991e+04   -5.21662e+04    3.04380e+02   -1.24793e+02
 Pressure (bar)   Constr. rmsd
   -1.08866e+02    1.17140e-06


DD  step 4609999 load imb.: force  7.5%
           Step           Time
        4610000     9220.00000

   Energies (kJ/mol)
           Bond          Angle    Proper Dih.          LJ-14     Coulomb-14
    1.72119e+02    5.10509e+02    5.90409e+02    2.05401e+02    5.36159e+03
        LJ (SR)  Disper. corr.   Coulomb (SR)   Coul. recip.      Potential
    1.36781e+04   -3.52128e+02   -8.90162e+04    2.21824e+02   -6.86284e+04
    Kinetic En.   Total Energy  Conserved En.    Temperature Pres. DC (bar)
    1.19899e+04   -5.66385e+04   -5.21524e+04    3.02604e+02   -1.24793e+02
 Pressure (bar)   Constr. rmsd
   -3.36155e+01    7.66439e-07


DD  step 4619999 load imb.: force  5.4%
           Step           Time
        4620000     9240.00000

   Energies (kJ/mol)
           Bond          Angle    Proper Dih.          LJ-14     Coulomb-14
    1.83243e+02    4.60338e+02    5.98783e+02    2.15481e+02    5.33641e+03
        LJ (SR)  Disper. corr.   Coulomb (SR)   Coul. recip.      Potential
    1.35824e+04   -3.52128e+02   -8.90847e+04    2.28078e+02   -6.88321e+04
    Kinetic En.   Total Energy  Conserved En.    Temperature Pres. DC (bar)
    1.18649e+04   -5.69672e+04   -5.21497e+04    2.99448e+02   -1.24793e+02
 Pressure (bar)   Constr. rmsd
   -5.74524e+01    1.22844e-06


DD  step 4629999 load imb.: force  7.3%
           Step           Time
        4630000     9260.00000

   Energies (kJ/mol)
           Bond          Angle    Proper Dih.          LJ-14     Coulomb-14
    1.88580e+02    4.43688e+02    5.87143e+02    2.10646e+02    5.41089e+03
        LJ (SR)  Disper. corr.   Coulomb (SR)   Coul. recip.      Potential
    1.31058e+04   -3.52128e+02   -8.76041e+04    2.30391e+02   -6.77792e+04
    Kinetic En.   Total Energy  Conserved En.    Temperature Pres. DC (bar)
    1.19115e+04   -5.58677e+04   -5.21419e+04    3.00624e+02   -1.24793e+02
 Pressure (bar)   Constr. rmsd
   -1.92826e+02    1.02413e-06


DD  step 4639999 load imb.: force 20.8%
           Step           Time
        4640000     9280.00000

   Energies (kJ/mol)
           Bond          Angle    Proper Dih.          LJ-14     Coulomb-14
    1.83964e+02    4.51586e+02    6.05735e+02    2.47497e+02    5.34377e+03
        LJ (SR)  Disper. corr.   Coulomb (SR)   Coul. recip.      Potential
    1.29713e+04   -3.52128e+02   -8.77331e+04    2.15238e+02   -6.80662e+04
    Kinetic En.   Total Energy  Conserved En.    Temperature Pres. DC (bar)
    1.17205e+04   -5.63457e+04   -5.21270e+04    2.95803e+02   -1.24793e+02
 Pressure (bar)   Constr. rmsd
   -4.37954e+02    1.34540e-06


DD  step 4649999 load imb.: force  7.1%
           Step           Time
        4650000     9300.00000

   Energies (kJ/mol)
           Bond          Angle    Proper Dih.          LJ-14     Coulomb-14
    1.66048e+02    4.46336e+02    5.92919e+02    2.18426e+02    5.48960e+03
        LJ (SR)  Disper. corr.   Coulomb (SR)   Coul. recip.      Potential
    1.39942e+04   -3.52128e+02   -8.88439e+04    2.51852e+02   -6.80366e+04
    Kinetic En.   Total Energy  Conserved En.    Temperature Pres. DC (bar)
    1.18074e+04   -5.62293e+04   -5.21184e+04    2.97996e+02   -1.24793e+02
 Pressure (bar)   Constr. rmsd
    8.34483e+02    1.08720e-06


DD  step 4659999 load imb.: force  7.7%
           Step           Time
        4660000     9320.00000

   Energies (kJ/mol)
           Bond          Angle    Proper Dih.          LJ-14     Coulomb-14
    1.90605e+02    4.62025e+02    5.92079e+02    2.15902e+02    5.48274e+03
        LJ (SR)  Disper. corr.   Coulomb (SR)   Coul. recip.      Potential
    1.28282e+04   -3.52128e+02   -8.78292e+04    2.39660e+02   -6.81701e+04
    Kinetic En.   Total Energy  Conserved En.    Temperature Pres. DC (bar)
    1.20580e+04   -5.61121e+04   -5.21179e+04    3.04321e+02   -1.24793e+02
 Pressure (bar)   Constr. rmsd
   -6.11852e+02    9.92896e-07


DD  step 4669999 load imb.: force  7.0%
           Step           Time
        4670000     9340.00000

   Energies (kJ/mol)
           Bond          Angle    Proper Dih.          LJ-14     Coulomb-14
    2.21727e+02    4.54102e+02    6.07716e+02    2.25245e+02    5.32888e+03
        LJ (SR)  Disper. corr.   Coulomb (SR)   Coul. recip.      Potential
    1.34478e+04   -3.52128e+02   -8.77515e+04    2.41736e+02   -6.75764e+04
    Kinetic En.   Total Energy  Conserved En.    Temperature Pres. DC (bar)
    1.17060e+04   -5.58704e+04   -5.21060e+04    2.95437e+02   -1.24793e+02
 Pressure (bar)   Constr. rmsd
    2.51728e+02    1.69791e-06


DD  step 4679999 load imb.: force 15.3%
           Step           Time
        4680000     9360.00000

   Energies (kJ/mol)
           Bond          Angle    Proper Dih.          LJ-14     Coulomb-14
    1.98228e+02    4.48730e+02    6.20492e+02    2.29685e+02    5.48568e+03
        LJ (SR)  Disper. corr.   Coulomb (SR)   Coul. recip.      Potential
    1.38220e+04   -3.52128e+02   -8.87661e+04    2.14492e+02   -6.80988e+04
    Kinetic En.   Total Energy  Conserved En.    Temperature Pres. DC (bar)
    1.19515e+04   -5.61474e+04   -5.20959e+04    3.01633e+02   -1.24793e+02
 Pressure (bar)   Constr. rmsd
    7.04641e+02    9.98806e-07


DD  step 4689999 load imb.: force  8.9%
           Step           Time
        4690000     9380.00000

   Energies (kJ/mol)
           Bond          Angle    Proper Dih.          LJ-14     Coulomb-14
    2.22149e+02    5.02068e+02    6.05713e+02    2.13041e+02    5.42872e+03
        LJ (SR)  Disper. corr.   Coulomb (SR)   Coul. recip.      Potential
    1.32002e+04   -3.52128e+02   -8.78306e+04    2.37997e+02   -6.77729e+04
    Kinetic En.   Total Energy  Conserved En.    Temperature Pres. DC (bar)
    1.17183e+04   -5.60546e+04   -5.20855e+04    2.95747e+02   -1.24793e+02
 Pressure (bar)   Constr. rmsd
   -2.03534e+02    1.39227e-06


DD  step 4699999 load imb.: force  4.9%
           Step           Time
        4700000     9400.00000

   Energies (kJ/mol)
           Bond          Angle    Proper Dih.          LJ-14     Coulomb-14
    2.35351e+02    4.34630e+02    6.23672e+02    2.12296e+02    5.36475e+03
        LJ (SR)  Disper. corr.   Coulomb (SR)   Coul. recip.      Potential
    1.32143e+04   -3.52128e+02   -8.81503e+04    2.27451e+02   -6.81899e+04
    Kinetic En.   Total Energy  Conserved En.    Temperature Pres. DC (bar)
    1.17619e+04   -5.64280e+04   -5.20793e+04    2.96850e+02   -1.24793e+02
 Pressure (bar)   Constr. rmsd
   -5.26774e+02    1.85070e-06


DD  step 4709999 load imb.: force 23.6%
           Step           Time
        4710000     9420.00000

   Energies (kJ/mol)
           Bond          Angle    Proper Dih.          LJ-14     Coulomb-14
    1.89438e+02    5.41791e+02    6.15623e+02    2.35473e+02    5.41374e+03
        LJ (SR)  Disper. corr.   Coulomb (SR)   Coul. recip.      Potential
    1.30840e+04   -3.52128e+02   -8.80553e+04    2.32215e+02   -6.80951e+04
    Kinetic En.   Total Energy  Conserved En.    Temperature Pres. DC (bar)
    1.16080e+04   -5.64871e+04   -5.20683e+04    2.92964e+02   -1.24793e+02
 Pressure (bar)   Constr. rmsd
   -3.78171e+02    2.15446e-06


DD  step 4719999 load imb.: force  6.0%
           Step           Time
        4720000     9440.00000

   Energies (kJ/mol)
           Bond          Angle    Proper Dih.          LJ-14     Coulomb-14
    2.33370e+02    4.72085e+02    6.15076e+02    2.26420e+02    5.51071e+03
        LJ (SR)  Disper. corr.   Coulomb (SR)   Coul. recip.      Potential
    1.30588e+04   -3.52128e+02   -8.79293e+04    2.18704e+02   -6.79463e+04
    Kinetic En.   Total Energy  Conserved En.    Temperature Pres. DC (bar)
    1.18208e+04   -5.61255e+04   -5.20658e+04    2.98334e+02   -1.24793e+02
 Pressure (bar)   Constr. rmsd
   -4.71583e+01    1.69959e-06


DD  step 4729999 load imb.: force  6.7%
           Step           Time
        4730000     9460.00000

   Energies (kJ/mol)
           Bond          Angle    Proper Dih.          LJ-14     Coulomb-14
    1.72151e+02    4.69966e+02    6.12811e+02    2.25650e+02    5.43385e+03
        LJ (SR)  Disper. corr.   Coulomb (SR)   Coul. recip.      Potential
    1.36656e+04   -3.52128e+02   -8.89037e+04    2.31388e+02   -6.84444e+04
    Kinetic En.   Total Energy  Conserved En.    Temperature Pres. DC (bar)
    1.16657e+04   -5.67787e+04   -5.20611e+04    2.94421e+02   -1.24793e+02
 Pressure (bar)   Constr. rmsd
    1.63030e+02    1.35907e-06


DD  step 4739999 load imb.: force 11.3%
           Step           Time
        4740000     9480.00000

   Energies (kJ/mol)
           Bond          Angle    Proper Dih.          LJ-14     Coulomb-14
    2.07327e+02    5.64534e+02    6.09464e+02    2.15264e+02    5.47434e+03
        LJ (SR)  Disper. corr.   Coulomb (SR)   Coul. recip.      Potential
    1.32724e+04   -3.52128e+02   -8.80324e+04    2.29562e+02   -6.78116e+04
    Kinetic En.   Total Energy  Conserved En.    Temperature Pres. DC (bar)
    1.17632e+04   -5.60484e+04   -5.20336e+04    2.96882e+02   -1.24793e+02
 Pressure (bar)   Constr. rmsd
    1.80177e+02    1.56425e-06


DD  step 4749999 load imb.: force  4.9%
           Step           Time
        4750000     9500.00000

   Energies (kJ/mol)
           Bond          Angle    Proper Dih.          LJ-14     Coulomb-14
    1.87552e+02    4.96831e+02    6.21545e+02    2.34969e+02    5.40366e+03
        LJ (SR)  Disper. corr.   Coulomb (SR)   Coul. recip.      Potential
    1.36536e+04   -3.52128e+02   -8.91429e+04    2.33939e+02   -6.86629e+04
    Kinetic En.   Total Energy  Conserved En.    Temperature Pres. DC (bar)
    1.18666e+04   -5.67963e+04   -5.20368e+04    2.99491e+02   -1.24793e+02
 Pressure (bar)   Constr. rmsd
    3.21602e+01    3.11152e-06


DD  step 4759999 load imb.: force 10.8%
           Step           Time
        4760000     9520.00000

   Energies (kJ/mol)
           Bond          Angle    Proper Dih.          LJ-14     Coulomb-14
    2.07935e+02    5.46703e+02    5.85936e+02    2.40517e+02    5.40748e+03
        LJ (SR)  Disper. corr.   Coulomb (SR)   Coul. recip.      Potential
    1.27857e+04   -3.52128e+02   -8.70725e+04    2.37964e+02   -6.74124e+04
    Kinetic En.   Total Energy  Conserved En.    Temperature Pres. DC (bar)
    1.19838e+04   -5.54286e+04   -5.20256e+04    3.02449e+02   -1.24793e+02
 Pressure (bar)   Constr. rmsd
   -1.26186e+02    1.22865e-06


DD  step 4769999 load imb.: force 19.7%
           Step           Time
        4770000     9540.00000

   Energies (kJ/mol)
           Bond          Angle    Proper Dih.          LJ-14     Coulomb-14
    1.72145e+02    5.00643e+02    6.17050e+02    2.39126e+02    5.40386e+03
        LJ (SR)  Disper. corr.   Coulomb (SR)   Coul. recip.      Potential
    1.28096e+04   -3.52128e+02   -8.74125e+04    2.39377e+02   -6.77828e+04
    Kinetic En.   Total Energy  Conserved En.    Temperature Pres. DC (bar)
    1.19247e+04   -5.58581e+04   -5.20114e+04    3.00957e+02   -1.24793e+02
 Pressure (bar)   Constr. rmsd
   -5.19734e+02    1.45220e-06


DD  step 4779999 load imb.: force  8.4%
           Step           Time
        4780000     9560.00000

   Energies (kJ/mol)
           Bond          Angle    Proper Dih.          LJ-14     Coulomb-14
    1.99828e+02    5.46689e+02    5.89819e+02    2.46434e+02    5.38348e+03
        LJ (SR)  Disper. corr.   Coulomb (SR)   Coul. recip.      Potential
    1.27890e+04   -3.52128e+02   -8.72830e+04    2.55005e+02   -6.76248e+04
    Kinetic En.   Total Energy  Conserved En.    Temperature Pres. DC (bar)
    1.22267e+04   -5.53982e+04   -5.20176e+04    3.08578e+02   -1.24793e+02
 Pressure (bar)   Constr. rmsd
   -1.78308e+02    1.70963e-06


DD  step 4789999 load imb.: force 17.1%
           Step           Time
        4790000     9580.00000

   Energies (kJ/mol)
           Bond          Angle    Proper Dih.          LJ-14     Coulomb-14
    1.45463e+02    5.39247e+02    6.16214e+02    2.40846e+02    5.44191e+03
        LJ (SR)  Disper. corr.   Coulomb (SR)   Coul. recip.      Potential
    1.32157e+04   -3.52128e+02   -8.76087e+04    2.24748e+02   -6.75367e+04
    Kinetic En.   Total Energy  Conserved En.    Temperature Pres. DC (bar)
    1.17015e+04   -5.58352e+04   -5.19977e+04    2.95325e+02   -1.24793e+02
 Pressure (bar)   Constr. rmsd
    3.98467e+02    1.22749e-06


DD  step 4799999 load imb.: force 10.9%
           Step           Time
        4800000     9600.00000

   Energies (kJ/mol)
           Bond          Angle    Proper Dih.          LJ-14     Coulomb-14
    2.19301e+02    5.01969e+02    6.05422e+02    2.23446e+02    5.43525e+03
        LJ (SR)  Disper. corr.   Coulomb (SR)   Coul. recip.      Potential
    1.32582e+04   -3.52128e+02   -8.77132e+04    2.37180e+02   -6.75845e+04
    Kinetic En.   Total Energy  Conserved En.    Temperature Pres. DC (bar)
    1.18199e+04   -5.57646e+04   -5.19871e+04    2.98313e+02   -1.24793e+02
 Pressure (bar)   Constr. rmsd
    4.61606e+01    1.26969e-06


DD  step 4809999 load imb.: force 10.2%
           Step           Time
        4810000     9620.00000

   Energies (kJ/mol)
           Bond          Angle    Proper Dih.          LJ-14     Coulomb-14
    2.38016e+02    5.10694e+02    6.12345e+02    2.20771e+02    5.27487e+03
        LJ (SR)  Disper. corr.   Coulomb (SR)   Coul. recip.      Potential
    1.30237e+04   -3.52128e+02   -8.82732e+04    2.27707e+02   -6.85172e+04
    Kinetic En.   Total Energy  Conserved En.    Temperature Pres. DC (bar)
    1.17004e+04   -5.68168e+04   -5.19764e+04    2.95297e+02   -1.24793e+02
 Pressure (bar)   Constr. rmsd
   -5.69602e+02    9.60578e-07


DD  step 4819999 load imb.: force  6.2%
           Step           Time
        4820000     9640.00000

   Energies (kJ/mol)
           Bond          Angle    Proper Dih.          LJ-14     Coulomb-14
    1.79502e+02    5.45317e+02    5.89785e+02    2.43149e+02    5.44922e+03
        LJ (SR)  Disper. corr.   Coulomb (SR)   Coul. recip.      Potential
    1.35807e+04   -3.52128e+02   -8.87127e+04    2.28524e+02   -6.82486e+04
    Kinetic En.   Total Energy  Conserved En.    Temperature Pres. DC (bar)
    1.18772e+04   -5.63714e+04   -5.19660e+04    2.99759e+02   -1.24793e+02
 Pressure (bar)   Constr. rmsd
    4.26652e+02    1.15699e-06


DD  step 4829999 load imb.: force 15.3%
           Step           Time
        4830000     9660.00000

   Energies (kJ/mol)
           Bond          Angle    Proper Dih.          LJ-14     Coulomb-14
    1.67560e+02    4.39242e+02    6.08941e+02    2.19968e+02    5.43550e+03
        LJ (SR)  Disper. corr.   Coulomb (SR)   Coul. recip.      Potential
    1.30338e+04   -3.52128e+02   -8.76974e+04    2.34008e+02   -6.79105e+04
    Kinetic En.   Total Energy  Conserved En.    Temperature Pres. DC (bar)
    1.20196e+04   -5.58910e+04   -5.19672e+04    3.03352e+02   -1.24793e+02
 Pressure (bar)   Constr. rmsd
   -1.00330e+02    1.98693e-06


DD  step 4839999 load imb.: force  9.5%
           Step           Time
        4840000     9680.00000

   Energies (kJ/mol)
           Bond          Angle    Proper Dih.          LJ-14     Coulomb-14
    1.84270e+02    4.58836e+02    5.95297e+02    2.50960e+02    5.41136e+03
        LJ (SR)  Disper. corr.   Coulomb (SR)   Coul. recip.      Potential
    1.32715e+04   -3.52128e+02   -8.79519e+04    2.29701e+02   -6.79021e+04
    Kinetic En.   Total Energy  Conserved En.    Temperature Pres. DC (bar)
    1.17303e+04   -5.61718e+04   -5.19543e+04    2.96051e+02   -1.24793e+02
 Pressure (bar)   Constr. rmsd
    9.24600e+01    2.21004e-06


DD  step 4849999 load imb.: force  6.6%
           Step           Time
        4850000     9700.00000

   Energies (kJ/mol)
           Bond          Angle    Proper Dih.          LJ-14     Coulomb-14
    2.15417e+02    4.57578e+02    5.78518e+02    2.20826e+02    5.30238e+03
        LJ (SR)  Disper. corr.   Coulomb (SR)   Coul. recip.      Potential
    1.27532e+04   -3.52128e+02   -8.70640e+04    2.46987e+02   -6.76413e+04
    Kinetic En.   Total Energy  Conserved En.    Temperature Pres. DC (bar)
    1.14657e+04   -5.61756e+04   -5.19411e+04    2.89373e+02   -1.24793e+02
 Pressure (bar)   Constr. rmsd
   -3.96851e+02    8.62480e-07


DD  step 4859999 load imb.: force  4.8%
           Step           Time
        4860000     9720.00000

   Energies (kJ/mol)
           Bond          Angle    Proper Dih.          LJ-14     Coulomb-14
    2.05705e+02    5.16973e+02    5.80812e+02    2.20427e+02    5.28073e+03
        LJ (SR)  Disper. corr.   Coulomb (SR)   Coul. recip.      Potential
    1.34515e+04   -3.52128e+02   -8.79050e+04    2.28290e+02   -6.77727e+04
    Kinetic En.   Total Energy  Conserved En.    Temperature Pres. DC (bar)
    1.17702e+04   -5.60025e+04   -5.19312e+04    2.97057e+02   -1.24793e+02
 Pressure (bar)   Constr. rmsd
    2.22242e+02    1.00874e-06


DD  step 4869999 load imb.: force  8.7%
           Step           Time
        4870000     9740.00000

   Energies (kJ/mol)
           Bond          Angle    Proper Dih.          LJ-14     Coulomb-14
    1.79909e+02    4.51613e+02    5.92287e+02    2.09363e+02    5.26089e+03
        LJ (SR)  Disper. corr.   Coulomb (SR)   Coul. recip.      Potential
    1.35107e+04   -3.52128e+02   -8.79278e+04    2.20296e+02   -6.78548e+04
    Kinetic En.   Total Energy  Conserved En.    Temperature Pres. DC (bar)
    1.19925e+04   -5.58623e+04   -5.19293e+04    3.02669e+02   -1.24793e+02
 Pressure (bar)   Constr. rmsd
    2.55092e+02    9.73273e-07


DD  step 4879999 load imb.: force  7.3%
           Step           Time
        4880000     9760.00000

   Energies (kJ/mol)
           Bond          Angle    Proper Dih.          LJ-14     Coulomb-14
    2.38524e+02    4.88322e+02    5.71510e+02    2.18527e+02    5.37608e+03
        LJ (SR)  Disper. corr.   Coulomb (SR)   Coul. recip.      Potential
    1.34019e+04   -3.52128e+02   -8.86612e+04    2.14039e+02   -6.85045e+04
    Kinetic En.   Total Energy  Conserved En.    Temperature Pres. DC (bar)
    1.18433e+04   -5.66611e+04   -5.19159e+04    2.98903e+02   -1.24793e+02
 Pressure (bar)   Constr. rmsd
   -2.45830e+02    7.14088e-07


DD  step 4889999 load imb.: force  8.8%
           Step           Time
        4890000     9780.00000

   Energies (kJ/mol)
           Bond          Angle    Proper Dih.          LJ-14     Coulomb-14
    1.93671e+02    3.63488e+02    5.63995e+02    2.04183e+02    5.14250e+03
        LJ (SR)  Disper. corr.   Coulomb (SR)   Coul. recip.      Potential
    1.31050e+04   -3.52128e+02   -8.72245e+04    2.43170e+02   -6.77606e+04
    Kinetic En.   Total Energy  Conserved En.    Temperature Pres. DC (bar)
    1.19687e+04   -5.57919e+04   -5.19132e+04    3.02067e+02   -1.24793e+02
 Pressure (bar)   Constr. rmsd
   -2.12207e+02    1.78385e-06


DD  step 4899999 load imb.: force 12.1%
           Step           Time
        4900000     9800.00000

   Energies (kJ/mol)
           Bond          Angle    Proper Dih.          LJ-14     Coulomb-14
    1.80368e+02    4.65182e+02    5.95672e+02    2.25623e+02    5.31601e+03
        LJ (SR)  Disper. corr.   Coulomb (SR)   Coul. recip.      Potential
    1.28862e+04   -3.52128e+02   -8.76509e+04    2.46964e+02   -6.80871e+04
    Kinetic En.   Total Energy  Conserved En.    Temperature Pres. DC (bar)
    1.22648e+04   -5.58223e+04   -5.19079e+04    3.09540e+02   -1.24793e+02
 Pressure (bar)   Constr. rmsd
   -4.22754e+02    1.44672e-06


DD  step 4909999 load imb.: force  9.9%
           Step           Time
        4910000     9820.00000

   Energies (kJ/mol)
           Bond          Angle    Proper Dih.          LJ-14     Coulomb-14
    2.38294e+02    4.46009e+02    5.74016e+02    2.06194e+02    5.27003e+03
        LJ (SR)  Disper. corr.   Coulomb (SR)   Coul. recip.      Potential
    1.37452e+04   -3.52128e+02   -8.88142e+04    2.58436e+02   -6.84282e+04
    Kinetic En.   Total Energy  Conserved En.    Temperature Pres. DC (bar)
    1.16286e+04   -5.67997e+04   -5.18909e+04    2.93484e+02   -1.24793e+02
 Pressure (bar)   Constr. rmsd
   -1.12019e+02    1.21562e-06


DD  step 4919999 load imb.: force  8.2%
           Step           Time
        4920000     9840.00000

   Energies (kJ/mol)
           Bond          Angle    Proper Dih.          LJ-14     Coulomb-14
    2.20083e+02    4.98046e+02    5.85439e+02    2.08679e+02    5.32720e+03
        LJ (SR)  Disper. corr.   Coulomb (SR)   Coul. recip.      Potential
    1.36875e+04   -3.52128e+02   -8.84833e+04    2.18997e+02   -6.80895e+04
    Kinetic En.   Total Energy  Conserved En.    Temperature Pres. DC (bar)
    1.18279e+04   -5.62615e+04   -5.18919e+04    2.98515e+02   -1.24793e+02
 Pressure (bar)   Constr. rmsd
    3.51200e+02    1.31647e-06


DD  step 4929999 load imb.: force  8.7%
           Step           Time
        4930000     9860.00000

   Energies (kJ/mol)
           Bond          Angle    Proper Dih.          LJ-14     Coulomb-14
    1.97052e+02    4.62365e+02    6.04115e+02    2.09015e+02    5.32664e+03
        LJ (SR)  Disper. corr.   Coulomb (SR)   Coul. recip.      Potential
    1.37439e+04   -3.52128e+02   -8.89278e+04    2.33704e+02   -6.85031e+04
    Kinetic En.   Total Energy  Conserved En.    Temperature Pres. DC (bar)
    1.19679e+04   -5.65353e+04   -5.18754e+04    3.02047e+02   -1.24793e+02
 Pressure (bar)   Constr. rmsd
    4.61246e+02    1.24628e-06


DD  step 4939999 load imb.: force  4.9%
           Step           Time
        4940000     9880.00000

   Energies (kJ/mol)
           Bond          Angle    Proper Dih.          LJ-14     Coulomb-14
    1.68412e+02    4.76768e+02    5.87063e+02    2.28541e+02    5.28188e+03
        LJ (SR)  Disper. corr.   Coulomb (SR)   Coul. recip.      Potential
    1.32766e+04   -3.52128e+02   -8.79103e+04    2.22043e+02   -6.80211e+04
    Kinetic En.   Total Energy  Conserved En.    Temperature Pres. DC (bar)
    1.15993e+04   -5.64218e+04   -5.18650e+04    2.92746e+02   -1.24793e+02
 Pressure (bar)   Constr. rmsd
    2.45496e+02    7.97901e-07


DD  step 4949999 load imb.: force  5.7%
           Step           Time
        4950000     9900.00000

   Energies (kJ/mol)
           Bond          Angle    Proper Dih.          LJ-14     Coulomb-14
    2.09549e+02    4.38963e+02    6.09977e+02    2.15084e+02    5.22474e+03
        LJ (SR)  Disper. corr.   Coulomb (SR)   Coul. recip.      Potential
    1.35330e+04   -3.52128e+02   -8.85054e+04    2.38848e+02   -6.83874e+04
    Kinetic En.   Total Energy  Conserved En.    Temperature Pres. DC (bar)
    1.19134e+04   -5.64740e+04   -5.18617e+04    3.00671e+02   -1.24793e+02
 Pressure (bar)   Constr. rmsd
   -1.93208e+02    2.81405e-06


DD  step 4959999 load imb.: force  3.4%
           Step           Time
        4960000     9920.00000

   Energies (kJ/mol)
           Bond          Angle    Proper Dih.          LJ-14     Coulomb-14
    2.00612e+02    5.06250e+02    5.88325e+02    2.00872e+02    5.28583e+03
        LJ (SR)  Disper. corr.   Coulomb (SR)   Coul. recip.      Potential
    1.32845e+04   -3.52128e+02   -8.84470e+04    2.04524e+02   -6.85281e+04
    Kinetic En.   Total Energy  Conserved En.    Temperature Pres. DC (bar)
    1.15460e+04   -5.69822e+04   -5.18470e+04    2.91399e+02   -1.24793e+02
 Pressure (bar)   Constr. rmsd
   -3.22982e+02    1.15830e-06


DD  step 4969999 load imb.: force  8.3%
           Step           Time
        4970000     9940.00000

   Energies (kJ/mol)
           Bond          Angle    Proper Dih.          LJ-14     Coulomb-14
    1.86339e+02    4.58051e+02    5.77816e+02    2.09923e+02    5.31127e+03
        LJ (SR)  Disper. corr.   Coulomb (SR)   Coul. recip.      Potential
    1.27913e+04   -3.52128e+02   -8.76138e+04    2.68234e+02   -6.81630e+04
    Kinetic En.   Total Energy  Conserved En.    Temperature Pres. DC (bar)
    1.21809e+04   -5.59821e+04   -5.18425e+04    3.07423e+02   -1.24793e+02
 Pressure (bar)   Constr. rmsd
   -6.55511e+02    1.45308e-06


DD  step 4979999 load imb.: force  7.0%
           Step           Time
        4980000     9960.00000

   Energies (kJ/mol)
           Bond          Angle    Proper Dih.          LJ-14     Coulomb-14
    1.79900e+02    4.43957e+02    5.93580e+02    2.35108e+02    5.43574e+03
        LJ (SR)  Disper. corr.   Coulomb (SR)   Coul. recip.      Potential
    1.32167e+04   -3.52128e+02   -8.81142e+04    2.03469e+02   -6.81579e+04
    Kinetic En.   Total Energy  Conserved En.    Temperature Pres. DC (bar)
    1.20692e+04   -5.60886e+04   -5.18319e+04    3.04605e+02   -1.24793e+02
 Pressure (bar)   Constr. rmsd
   -8.51056e+01    8.84110e-07


DD  step 4989999 load imb.: force  9.2%
           Step           Time
        4990000     9980.00000

   Energies (kJ/mol)
           Bond          Angle    Proper Dih.          LJ-14     Coulomb-14
    1.84651e+02    5.07516e+02    5.87275e+02    2.09004e+02    5.33998e+03
        LJ (SR)  Disper. corr.   Coulomb (SR)   Coul. recip.      Potential
    1.29686e+04   -3.52128e+02   -8.75045e+04    2.15410e+02   -6.78441e+04
    Kinetic En.   Total Energy  Conserved En.    Temperature Pres. DC (bar)
    1.19202e+04   -5.59240e+04   -5.18270e+04    3.00843e+02   -1.24793e+02
 Pressure (bar)   Constr. rmsd
   -5.17925e+02    2.12177e-06


DD  step 4999999 load imb.: force 10.9%
           Step           Time
        5000000    10000.00000

Writing checkpoint, step 5000000 at Wed Apr 29 20:24:45 2026



Reading checkpoint file prod.cpt
  file generated by:     /opt/soft/gromacs-2026.1/build/bin/gmx_mpi
  file generated at:     Wed Apr 29 20:24:45 2026

  GROMACS double prec.:  0
  simulation part #:     1
  step:                  5000000
  time:                  10000.000000



-----------------------------------------------------------
Restarting from checkpoint, appending to previous log file.

                      :-) GROMACS - gmx mdrun, 2026.1 (-:

Executable:   /opt/soft/gromacs-2026.1/build/bin/gmx_mpi
Data prefix:  /opt/soft/gromacs-2026.1 (source tree)
Working dir:  /home/zhuhong/polymer_task/systems/water/PROD
Process ID:   110628
Command line:
  gmx_mpi mdrun -deffnm prod -s prod_15ns.tpr -cpi prod.cpt -append

GROMACS version:     2026.1
Precision:           mixed
Memory model:        64 bit
MPI library:         MPI
MPI version:         MPICH Version:      4.3.0 MPICH Release date: Mon Feb  3 09:09:47 AM CST 2025 MPICH ABI:          17:0:5 MPICH Device:       ch4:ucx MPICH configure:    --prefix=/opt/mpich-4.3.0 --with-ucx=embedded --enable-cxx --enable-error-checking=all --enable-fast=O3,ndebug MPICH CC:           /opt/gcc-14.2.0/bin/gcc     -DNDEBUG -DNVALGRIND -O3 MPICH CXX:          /opt/gcc-14.2.0/bin/g++   -DNDEBUG -DNVALGRIND -O3 MPICH F77:          /opt/gcc-14.2.0/bin/gfortran   -O3 MPICH FC:           /opt/gcc-14.2.0/bin/gfortran   -O3 MPICH features:     threadcomm 
OpenMP support:      enabled (GMX_OPENMP_MAX_THREADS = 128)
GPU support:         disabled
SIMD instructions:   AVX2_256
CPU FFT library:     fftw-3.3.10
GPU FFT library:     none
Multi-GPU FFT:       none
RDTSCP:              enabled
TNG support:         enabled
Hwloc support:       disabled
Tracing support:     disabled
Colvars support:     enabled (version 2025-10-13)
CP2K support:        disabled
Torch support:       disabled
Plumed support:      enabled
C compiler:          /opt/mpich-4.3.0/bin/mpicc GNU 14.2.0
C compiler flags:    -fexcess-precision=fast -funroll-all-loops -mavx2 -mfma -Wno-missing-field-initializers -O3 -DNDEBUG
C++ compiler:        /opt/mpich-4.3.0/bin/mpicxx GNU 14.2.0
C++ compiler flags:  -fexcess-precision=fast -funroll-all-loops -mavx2 -mfma -Wno-missing-field-initializers -Wno-stringop-truncation -Wno-old-style-cast -Wno-cast-qual -Wno-suggest-override -Wno-suggest-destructor-override -Wno-zero-as-null-pointer-constant -Wno-cast-function-type-strict SHELL:-fopenmp -O3 -DNDEBUG
BLAS library:        Internal
LAPACK library:      Internal

Changing nstlist from 10 to 80, rlist from 1.2 to 1.333

Update groups can not be used for this system because there are three or more consecutively coupled constraints

Initializing Domain Decomposition on 1 ranks
Dynamic load balancing: auto
Minimum cell size due to atom displacement: 0.603 nm
Initial maximum distances in bonded interactions:
    two-body bonded interactions: 0.411 nm, LJ-14, atoms 67 76
  multi-body bonded interactions: 0.411 nm, Proper Dih., atoms 67 76
Minimum cell size due to bonded interactions: 0.452 nm
Maximum distance for 5 constraints, at 120 deg. angles, all-trans: 0.219 nm
Estimated maximum distance required for P-LINCS: 0.219 nm
Using 0 separate PME ranks because: there are too few total ranks for efficient splitting
Optimizing the DD grid for 1 cells with a minimum initial size of 0.603 nm
The maximum allowed number of cells is: X 5 Y 5 Z 5
Domain decomposition grid 1 x 1 x 1, separate PME ranks 0
PME domain decomposition: 1 x 1 x 1

The initial number of communication pulses is:
The initial domain decomposition cell size is:

The maximum allowed distance for atoms involved in interactions is:
                 non-bonded interactions           1.333 nm
            two-body bonded interactions  (-rdd)   1.333 nm
          multi-body bonded interactions  (-rdd)   1.333 nm
  atoms separated by up to 5 constraints  (-rcon)  3.606 nm

When dynamic load balancing gets turned on, these settings will change to:
The maximum number of communication pulses is:
The minimum size for domain decomposition cells is 1.333 nm
The requested allowed shrink of DD cells (option -dds) is: 0.80
The allowed shrink of domain decomposition cells is:
The maximum allowed distance for atoms involved in interactions is:
                 non-bonded interactions           1.333 nm
            two-body bonded interactions  (-rdd)   1.333 nm
          multi-body bonded interactions  (-rdd)   1.333 nm
  atoms separated by up to 5 constraints  (-rcon)  1.333 nm

Local state does not use filler particles

Using 1 MPI process
Using 32 OpenMP threads 

System total charge: 0.000
Will do PME sum in reciprocal space for electrostatic interactions.

++++ PLEASE READ AND CITE THE FOLLOWING REFERENCE ++++
U. Essmann, L. Perera, M. L. Berkowitz, T. Darden, H. Lee, L. G. Pedersen 
A smooth particle mesh Ewald method
J. Chem. Phys. (1995)
https://doi.org/10.1063/1.470117
-------- -------- --- Thank You --- -------- --------

Using a Gaussian width (1/beta) of 0.384195 nm for Ewald
Potential shift: LJ r^-12: -1.122e-01 r^-6: -3.349e-01, Ewald -8.333e-06
Initialized non-bonded Coulomb Ewald tables, spacing: 1.02e-03 size: 1176

Generated table with 1166 data points for 1-4 COUL.
Tabscale = 500 points/nm
Generated table with 1166 data points for 1-4 LJ6.
Tabscale = 500 points/nm
Generated table with 1166 data points for 1-4 LJ12.
Tabscale = 500 points/nm
Long Range LJ corr.: <C6> 3.0697e-04


Using SIMD4xM 4x8 nonbonded short-range kernels

Using a dual 4x8 pair-list setup updated with dynamic pruning:
  outer list: updated every 80 steps, buffer 0.133 nm, rlist 1.333 nm
  inner list: updated every 12 steps, buffer 0.001 nm, rlist 1.201 nm
At tolerance 0.005 kJ/mol/ps per atom, equivalent classical 1x1 list would be:
  outer list: updated every 80 steps, buffer 0.281 nm, rlist 1.481 nm
  inner list: updated every 12 steps, buffer 0.047 nm, rlist 1.247 nm

The average pressure is off by at most 0.26 bar due to missing LJ interactions

Using Lorentz-Berthelot Lennard-Jones combination rule

Linking all bonded interactions to atoms


Pinning threads with an auto-selected logical cpu stride of 1

Initializing Parallel LINear Constraint Solver

++++ PLEASE READ AND CITE THE FOLLOWING REFERENCE ++++
B. Hess
P-LINCS: A Parallel Linear Constraint Solver for molecular simulation
J. Chem. Theory Comput. (2008)
https://doi.org/10.1021/ct700200b
-------- -------- --- Thank You --- -------- --------

The number of constraints is 102
There are constraints between atoms in different decomposition domains,
will communicate selected coordinates each lincs iteration

++++ PLEASE READ AND CITE THE FOLLOWING REFERENCE ++++
S. Miyamoto, P. A. Kollman
SETTLE: An Analytical Version of the SHAKE and RATTLE Algorithms for Rigid
Water Models
J. Comp. Chem. (1992)
https://doi.org/10.1002/jcc.540130805
-------- -------- --- Thank You --- -------- --------

There are: 4712 Atoms
Atom distribution over 1 domains: av 4712 stddev 0 min 4712 max 4712
Center of mass motion removal mode is Linear
We have the following groups for center of mass motion removal:
  0:  rest

Started mdrun on rank 0 Thu Apr 30 13:35:40 2026

           Step           Time
        5000000    10000.00000

   Energies (kJ/mol)
           Bond          Angle    Proper Dih.          LJ-14     Coulomb-14
    1.81032e+02    4.57683e+02    5.87348e+02    2.19484e+02    5.30836e+03
        LJ (SR)  Disper. corr.   Coulomb (SR)   Coul. recip.      Potential
    1.34943e+04   -3.52128e+02   -8.84874e+04    2.14816e+02   -6.83765e+04
    Kinetic En.   Total Energy  Conserved En.    Temperature Pres. DC (bar)
    1.18920e+04   -5.64846e+04   -5.18210e+04    3.00131e+02   -1.24793e+02
 Pressure (bar)   Constr. rmsd
    7.19340e+01    1.30641e-06



Received the INT signal, stopping within 80 steps

           Step           Time
        5008880    10017.76000

Writing checkpoint, step 5008880 at Thu Apr 30 13:35:45 2026



Reading checkpoint file prod.cpt
  file generated by:     /opt/soft/gromacs-2026.1/build/bin/gmx_mpi
  file generated at:     Thu Apr 30 13:35:45 2026

  GROMACS double prec.:  0
  simulation part #:     2
  step:                  5008880
  time:                  10017.760000



-----------------------------------------------------------
Restarting from checkpoint, appending to previous log file.

                      :-) GROMACS - gmx mdrun, 2026.1 (-:

Executable:   /opt/soft/gromacs-2026.1/build/bin/gmx_mpi
Data prefix:  /opt/soft/gromacs-2026.1 (source tree)
Working dir:  /home/zhuhong/polymer_task/systems/water/PROD
Process ID:   110663
Command line:
  gmx_mpi mdrun -deffnm prod -s prod_15ns.tpr -cpi prod.cpt -append

GROMACS version:     2026.1
Precision:           mixed
Memory model:        64 bit
MPI library:         MPI
MPI version:         MPICH Version:      4.3.0 MPICH Release date: Mon Feb  3 09:09:47 AM CST 2025 MPICH ABI:          17:0:5 MPICH Device:       ch4:ucx MPICH configure:    --prefix=/opt/mpich-4.3.0 --with-ucx=embedded --enable-cxx --enable-error-checking=all --enable-fast=O3,ndebug MPICH CC:           /opt/gcc-14.2.0/bin/gcc     -DNDEBUG -DNVALGRIND -O3 MPICH CXX:          /opt/gcc-14.2.0/bin/g++   -DNDEBUG -DNVALGRIND -O3 MPICH F77:          /opt/gcc-14.2.0/bin/gfortran   -O3 MPICH FC:           /opt/gcc-14.2.0/bin/gfortran   -O3 MPICH features:     threadcomm 
OpenMP support:      enabled (GMX_OPENMP_MAX_THREADS = 128)
GPU support:         disabled
SIMD instructions:   AVX2_256
CPU FFT library:     fftw-3.3.10
GPU FFT library:     none
Multi-GPU FFT:       none
RDTSCP:              enabled
TNG support:         enabled
Hwloc support:       disabled
Tracing support:     disabled
Colvars support:     enabled (version 2025-10-13)
CP2K support:        disabled
Torch support:       disabled
Plumed support:      enabled
C compiler:          /opt/mpich-4.3.0/bin/mpicc GNU 14.2.0
C compiler flags:    -fexcess-precision=fast -funroll-all-loops -mavx2 -mfma -Wno-missing-field-initializers -O3 -DNDEBUG
C++ compiler:        /opt/mpich-4.3.0/bin/mpicxx GNU 14.2.0
C++ compiler flags:  -fexcess-precision=fast -funroll-all-loops -mavx2 -mfma -Wno-missing-field-initializers -Wno-stringop-truncation -Wno-old-style-cast -Wno-cast-qual -Wno-suggest-override -Wno-suggest-destructor-override -Wno-zero-as-null-pointer-constant -Wno-cast-function-type-strict SHELL:-fopenmp -O3 -DNDEBUG
BLAS library:        Internal
LAPACK library:      Internal

Changing nstlist from 10 to 80, rlist from 1.2 to 1.333

Update groups can not be used for this system because there are three or more consecutively coupled constraints

Initializing Domain Decomposition on 16 ranks
Dynamic load balancing: auto
Minimum cell size due to atom displacement: 0.603 nm
Initial maximum distances in bonded interactions:
    two-body bonded interactions: 0.406 nm, LJ-14, atoms 193 202
  multi-body bonded interactions: 0.406 nm, Proper Dih., atoms 193 202
Minimum cell size due to bonded interactions: 0.446 nm
Maximum distance for 5 constraints, at 120 deg. angles, all-trans: 0.219 nm
Estimated maximum distance required for P-LINCS: 0.219 nm
Scaling the initial minimum size with 1/0.8 (option -dds) = 1.25
Using 0 separate PME ranks because: there are too few total ranks for efficient splitting
Optimizing the DD grid for 16 cells with a minimum initial size of 0.754 nm
The maximum allowed number of cells is: X 4 Y 4 Z 4
Domain decomposition grid 4 x 4 x 1, separate PME ranks 0
PME domain decomposition: 4 x 4 x 1
Domain decomposition rank 0, coordinates 0 0 0

The initial number of communication pulses is: X 2 Y 2
The initial domain decomposition cell size is: X 0.90 nm Y 0.90 nm

The maximum allowed distance for atoms involved in interactions is:
                 non-bonded interactions           1.333 nm
            two-body bonded interactions  (-rdd)   1.333 nm
          multi-body bonded interactions  (-rdd)   0.901 nm
  atoms separated by up to 5 constraints  (-rcon)  0.901 nm

When dynamic load balancing gets turned on, these settings will change to:
The maximum number of communication pulses is: X 2 Y 2
The minimum size for domain decomposition cells is 0.674 nm
The requested allowed shrink of DD cells (option -dds) is: 0.80
The allowed shrink of domain decomposition cells is: X 0.75 Y 0.75
The maximum allowed distance for atoms involved in interactions is:
                 non-bonded interactions           1.333 nm
            two-body bonded interactions  (-rdd)   1.333 nm
          multi-body bonded interactions  (-rdd)   0.674 nm
  atoms separated by up to 5 constraints  (-rcon)  0.674 nm

Local state does not use filler particles

Using 16 MPI processes
Using 2 OpenMP threads per MPI process

System total charge: 0.000
Will do PME sum in reciprocal space for electrostatic interactions.

++++ PLEASE READ AND CITE THE FOLLOWING REFERENCE ++++
U. Essmann, L. Perera, M. L. Berkowitz, T. Darden, H. Lee, L. G. Pedersen 
A smooth particle mesh Ewald method
J. Chem. Phys. (1995)
https://doi.org/10.1063/1.470117
-------- -------- --- Thank You --- -------- --------

Using a Gaussian width (1/beta) of 0.384195 nm for Ewald
Potential shift: LJ r^-12: -1.122e-01 r^-6: -3.349e-01, Ewald -8.333e-06
Initialized non-bonded Coulomb Ewald tables, spacing: 1.02e-03 size: 1176

Generated table with 1166 data points for 1-4 COUL.
Tabscale = 500 points/nm
Generated table with 1166 data points for 1-4 LJ6.
Tabscale = 500 points/nm
Generated table with 1166 data points for 1-4 LJ12.
Tabscale = 500 points/nm
Long Range LJ corr.: <C6> 3.0697e-04


Using SIMD4xM 4x8 nonbonded short-range kernels

Using a dual 4x8 pair-list setup updated with dynamic pruning:
  outer list: updated every 80 steps, buffer 0.133 nm, rlist 1.333 nm
  inner list: updated every 12 steps, buffer 0.001 nm, rlist 1.201 nm
At tolerance 0.005 kJ/mol/ps per atom, equivalent classical 1x1 list would be:
  outer list: updated every 80 steps, buffer 0.281 nm, rlist 1.481 nm
  inner list: updated every 12 steps, buffer 0.047 nm, rlist 1.247 nm

The average pressure is off by at most 0.26 bar due to missing LJ interactions

Using Lorentz-Berthelot Lennard-Jones combination rule

Linking all bonded interactions to atoms


Pinning threads with an auto-selected logical cpu stride of 1

Initializing Parallel LINear Constraint Solver

++++ PLEASE READ AND CITE THE FOLLOWING REFERENCE ++++
B. Hess
P-LINCS: A Parallel Linear Constraint Solver for molecular simulation
J. Chem. Theory Comput. (2008)
https://doi.org/10.1021/ct700200b
-------- -------- --- Thank You --- -------- --------

The number of constraints is 102
There are constraints between atoms in different decomposition domains,
will communicate selected coordinates each lincs iteration

++++ PLEASE READ AND CITE THE FOLLOWING REFERENCE ++++
S. Miyamoto, P. A. Kollman
SETTLE: An Analytical Version of the SHAKE and RATTLE Algorithms for Rigid
Water Models
J. Comp. Chem. (1992)
https://doi.org/10.1002/jcc.540130805
-------- -------- --- Thank You --- -------- --------

Intra-simulation communication will occur every 10 steps.
There are: 4712 Atoms
Atom distribution over 16 domains: av 294 stddev 20 min 278 max 316
Center of mass motion removal mode is Linear
We have the following groups for center of mass motion removal:
  0:  rest

Started mdrun on rank 0 Thu Apr 30 13:36:12 2026


DD  step 5008959 load imb.: force 11.0%

step 5009120 Turning on dynamic load balancing, because the performance loss due to load imbalance is 4.8 %.

DD  step 5009999  vol min/aver 0.874  load imb.: force  3.4%
           Step           Time
        5010000    10020.00000

   Energies (kJ/mol)
           Bond          Angle    Proper Dih.          LJ-14     Coulomb-14
    1.84736e+02    4.71179e+02    5.91238e+02    2.32450e+02    5.31611e+03
        LJ (SR)  Disper. corr.   Coulomb (SR)   Coul. recip.      Potential
    1.34676e+04   -3.52128e+02   -8.80674e+04    2.37233e+02   -6.79190e+04
    Kinetic En.   Total Energy  Conserved En.    Temperature Pres. DC (bar)
    1.17929e+04   -5.61261e+04   -5.18014e+04    2.97631e+02   -1.24793e+02
 Pressure (bar)   Constr. rmsd
    3.80020e+02    2.13871e-06


DD  step 5019999  vol min/aver 0.836  load imb.: force  2.7%
           Step           Time
        5020000    10040.00000

   Energies (kJ/mol)
           Bond          Angle    Proper Dih.          LJ-14     Coulomb-14
    2.24234e+02    5.28919e+02    6.02440e+02    2.14646e+02    5.37879e+03
        LJ (SR)  Disper. corr.   Coulomb (SR)   Coul. recip.      Potential
    1.37847e+04   -3.52128e+02   -8.86201e+04    2.28202e+02   -6.80103e+04
    Kinetic En.   Total Energy  Conserved En.    Temperature Pres. DC (bar)
    1.18458e+04   -5.61645e+04   -5.17919e+04    2.98967e+02   -1.24793e+02
 Pressure (bar)   Constr. rmsd
    2.97273e+02    1.50441e-06


DD  step 5029999  vol min/aver 0.864  load imb.: force  5.7%
           Step           Time
        5030000    10060.00000

   Energies (kJ/mol)
           Bond          Angle    Proper Dih.          LJ-14     Coulomb-14
    2.17490e+02    5.31084e+02    6.30012e+02    2.15475e+02    5.44459e+03
        LJ (SR)  Disper. corr.   Coulomb (SR)   Coul. recip.      Potential
    1.32216e+04   -3.52128e+02   -8.82049e+04    2.37949e+02   -6.80589e+04
    Kinetic En.   Total Energy  Conserved En.    Temperature Pres. DC (bar)
    1.21583e+04   -5.59006e+04   -5.17864e+04    3.06853e+02   -1.24793e+02
 Pressure (bar)   Constr. rmsd
   -1.69212e+02    1.54572e-06


DD  step 5039999  vol min/aver 0.850  load imb.: force  4.6%
           Step           Time
        5040000    10080.00000

   Energies (kJ/mol)
           Bond          Angle    Proper Dih.          LJ-14     Coulomb-14
    1.74110e+02    4.41514e+02    6.13333e+02    2.47545e+02    5.45336e+03
        LJ (SR)  Disper. corr.   Coulomb (SR)   Coul. recip.      Potential
    1.29911e+04   -3.52128e+02   -8.80017e+04    2.49438e+02   -6.81834e+04
    Kinetic En.   Total Energy  Conserved En.    Temperature Pres. DC (bar)
    1.22799e+04   -5.59036e+04   -5.17864e+04    3.09921e+02   -1.24793e+02
 Pressure (bar)   Constr. rmsd
   -1.70788e+02    2.15940e-06


DD  step 5049999  vol min/aver 0.833  load imb.: force  4.8%
           Step           Time
        5050000    10100.00000

   Energies (kJ/mol)
           Bond          Angle    Proper Dih.          LJ-14     Coulomb-14
    2.18901e+02    4.85065e+02    5.82365e+02    2.12710e+02    5.44634e+03
        LJ (SR)  Disper. corr.   Coulomb (SR)   Coul. recip.      Potential
    1.33647e+04   -3.52128e+02   -8.80860e+04    2.21120e+02   -6.79069e+04
    Kinetic En.   Total Energy  Conserved En.    Temperature Pres. DC (bar)
    1.17472e+04   -5.61597e+04   -5.17694e+04    2.96477e+02   -1.24793e+02
 Pressure (bar)   Constr. rmsd
   -1.14283e+02    1.48470e-06


DD  step 5059999  vol min/aver 0.861  load imb.: force  6.3%
           Step           Time
        5060000    10120.00000

   Energies (kJ/mol)
           Bond          Angle    Proper Dih.          LJ-14     Coulomb-14
    1.87251e+02    4.96553e+02    5.89885e+02    2.22905e+02    5.37313e+03
        LJ (SR)  Disper. corr.   Coulomb (SR)   Coul. recip.      Potential
    1.34480e+04   -3.52128e+02   -8.82558e+04    2.45262e+02   -6.80449e+04
    Kinetic En.   Total Energy  Conserved En.    Temperature Pres. DC (bar)
    1.18111e+04   -5.62338e+04   -5.17673e+04    2.98089e+02   -1.24793e+02
 Pressure (bar)   Constr. rmsd
    1.85860e+02    1.61023e-06


DD  step 5069999  vol min/aver 0.871  load imb.: force  4.6%
           Step           Time
        5070000    10140.00000

   Energies (kJ/mol)
           Bond          Angle    Proper Dih.          LJ-14     Coulomb-14
    1.97642e+02    5.35982e+02    6.04207e+02    2.22315e+02    5.41933e+03
        LJ (SR)  Disper. corr.   Coulomb (SR)   Coul. recip.      Potential
    1.33029e+04   -3.52128e+02   -8.81313e+04    2.49363e+02   -6.79518e+04
    Kinetic En.   Total Energy  Conserved En.    Temperature Pres. DC (bar)
    1.20554e+04   -5.58963e+04   -5.17528e+04    3.04257e+02   -1.24793e+02
 Pressure (bar)   Constr. rmsd
   -2.96315e+00    1.73268e-06


DD  load balancing is limited by minimum cell size in dimension Y
DD  step 5079999  vol min/aver 0.842! load imb.: force  7.5%
           Step           Time
        5080000    10160.00000

   Energies (kJ/mol)
           Bond          Angle    Proper Dih.          LJ-14     Coulomb-14
    2.05034e+02    5.14378e+02    6.19344e+02    2.14750e+02    5.50981e+03
        LJ (SR)  Disper. corr.   Coulomb (SR)   Coul. recip.      Potential
    1.35686e+04   -3.52128e+02   -8.81491e+04    2.23061e+02   -6.76463e+04
    Kinetic En.   Total Energy  Conserved En.    Temperature Pres. DC (bar)
    1.16475e+04   -5.59987e+04   -5.17600e+04    2.93962e+02   -1.24793e+02
 Pressure (bar)   Constr. rmsd
    3.20326e+02    1.07866e-06


DD  step 5089999  vol min/aver 0.877  load imb.: force  3.8%
           Step           Time
        5090000    10180.00000

   Energies (kJ/mol)
           Bond          Angle    Proper Dih.          LJ-14     Coulomb-14
    2.15018e+02    4.84498e+02    6.23940e+02    2.14054e+02    5.36352e+03
        LJ (SR)  Disper. corr.   Coulomb (SR)   Coul. recip.      Potential
    1.29155e+04   -3.52128e+02   -8.77347e+04    1.97319e+02   -6.80730e+04
    Kinetic En.   Total Energy  Conserved En.    Temperature Pres. DC (bar)
    1.20355e+04   -5.60375e+04   -5.17499e+04    3.03754e+02   -1.24793e+02
 Pressure (bar)   Constr. rmsd
   -6.00880e+02    1.23604e-06


DD  step 5099999  vol min/aver 0.797  load imb.: force  5.0%
           Step           Time
        5100000    10200.00000

   Energies (kJ/mol)
           Bond          Angle    Proper Dih.          LJ-14     Coulomb-14
    1.72311e+02    4.71712e+02    6.06846e+02    2.10104e+02    5.53777e+03
        LJ (SR)  Disper. corr.   Coulomb (SR)   Coul. recip.      Potential
    1.35490e+04   -3.52128e+02   -8.86836e+04    2.22949e+02   -6.82650e+04
    Kinetic En.   Total Energy  Conserved En.    Temperature Pres. DC (bar)
    1.18274e+04   -5.64376e+04   -5.17393e+04    2.98501e+02   -1.24793e+02
 Pressure (bar)   Constr. rmsd
    1.18050e+02    1.16254e-06


DD  step 5109999  vol min/aver 0.809  load imb.: force  4.1%
           Step           Time
        5110000    10220.00000

   Energies (kJ/mol)
           Bond          Angle    Proper Dih.          LJ-14     Coulomb-14
    1.95632e+02    4.35481e+02    5.87386e+02    2.18787e+02    5.47575e+03
        LJ (SR)  Disper. corr.   Coulomb (SR)   Coul. recip.      Potential
    1.32983e+04   -3.52128e+02   -8.77265e+04    2.46186e+02   -6.76211e+04
    Kinetic En.   Total Energy  Conserved En.    Temperature Pres. DC (bar)
    1.19721e+04   -5.56490e+04   -5.17364e+04    3.02153e+02   -1.24793e+02
 Pressure (bar)   Constr. rmsd
    2.26483e+02    1.41202e-06


DD  step 5119999  vol min/aver 0.812  load imb.: force  7.3%
           Step           Time
        5120000    10240.00000

   Energies (kJ/mol)
           Bond          Angle    Proper Dih.          LJ-14     Coulomb-14
    1.85701e+02    4.29867e+02    5.93980e+02    2.17077e+02    5.43510e+03
        LJ (SR)  Disper. corr.   Coulomb (SR)   Coul. recip.      Potential
    1.35175e+04   -3.52128e+02   -8.85214e+04    2.36800e+02   -6.82574e+04
    Kinetic En.   Total Energy  Conserved En.    Temperature Pres. DC (bar)
    1.17225e+04   -5.65349e+04   -5.17263e+04    2.95855e+02   -1.24793e+02
 Pressure (bar)   Constr. rmsd
   -9.77597e+01    1.65063e-06


DD  step 5129999  vol min/aver 0.840  load imb.: force  4.5%
           Step           Time
        5130000    10260.00000

   Energies (kJ/mol)
           Bond          Angle    Proper Dih.          LJ-14     Coulomb-14
    2.10403e+02    4.96999e+02    5.94992e+02    2.03312e+02    5.30158e+03
        LJ (SR)  Disper. corr.   Coulomb (SR)   Coul. recip.      Potential
    1.29610e+04   -3.52128e+02   -8.74091e+04    2.25401e+02   -6.77676e+04
    Kinetic En.   Total Energy  Conserved En.    Temperature Pres. DC (bar)
    1.19347e+04   -5.58328e+04   -5.17256e+04    3.01211e+02   -1.24793e+02
 Pressure (bar)   Constr. rmsd
   -2.06624e+02    1.62993e-06


DD  step 5139999  vol min/aver 0.829  load imb.: force  4.7%
           Step           Time
        5140000    10280.00000

   Energies (kJ/mol)
           Bond          Angle    Proper Dih.          LJ-14     Coulomb-14
    2.00423e+02    5.00662e+02    5.95930e+02    1.98585e+02    5.46743e+03
        LJ (SR)  Disper. corr.   Coulomb (SR)   Coul. recip.      Potential
    1.33252e+04   -3.52128e+02   -8.81784e+04    2.43527e+02   -6.79987e+04
    Kinetic En.   Total Energy  Conserved En.    Temperature Pres. DC (bar)
    1.17911e+04   -5.62076e+04   -5.17042e+04    2.97586e+02   -1.24793e+02
 Pressure (bar)   Constr. rmsd
   -5.08506e+01    7.44076e-07


DD  step 5149999  vol min/aver 0.887  load imb.: force  3.8%
           Step           Time
        5150000    10300.00000

   Energies (kJ/mol)
           Bond          Angle    Proper Dih.          LJ-14     Coulomb-14
    2.10255e+02    4.57243e+02    5.86544e+02    2.15666e+02    5.46015e+03
        LJ (SR)  Disper. corr.   Coulomb (SR)   Coul. recip.      Potential
    1.28340e+04   -3.52128e+02   -8.77094e+04    2.43116e+02   -6.80546e+04
    Kinetic En.   Total Energy  Conserved En.    Temperature Pres. DC (bar)
    1.17494e+04   -5.63051e+04   -5.16993e+04    2.96534e+02   -1.24793e+02
 Pressure (bar)   Constr. rmsd
   -5.98259e+02    1.07446e-06


DD  step 5159999  vol min/aver 0.839  load imb.: force  5.9%
           Step           Time
        5160000    10320.00000

   Energies (kJ/mol)
           Bond          Angle    Proper Dih.          LJ-14     Coulomb-14
    2.69832e+02    5.00229e+02    6.06569e+02    2.20054e+02    5.34243e+03
        LJ (SR)  Disper. corr.   Coulomb (SR)   Coul. recip.      Potential
    1.30762e+04   -3.52128e+02   -8.76447e+04    2.28033e+02   -6.77535e+04
    Kinetic En.   Total Energy  Conserved En.    Temperature Pres. DC (bar)
    1.18456e+04   -5.59079e+04   -5.16906e+04    2.98961e+02   -1.24793e+02
 Pressure (bar)   Constr. rmsd
   -3.58743e+02    1.24279e-06


DD  step 5169999  vol min/aver 0.828  load imb.: force  5.3%
           Step           Time
        5170000    10340.00000

   Energies (kJ/mol)
           Bond          Angle    Proper Dih.          LJ-14     Coulomb-14
    2.07372e+02    4.14775e+02    5.75407e+02    2.47454e+02    5.34605e+03
        LJ (SR)  Disper. corr.   Coulomb (SR)   Coul. recip.      Potential
    1.30354e+04   -3.52128e+02   -8.73523e+04    2.37601e+02   -6.76404e+04
    Kinetic En.   Total Energy  Conserved En.    Temperature Pres. DC (bar)
    1.21145e+04   -5.55259e+04   -5.16934e+04    3.05747e+02   -1.24793e+02
 Pressure (bar)   Constr. rmsd
   -1.94210e+02    9.53016e-07


DD  step 5179999  vol min/aver 0.840  load imb.: force  5.6%
           Step           Time
        5180000    10360.00000

   Energies (kJ/mol)
           Bond          Angle    Proper Dih.          LJ-14     Coulomb-14
    2.17785e+02    4.66961e+02    5.98716e+02    2.22164e+02    5.38295e+03
        LJ (SR)  Disper. corr.   Coulomb (SR)   Coul. recip.      Potential
    1.37019e+04   -3.52128e+02   -8.82920e+04    2.15002e+02   -6.78386e+04
    Kinetic En.   Total Energy  Conserved En.    Temperature Pres. DC (bar)
    1.18688e+04   -5.59699e+04   -5.16809e+04    2.99545e+02   -1.24793e+02
 Pressure (bar)   Constr. rmsd
    3.74091e+02    1.48861e-06


DD  step 5189999  vol min/aver 0.845  load imb.: force  5.8%
           Step           Time
        5190000    10380.00000

   Energies (kJ/mol)
           Bond          Angle    Proper Dih.          LJ-14     Coulomb-14
    1.96158e+02    4.64379e+02    6.09390e+02    2.32213e+02    5.40627e+03
        LJ (SR)  Disper. corr.   Coulomb (SR)   Coul. recip.      Potential
    1.32230e+04   -3.52128e+02   -8.79180e+04    2.22706e+02   -6.79159e+04
    Kinetic En.   Total Energy  Conserved En.    Temperature Pres. DC (bar)
    1.18149e+04   -5.61010e+04   -5.16769e+04    2.98187e+02   -1.24793e+02
 Pressure (bar)   Constr. rmsd
    1.09024e+02    1.84496e-06


DD  step 5199999  vol min/aver 0.824  load imb.: force  2.6%
           Step           Time
        5200000    10400.00000

   Energies (kJ/mol)
           Bond          Angle    Proper Dih.          LJ-14     Coulomb-14
    1.87513e+02    4.75401e+02    5.97636e+02    2.18706e+02    5.39533e+03
        LJ (SR)  Disper. corr.   Coulomb (SR)   Coul. recip.      Potential
    1.31736e+04   -3.52128e+02   -8.77518e+04    2.11545e+02   -6.78442e+04
    Kinetic En.   Total Energy  Conserved En.    Temperature Pres. DC (bar)
    1.18181e+04   -5.60260e+04   -5.16636e+04    2.98268e+02   -1.24793e+02
 Pressure (bar)   Constr. rmsd
   -1.82851e+02    9.08729e-07


DD  step 5209999  vol min/aver 0.893  load imb.: force  3.0%
           Step           Time
        5210000    10420.00000

   Energies (kJ/mol)
           Bond          Angle    Proper Dih.          LJ-14     Coulomb-14
    1.59703e+02    4.53299e+02    6.07978e+02    2.41992e+02    5.45512e+03
        LJ (SR)  Disper. corr.   Coulomb (SR)   Coul. recip.      Potential
    1.36280e+04   -3.52128e+02   -8.84668e+04    2.22719e+02   -6.80501e+04
    Kinetic En.   Total Energy  Conserved En.    Temperature Pres. DC (bar)
    1.17445e+04   -5.63056e+04   -5.16526e+04    2.96409e+02   -1.24793e+02
 Pressure (bar)   Constr. rmsd
    5.87613e+02    1.36069e-06


DD  step 5219999  vol min/aver 0.861  load imb.: force  3.2%
           Step           Time
        5220000    10440.00000

   Energies (kJ/mol)
           Bond          Angle    Proper Dih.          LJ-14     Coulomb-14
    2.05738e+02    3.86683e+02    5.86027e+02    2.25882e+02    5.21922e+03
        LJ (SR)  Disper. corr.   Coulomb (SR)   Coul. recip.      Potential
    1.33391e+04   -3.52128e+02   -8.77060e+04    2.31451e+02   -6.78640e+04
    Kinetic En.   Total Energy  Conserved En.    Temperature Pres. DC (bar)
    1.22038e+04   -5.56602e+04   -5.16456e+04    3.08002e+02   -1.24793e+02
 Pressure (bar)   Constr. rmsd
    2.84899e+02    9.59350e-07


DD  step 5229999  vol min/aver 0.844  load imb.: force  3.3%
           Step           Time
        5230000    10460.00000

   Energies (kJ/mol)
           Bond          Angle    Proper Dih.          LJ-14     Coulomb-14
    2.25442e+02    4.39749e+02    5.93654e+02    1.98080e+02    5.30367e+03
        LJ (SR)  Disper. corr.   Coulomb (SR)   Coul. recip.      Potential
    1.30667e+04   -3.52128e+02   -8.78401e+04    2.34342e+02   -6.81306e+04
    Kinetic En.   Total Energy  Conserved En.    Temperature Pres. DC (bar)
    1.21186e+04   -5.60120e+04   -5.16340e+04    3.05850e+02   -1.24793e+02
 Pressure (bar)   Constr. rmsd
   -5.98798e+02    1.37732e-06


DD  step 5239999  vol min/aver 0.857  load imb.: force  3.0%
           Step           Time
        5240000    10480.00000

   Energies (kJ/mol)
           Bond          Angle    Proper Dih.          LJ-14     Coulomb-14
    1.82687e+02    5.14453e+02    5.98164e+02    2.14783e+02    5.29565e+03
        LJ (SR)  Disper. corr.   Coulomb (SR)   Coul. recip.      Potential
    1.33730e+04   -3.52128e+02   -8.80021e+04    2.40153e+02   -6.79353e+04
    Kinetic En.   Total Energy  Conserved En.    Temperature Pres. DC (bar)
    1.20771e+04   -5.58582e+04   -5.16198e+04    3.04804e+02   -1.24793e+02
 Pressure (bar)   Constr. rmsd
   -9.57237e+01    1.50635e-06


DD  step 5249999  vol min/aver 0.851  load imb.: force  3.9%
           Step           Time
        5250000    10500.00000

   Energies (kJ/mol)
           Bond          Angle    Proper Dih.          LJ-14     Coulomb-14
    2.29085e+02    4.49280e+02    6.01116e+02    2.21321e+02    5.28483e+03
        LJ (SR)  Disper. corr.   Coulomb (SR)   Coul. recip.      Potential
    1.34101e+04   -3.52128e+02   -8.82236e+04    2.37100e+02   -6.81430e+04
    Kinetic En.   Total Energy  Conserved En.    Temperature Pres. DC (bar)
    1.20728e+04   -5.60702e+04   -5.16135e+04    3.04694e+02   -1.24793e+02
 Pressure (bar)   Constr. rmsd
   -7.26738e+01    1.20843e-06


DD  step 5259999  vol min/aver 0.825  load imb.: force  4.5%
           Step           Time
        5260000    10520.00000

   Energies (kJ/mol)
           Bond          Angle    Proper Dih.          LJ-14     Coulomb-14
    2.23534e+02    4.66757e+02    6.16238e+02    2.10019e+02    5.39033e+03
        LJ (SR)  Disper. corr.   Coulomb (SR)   Coul. recip.      Potential
    1.33736e+04   -3.52128e+02   -8.83246e+04    2.30429e+02   -6.81658e+04
    Kinetic En.   Total Energy  Conserved En.    Temperature Pres. DC (bar)
    1.15821e+04   -5.65836e+04   -5.15946e+04    2.92312e+02   -1.24793e+02
 Pressure (bar)   Constr. rmsd
   -2.29436e+02    1.16757e-06


DD  step 5269999  vol min/aver 0.798  load imb.: force  3.9%
           Step           Time
        5270000    10540.00000

   Energies (kJ/mol)
           Bond          Angle    Proper Dih.          LJ-14     Coulomb-14
    2.12884e+02    4.83599e+02    5.90925e+02    1.96788e+02    5.32440e+03
        LJ (SR)  Disper. corr.   Coulomb (SR)   Coul. recip.      Potential
    1.34980e+04   -3.52128e+02   -8.85390e+04    2.29100e+02   -6.83554e+04
    Kinetic En.   Total Energy  Conserved En.    Temperature Pres. DC (bar)
    1.17759e+04   -5.65795e+04   -5.15850e+04    2.97201e+02   -1.24793e+02
 Pressure (bar)   Constr. rmsd
   -1.27552e+02    1.32056e-06


DD  step 5279999  vol min/aver 0.807  load imb.: force  7.1%
           Step           Time
        5280000    10560.00000

   Energies (kJ/mol)
           Bond          Angle    Proper Dih.          LJ-14     Coulomb-14
    2.04821e+02    4.80588e+02    5.84165e+02    2.21065e+02    5.39920e+03
        LJ (SR)  Disper. corr.   Coulomb (SR)   Coul. recip.      Potential
    1.31727e+04   -3.52128e+02   -8.82310e+04    2.28900e+02   -6.82916e+04
    Kinetic En.   Total Energy  Conserved En.    Temperature Pres. DC (bar)
    1.19192e+04   -5.63724e+04   -5.15805e+04    3.00819e+02   -1.24793e+02
 Pressure (bar)   Constr. rmsd
   -1.49541e+02    1.52132e-06


DD  step 5289999  vol min/aver 0.858  load imb.: force  2.1%
           Step           Time
        5290000    10580.00000

   Energies (kJ/mol)
           Bond          Angle    Proper Dih.          LJ-14     Coulomb-14
    2.01607e+02    4.60512e+02    5.96305e+02    2.12873e+02    5.44619e+03
        LJ (SR)  Disper. corr.   Coulomb (SR)   Coul. recip.      Potential
    1.30887e+04   -3.52128e+02   -8.77783e+04    2.17266e+02   -6.79070e+04
    Kinetic En.   Total Energy  Conserved En.    Temperature Pres. DC (bar)
    1.16008e+04   -5.63062e+04   -5.15696e+04    2.92782e+02   -1.24793e+02
 Pressure (bar)   Constr. rmsd
   -2.26296e+02    7.72924e-07


DD  step 5299999  vol min/aver 0.841  load imb.: force  5.6%
           Step           Time
        5300000    10600.00000

   Energies (kJ/mol)
           Bond          Angle    Proper Dih.          LJ-14     Coulomb-14
    1.73284e+02    4.58809e+02    5.86970e+02    2.21641e+02    5.30707e+03
        LJ (SR)  Disper. corr.   Coulomb (SR)   Coul. recip.      Potential
    1.31509e+04   -3.52128e+02   -8.74525e+04    2.41225e+02   -6.76647e+04
    Kinetic En.   Total Energy  Conserved En.    Temperature Pres. DC (bar)
    1.21991e+04   -5.54656e+04   -5.15660e+04    3.07883e+02   -1.24793e+02
 Pressure (bar)   Constr. rmsd
    2.93102e+02    1.37188e-06


DD  step 5309999  vol min/aver 0.856  load imb.: force  4.5%
           Step           Time
        5310000    10620.00000

   Energies (kJ/mol)
           Bond          Angle    Proper Dih.          LJ-14     Coulomb-14
    1.80491e+02    5.44528e+02    5.92046e+02    2.47904e+02    5.39686e+03
        LJ (SR)  Disper. corr.   Coulomb (SR)   Coul. recip.      Potential
    1.32979e+04   -3.52128e+02   -8.86916e+04    2.36007e+02   -6.85480e+04
    Kinetic En.   Total Energy  Conserved En.    Temperature Pres. DC (bar)
    1.17992e+04   -5.67488e+04   -5.15563e+04    2.97789e+02   -1.24793e+02
 Pressure (bar)   Constr. rmsd
   -1.69989e+01    2.15974e-06


DD  step 5319999  vol min/aver 0.853  load imb.: force  2.3%
           Step           Time
        5320000    10640.00000

   Energies (kJ/mol)
           Bond          Angle    Proper Dih.          LJ-14     Coulomb-14
    2.47769e+02    4.94999e+02    5.95207e+02    1.95205e+02    5.33272e+03
        LJ (SR)  Disper. corr.   Coulomb (SR)   Coul. recip.      Potential
    1.34622e+04   -3.52128e+02   -8.83201e+04    2.11602e+02   -6.81325e+04
    Kinetic En.   Total Energy  Conserved En.    Temperature Pres. DC (bar)
    1.19887e+04   -5.61438e+04   -5.15512e+04    3.02572e+02   -1.24793e+02
 Pressure (bar)   Constr. rmsd
   -9.30666e+01    1.43612e-06


DD  step 5329999  vol min/aver 0.891  load imb.: force  2.8%
           Step           Time
        5330000    10660.00000

   Energies (kJ/mol)
           Bond          Angle    Proper Dih.          LJ-14     Coulomb-14
    1.95041e+02    5.19748e+02    5.86723e+02    2.02668e+02    5.41314e+03
        LJ (SR)  Disper. corr.   Coulomb (SR)   Coul. recip.      Potential
    1.41149e+04   -3.52128e+02   -8.88553e+04    2.19914e+02   -6.79553e+04
    Kinetic En.   Total Energy  Conserved En.    Temperature Pres. DC (bar)
    1.19785e+04   -5.59768e+04   -5.15419e+04    3.02316e+02   -1.24793e+02
 Pressure (bar)   Constr. rmsd
    9.56471e+02    3.02714e-06


DD  step 5339999  vol min/aver 0.847  load imb.: force  4.2%
           Step           Time
        5340000    10680.00000

   Energies (kJ/mol)
           Bond          Angle    Proper Dih.          LJ-14     Coulomb-14
    2.15103e+02    4.61235e+02    6.08920e+02    2.41971e+02    5.46037e+03
        LJ (SR)  Disper. corr.   Coulomb (SR)   Coul. recip.      Potential
    1.31098e+04   -3.52128e+02   -8.77094e+04    2.32378e+02   -6.77318e+04
    Kinetic En.   Total Energy  Conserved En.    Temperature Pres. DC (bar)
    1.17963e+04   -5.59354e+04   -5.15386e+04    2.97717e+02   -1.24793e+02
 Pressure (bar)   Constr. rmsd
    2.54659e+02    1.57476e-06


DD  step 5349999  vol min/aver 0.866  load imb.: force  5.0%
           Step           Time
        5350000    10700.00000

   Energies (kJ/mol)
           Bond          Angle    Proper Dih.          LJ-14     Coulomb-14
    2.62831e+02    4.27674e+02    6.29222e+02    2.13054e+02    5.53467e+03
        LJ (SR)  Disper. corr.   Coulomb (SR)   Coul. recip.      Potential
    1.31184e+04   -3.52128e+02   -8.79561e+04    2.29064e+02   -6.78934e+04
    Kinetic En.   Total Energy  Conserved En.    Temperature Pres. DC (bar)
    1.16463e+04   -5.62471e+04   -5.15324e+04    2.93931e+02   -1.24793e+02
 Pressure (bar)   Constr. rmsd
   -3.75708e+02    1.43103e-06


DD  step 5359999  vol min/aver 0.859  load imb.: force  4.0%
           Step           Time
        5360000    10720.00000

   Energies (kJ/mol)
           Bond          Angle    Proper Dih.          LJ-14     Coulomb-14
    2.00060e+02    5.42681e+02    6.04861e+02    2.17648e+02    5.49943e+03
        LJ (SR)  Disper. corr.   Coulomb (SR)   Coul. recip.      Potential
    1.33218e+04   -3.52128e+02   -8.82401e+04    2.64486e+02   -6.79413e+04
    Kinetic En.   Total Energy  Conserved En.    Temperature Pres. DC (bar)
    1.19378e+04   -5.60035e+04   -5.15276e+04    3.01288e+02   -1.24793e+02
 Pressure (bar)   Constr. rmsd
   -2.99060e+01    1.04553e-06


DD  load balancing is limited by minimum cell size in dimension Y
DD  step 5369999  vol min/aver 0.878! load imb.: force  5.2%
           Step           Time
        5370000    10740.00000

   Energies (kJ/mol)
           Bond          Angle    Proper Dih.          LJ-14     Coulomb-14
    1.70426e+02    5.01613e+02    5.81696e+02    2.09012e+02    5.34807e+03
        LJ (SR)  Disper. corr.   Coulomb (SR)   Coul. recip.      Potential
    1.32132e+04   -3.52128e+02   -8.81842e+04    2.46716e+02   -6.82657e+04
    Kinetic En.   Total Energy  Conserved En.    Temperature Pres. DC (bar)
    1.20580e+04   -5.62077e+04   -5.15223e+04    3.04321e+02   -1.24793e+02
 Pressure (bar)   Constr. rmsd
   -2.89296e+02    1.40864e-06


DD  step 5379999  vol min/aver 0.809  load imb.: force  4.8%
           Step           Time
        5380000    10760.00000

   Energies (kJ/mol)
           Bond          Angle    Proper Dih.          LJ-14     Coulomb-14
    2.14621e+02    4.61020e+02    6.05553e+02    1.99781e+02    5.36346e+03
        LJ (SR)  Disper. corr.   Coulomb (SR)   Coul. recip.      Potential
    1.37932e+04   -3.52128e+02   -8.86747e+04    2.34590e+02   -6.81547e+04
    Kinetic En.   Total Energy  Conserved En.    Temperature Pres. DC (bar)
    1.16086e+04   -5.65461e+04   -5.15097e+04    2.92979e+02   -1.24793e+02
 Pressure (bar)   Constr. rmsd
    2.32188e+02    1.88387e-06


DD  step 5389999  vol min/aver 0.864  load imb.: force  3.9%
           Step           Time
        5390000    10780.00000

   Energies (kJ/mol)
           Bond          Angle    Proper Dih.          LJ-14     Coulomb-14
    2.16778e+02    6.04431e+02    5.94507e+02    2.19807e+02    5.47560e+03
        LJ (SR)  Disper. corr.   Coulomb (SR)   Coul. recip.      Potential
    1.34212e+04   -3.52128e+02   -8.85787e+04    2.55085e+02   -6.81434e+04
    Kinetic En.   Total Energy  Conserved En.    Temperature Pres. DC (bar)
    1.20337e+04   -5.61098e+04   -5.14965e+04    3.03707e+02   -1.24793e+02
 Pressure (bar)   Constr. rmsd
    1.82830e+01    1.25197e-06


DD  step 5399999  vol min/aver 0.852  load imb.: force  5.4%
           Step           Time
        5400000    10800.00000

   Energies (kJ/mol)
           Bond          Angle    Proper Dih.          LJ-14     Coulomb-14
    2.00652e+02    5.31931e+02    6.15901e+02    2.21328e+02    5.43616e+03
        LJ (SR)  Disper. corr.   Coulomb (SR)   Coul. recip.      Potential
    1.31345e+04   -3.52128e+02   -8.80542e+04    2.33961e+02   -6.80319e+04
    Kinetic En.   Total Energy  Conserved En.    Temperature Pres. DC (bar)
    1.19949e+04   -5.60370e+04   -5.14975e+04    3.02729e+02   -1.24793e+02
 Pressure (bar)   Constr. rmsd
   -2.23204e+02    1.49200e-06


DD  step 5409999  vol min/aver 0.876  load imb.: force  4.2%
           Step           Time
        5410000    10820.00000

   Energies (kJ/mol)
           Bond          Angle    Proper Dih.          LJ-14     Coulomb-14
    1.85602e+02    5.26965e+02    6.03761e+02    2.17910e+02    5.42667e+03
        LJ (SR)  Disper. corr.   Coulomb (SR)   Coul. recip.      Potential
    1.26391e+04   -3.52128e+02   -8.72911e+04    2.31870e+02   -6.78114e+04
    Kinetic En.   Total Energy  Conserved En.    Temperature Pres. DC (bar)
    1.17615e+04   -5.60499e+04   -5.14929e+04    2.96837e+02   -1.24793e+02
 Pressure (bar)   Constr. rmsd
   -5.76999e+02    1.92898e-06


DD  step 5419999  vol min/aver 0.833  load imb.: force  2.9%
           Step           Time
        5420000    10840.00000

   Energies (kJ/mol)
           Bond          Angle    Proper Dih.          LJ-14     Coulomb-14
    2.03197e+02    4.88100e+02    6.03518e+02    2.02572e+02    5.33296e+03
        LJ (SR)  Disper. corr.   Coulomb (SR)   Coul. recip.      Potential
    1.29665e+04   -3.52128e+02   -8.77024e+04    2.51072e+02   -6.80066e+04
    Kinetic En.   Total Energy  Conserved En.    Temperature Pres. DC (bar)
    1.17276e+04   -5.62789e+04   -5.14803e+04    2.95984e+02   -1.24793e+02
 Pressure (bar)   Constr. rmsd
   -5.68168e+02    1.30674e-06


DD  load balancing is limited by minimum cell size in dimension Y
DD  step 5429999  vol min/aver 0.848! load imb.: force  5.3%
           Step           Time
        5430000    10860.00000

   Energies (kJ/mol)
           Bond          Angle    Proper Dih.          LJ-14     Coulomb-14
    1.91131e+02    4.26793e+02    6.26953e+02    2.09294e+02    5.36552e+03
        LJ (SR)  Disper. corr.   Coulomb (SR)   Coul. recip.      Potential
    1.30075e+04   -3.52128e+02   -8.77228e+04    2.25307e+02   -6.80225e+04
    Kinetic En.   Total Energy  Conserved En.    Temperature Pres. DC (bar)
    1.19757e+04   -5.60468e+04   -5.14764e+04    3.02244e+02   -1.24793e+02
 Pressure (bar)   Constr. rmsd
   -3.25643e+02    1.04626e-06


DD  load balancing is limited by minimum cell size in dimension Y
DD  step 5439999  vol min/aver 0.801! load imb.: force  3.3%
           Step           Time
        5440000    10880.00000

   Energies (kJ/mol)
           Bond          Angle    Proper Dih.          LJ-14     Coulomb-14
    1.49180e+02    5.22895e+02    6.12234e+02    2.43080e+02    5.56566e+03
        LJ (SR)  Disper. corr.   Coulomb (SR)   Coul. recip.      Potential
    1.32679e+04   -3.52128e+02   -8.77265e+04    2.27578e+02   -6.74901e+04
    Kinetic En.   Total Energy  Conserved En.    Temperature Pres. DC (bar)
    1.18032e+04   -5.56868e+04   -5.14723e+04    2.97892e+02   -1.24793e+02
 Pressure (bar)   Constr. rmsd
    3.90929e+02    1.01119e-06


DD  step 5449999  vol min/aver 0.832  load imb.: force  4.2%
           Step           Time
        5450000    10900.00000

   Energies (kJ/mol)
           Bond          Angle    Proper Dih.          LJ-14     Coulomb-14
    1.80194e+02    5.37489e+02    6.08107e+02    2.09534e+02    5.36440e+03
        LJ (SR)  Disper. corr.   Coulomb (SR)   Coul. recip.      Potential
    1.38567e+04   -3.52128e+02   -8.90957e+04    2.28563e+02   -6.84629e+04
    Kinetic En.   Total Energy  Conserved En.    Temperature Pres. DC (bar)
    1.16075e+04   -5.68554e+04   -5.14646e+04    2.92951e+02   -1.24793e+02
 Pressure (bar)   Constr. rmsd
    3.10293e+02    1.37295e-06


DD  step 5459999  vol min/aver 0.828  load imb.: force  4.0%
           Step           Time
        5460000    10920.00000

   Energies (kJ/mol)
           Bond          Angle    Proper Dih.          LJ-14     Coulomb-14
    1.83381e+02    5.19992e+02    6.18050e+02    2.07138e+02    5.32358e+03
        LJ (SR)  Disper. corr.   Coulomb (SR)   Coul. recip.      Potential
    1.34147e+04   -3.52128e+02   -8.82557e+04    2.16707e+02   -6.81243e+04
    Kinetic En.   Total Energy  Conserved En.    Temperature Pres. DC (bar)
    1.18709e+04   -5.62534e+04   -5.14638e+04    2.99600e+02   -1.24793e+02
 Pressure (bar)   Constr. rmsd
    1.09759e+02    1.24115e-06


DD  step 5469999  vol min/aver 0.814  load imb.: force  2.6%
           Step           Time
        5470000    10940.00000

   Energies (kJ/mol)
           Bond          Angle    Proper Dih.          LJ-14     Coulomb-14
    2.14577e+02    4.21243e+02    6.12113e+02    2.11997e+02    5.32688e+03
        LJ (SR)  Disper. corr.   Coulomb (SR)   Coul. recip.      Potential
    1.34006e+04   -3.52128e+02   -8.82100e+04    2.33804e+02   -6.81409e+04
    Kinetic En.   Total Energy  Conserved En.    Temperature Pres. DC (bar)
    1.20352e+04   -5.61057e+04   -5.14592e+04    3.03746e+02   -1.24793e+02
 Pressure (bar)   Constr. rmsd
   -4.76255e+01    1.30894e-06


DD  step 5479999  vol min/aver 0.828  load imb.: force  3.0%
           Step           Time
        5480000    10960.00000

   Energies (kJ/mol)
           Bond          Angle    Proper Dih.          LJ-14     Coulomb-14
    2.02641e+02    4.93378e+02    6.05839e+02    2.19361e+02    5.42404e+03
        LJ (SR)  Disper. corr.   Coulomb (SR)   Coul. recip.      Potential
    1.32661e+04   -3.52128e+02   -8.80390e+04    2.29947e+02   -6.79498e+04
    Kinetic En.   Total Energy  Conserved En.    Temperature Pres. DC (bar)
    1.18848e+04   -5.60650e+04   -5.14396e+04    2.99951e+02   -1.24793e+02
 Pressure (bar)   Constr. rmsd
   -2.52232e+01    1.14902e-06


DD  step 5489999  vol min/aver 0.837  load imb.: force  2.5%
           Step           Time
        5490000    10980.00000

   Energies (kJ/mol)
           Bond          Angle    Proper Dih.          LJ-14     Coulomb-14
    2.50841e+02    5.49087e+02    6.19451e+02    1.97926e+02    5.35126e+03
        LJ (SR)  Disper. corr.   Coulomb (SR)   Coul. recip.      Potential
    1.38505e+04   -3.52128e+02   -8.89190e+04    2.15551e+02   -6.82365e+04
    Kinetic En.   Total Energy  Conserved En.    Temperature Pres. DC (bar)
    1.21213e+04   -5.61152e+04   -5.14337e+04    3.05919e+02   -1.24793e+02
 Pressure (bar)   Constr. rmsd
    8.17056e+01    1.34303e-06


DD  step 5499999  vol min/aver 0.817  load imb.: force  4.6%
           Step           Time
        5500000    11000.00000

   Energies (kJ/mol)
           Bond          Angle    Proper Dih.          LJ-14     Coulomb-14
    2.49630e+02    4.61352e+02    6.22833e+02    2.11031e+02    5.32625e+03
        LJ (SR)  Disper. corr.   Coulomb (SR)   Coul. recip.      Potential
    1.35322e+04   -3.52128e+02   -8.83007e+04    2.06612e+02   -6.80429e+04
    Kinetic En.   Total Energy  Conserved En.    Temperature Pres. DC (bar)
    1.20451e+04   -5.59978e+04   -5.14296e+04    3.03996e+02   -1.24793e+02
 Pressure (bar)   Constr. rmsd
   -1.01793e+01    2.38985e-06


DD  step 5509999  vol min/aver 0.855  load imb.: force  4.7%
           Step           Time
        5510000    11020.00000

   Energies (kJ/mol)
           Bond          Angle    Proper Dih.          LJ-14     Coulomb-14
    2.11855e+02    4.74956e+02    6.13941e+02    2.35510e+02    5.38996e+03
        LJ (SR)  Disper. corr.   Coulomb (SR)   Coul. recip.      Potential
    1.37828e+04   -3.52128e+02   -8.87170e+04    2.44447e+02   -6.81157e+04
    Kinetic En.   Total Energy  Conserved En.    Temperature Pres. DC (bar)
    1.20773e+04   -5.60383e+04   -5.14254e+04    3.04810e+02   -1.24793e+02
 Pressure (bar)   Constr. rmsd
    5.19204e+02    1.96803e-06


DD  step 5519999  vol min/aver 0.871  load imb.: force  5.2%
           Step           Time
        5520000    11040.00000

   Energies (kJ/mol)
           Bond          Angle    Proper Dih.          LJ-14     Coulomb-14
    2.03169e+02    4.92165e+02    5.93120e+02    2.35395e+02    5.41199e+03
        LJ (SR)  Disper. corr.   Coulomb (SR)   Coul. recip.      Potential
    1.27830e+04   -3.52128e+02   -8.74336e+04    2.42175e+02   -6.78247e+04
    Kinetic En.   Total Energy  Conserved En.    Temperature Pres. DC (bar)
    1.18883e+04   -5.59364e+04   -5.14070e+04    3.00038e+02   -1.24793e+02
 Pressure (bar)   Constr. rmsd
   -4.54184e+02    1.32695e-06


DD  step 5529999  vol min/aver 0.803  load imb.: force  6.3%
           Step           Time
        5530000    11060.00000

   Energies (kJ/mol)
           Bond          Angle    Proper Dih.          LJ-14     Coulomb-14
    2.15846e+02    4.86208e+02    6.16433e+02    2.21253e+02    5.38354e+03
        LJ (SR)  Disper. corr.   Coulomb (SR)   Coul. recip.      Potential
    1.27412e+04   -3.52128e+02   -8.73739e+04    2.38649e+02   -6.78229e+04
    Kinetic En.   Total Energy  Conserved En.    Temperature Pres. DC (bar)
    1.17904e+04   -5.60325e+04   -5.14058e+04    2.97567e+02   -1.24793e+02
 Pressure (bar)   Constr. rmsd
   -6.11076e+02    1.10631e-06


DD  step 5539999  vol min/aver 0.841  load imb.: force  4.5%
           Step           Time
        5540000    11080.00000

   Energies (kJ/mol)
           Bond          Angle    Proper Dih.          LJ-14     Coulomb-14
    1.86230e+02    4.48645e+02    6.25142e+02    2.09819e+02    5.41599e+03
        LJ (SR)  Disper. corr.   Coulomb (SR)   Coul. recip.      Potential
    1.29030e+04   -3.52128e+02   -8.75606e+04    2.37172e+02   -6.78866e+04
    Kinetic En.   Total Energy  Conserved En.    Temperature Pres. DC (bar)
    1.17918e+04   -5.60949e+04   -5.14043e+04    2.97602e+02   -1.24793e+02
 Pressure (bar)   Constr. rmsd
   -4.15340e+02    1.24519e-06


DD  step 5549999  vol min/aver 0.858  load imb.: force  5.0%
           Step           Time
        5550000    11100.00000

   Energies (kJ/mol)
           Bond          Angle    Proper Dih.          LJ-14     Coulomb-14
    1.90311e+02    4.76029e+02    6.14606e+02    2.09981e+02    5.33315e+03
        LJ (SR)  Disper. corr.   Coulomb (SR)   Coul. recip.      Potential
    1.37282e+04   -3.52128e+02   -8.89105e+04    2.18122e+02   -6.84922e+04
    Kinetic En.   Total Energy  Conserved En.    Temperature Pres. DC (bar)
    1.18494e+04   -5.66429e+04   -5.13992e+04    2.99056e+02   -1.24793e+02
 Pressure (bar)   Constr. rmsd
    3.11678e+02    1.81210e-06


DD  step 5559999  vol min/aver 0.839  load imb.: force  5.0%
           Step           Time
        5560000    11120.00000

   Energies (kJ/mol)
           Bond          Angle    Proper Dih.          LJ-14     Coulomb-14
    1.81437e+02    4.47304e+02    6.02224e+02    2.20050e+02    5.57052e+03
        LJ (SR)  Disper. corr.   Coulomb (SR)   Coul. recip.      Potential
    1.33271e+04   -3.52128e+02   -8.83280e+04    2.49814e+02   -6.80817e+04
    Kinetic En.   Total Energy  Conserved En.    Temperature Pres. DC (bar)
    1.14491e+04   -5.66326e+04   -5.13888e+04    2.88953e+02   -1.24793e+02
 Pressure (bar)   Constr. rmsd
   -9.85329e+01    1.79363e-06


DD  step 5569999  vol min/aver 0.897  load imb.: force  3.4%
           Step           Time
        5570000    11140.00000

   Energies (kJ/mol)
           Bond          Angle    Proper Dih.          LJ-14     Coulomb-14
    1.86943e+02    4.25143e+02    5.99413e+02    2.46636e+02    5.50851e+03
        LJ (SR)  Disper. corr.   Coulomb (SR)   Coul. recip.      Potential
    1.32897e+04   -3.52128e+02   -8.81752e+04    2.33208e+02   -6.80378e+04
    Kinetic En.   Total Energy  Conserved En.    Temperature Pres. DC (bar)
    1.19613e+04   -5.60765e+04   -5.13769e+04    3.01881e+02   -1.24793e+02
 Pressure (bar)   Constr. rmsd
    2.09381e+02    1.67748e-06


DD  step 5579999  vol min/aver 0.884  load imb.: force  4.0%
           Step           Time
        5580000    11160.00000

   Energies (kJ/mol)
           Bond          Angle    Proper Dih.          LJ-14     Coulomb-14
    2.03614e+02    4.78551e+02    6.13949e+02    2.12762e+02    5.44641e+03
        LJ (SR)  Disper. corr.   Coulomb (SR)   Coul. recip.      Potential
    1.27263e+04   -3.52128e+02   -8.75294e+04    2.39331e+02   -6.79606e+04
    Kinetic En.   Total Energy  Conserved En.    Temperature Pres. DC (bar)
    1.19408e+04   -5.60198e+04   -5.13651e+04    3.01364e+02   -1.24793e+02
 Pressure (bar)   Constr. rmsd
   -7.29444e+02    2.06237e-06


DD  step 5589999  vol min/aver 0.827  load imb.: force  6.2%
           Step           Time
        5590000    11180.00000

   Energies (kJ/mol)
           Bond          Angle    Proper Dih.          LJ-14     Coulomb-14
    2.05624e+02    4.97471e+02    6.01447e+02    2.12493e+02    5.46177e+03
        LJ (SR)  Disper. corr.   Coulomb (SR)   Coul. recip.      Potential
    1.32723e+04   -3.52128e+02   -8.84612e+04    2.50022e+02   -6.83122e+04
    Kinetic En.   Total Energy  Conserved En.    Temperature Pres. DC (bar)
    1.20302e+04   -5.62820e+04   -5.13589e+04    3.03619e+02   -1.24793e+02
 Pressure (bar)   Constr. rmsd
   -2.42079e+02    1.57808e-06


DD  step 5599999  vol min/aver 0.834  load imb.: force  3.6%
           Step           Time
        5600000    11200.00000

   Energies (kJ/mol)
           Bond          Angle    Proper Dih.          LJ-14     Coulomb-14
    2.24949e+02    4.56247e+02    5.93979e+02    2.29723e+02    5.44831e+03
        LJ (SR)  Disper. corr.   Coulomb (SR)   Coul. recip.      Potential
    1.31046e+04   -3.52128e+02   -8.80478e+04    2.24894e+02   -6.81173e+04
    Kinetic En.   Total Energy  Conserved En.    Temperature Pres. DC (bar)
    1.19704e+04   -5.61469e+04   -5.13527e+04    3.02110e+02   -1.24793e+02
 Pressure (bar)   Constr. rmsd
   -3.23048e+02    1.32167e-06


DD  load balancing is limited by minimum cell size in dimension Y
DD  step 5609999  vol min/aver 0.865! load imb.: force  3.9%
           Step           Time
        5610000    11220.00000

   Energies (kJ/mol)
           Bond          Angle    Proper Dih.          LJ-14     Coulomb-14
    1.91383e+02    5.22666e+02    5.97349e+02    2.25027e+02    5.41606e+03
        LJ (SR)  Disper. corr.   Coulomb (SR)   Coul. recip.      Potential
    1.30510e+04   -3.52128e+02   -8.78555e+04    2.47862e+02   -6.79563e+04
    Kinetic En.   Total Energy  Conserved En.    Temperature Pres. DC (bar)
    1.17241e+04   -5.62322e+04   -5.13449e+04    2.95895e+02   -1.24793e+02
 Pressure (bar)   Constr. rmsd
   -2.42623e+02    1.56901e-06


DD  step 5619999  vol min/aver 0.860  load imb.: force  5.0%
           Step           Time
        5620000    11240.00000

   Energies (kJ/mol)
           Bond          Angle    Proper Dih.          LJ-14     Coulomb-14
    1.67188e+02    5.07682e+02    5.77973e+02    2.49194e+02    5.52016e+03
        LJ (SR)  Disper. corr.   Coulomb (SR)   Coul. recip.      Potential
    1.40144e+04   -3.52128e+02   -8.94234e+04    2.29979e+02   -6.85090e+04
    Kinetic En.   Total Energy  Conserved En.    Temperature Pres. DC (bar)
    1.15242e+04   -5.69848e+04   -5.13297e+04    2.90849e+02   -1.24793e+02
 Pressure (bar)   Constr. rmsd
    6.14583e+02    9.65227e-07


DD  step 5629999  vol min/aver 0.835  load imb.: force  3.3%
           Step           Time
        5630000    11260.00000

   Energies (kJ/mol)
           Bond          Angle    Proper Dih.          LJ-14     Coulomb-14
    2.43522e+02    4.53801e+02    5.94301e+02    1.99697e+02    5.51577e+03
        LJ (SR)  Disper. corr.   Coulomb (SR)   Coul. recip.      Potential
    1.34315e+04   -3.52128e+02   -8.87266e+04    2.47233e+02   -6.83930e+04
    Kinetic En.   Total Energy  Conserved En.    Temperature Pres. DC (bar)
    1.20237e+04   -5.63693e+04   -5.13249e+04    3.03456e+02   -1.24793e+02
 Pressure (bar)   Constr. rmsd
   -4.79265e+02    1.97660e-06


DD  step 5639999  vol min/aver 0.837  load imb.: force  5.3%
           Step           Time
        5640000    11280.00000

   Energies (kJ/mol)
           Bond          Angle    Proper Dih.          LJ-14     Coulomb-14
    2.32684e+02    3.92895e+02    6.01398e+02    2.08926e+02    5.51106e+03
        LJ (SR)  Disper. corr.   Coulomb (SR)   Coul. recip.      Potential
    1.35714e+04   -3.52128e+02   -8.84628e+04    2.20361e+02   -6.80762e+04
    Kinetic En.   Total Energy  Conserved En.    Temperature Pres. DC (bar)
    1.19706e+04   -5.61056e+04   -5.13289e+04    3.02116e+02   -1.24793e+02
 Pressure (bar)   Constr. rmsd
    3.46685e+01    1.50547e-06


DD  step 5649999  vol min/aver 0.833  load imb.: force  3.1%
           Step           Time
        5650000    11300.00000

   Energies (kJ/mol)
           Bond          Angle    Proper Dih.          LJ-14     Coulomb-14
    1.64730e+02    5.07383e+02    6.00906e+02    2.24549e+02    5.55579e+03
        LJ (SR)  Disper. corr.   Coulomb (SR)   Coul. recip.      Potential
    1.31232e+04   -3.52128e+02   -8.81082e+04    2.31827e+02   -6.80519e+04
    Kinetic En.   Total Energy  Conserved En.    Temperature Pres. DC (bar)
    1.19458e+04   -5.61061e+04   -5.13129e+04    3.01491e+02   -1.24793e+02
 Pressure (bar)   Constr. rmsd
   -1.11052e+02    2.45063e-06


DD  step 5659999  vol min/aver 0.845  load imb.: force  4.2%
           Step           Time
        5660000    11320.00000

   Energies (kJ/mol)
           Bond          Angle    Proper Dih.          LJ-14     Coulomb-14
    1.70702e+02    4.76556e+02    6.17600e+02    2.21988e+02    5.46347e+03
        LJ (SR)  Disper. corr.   Coulomb (SR)   Coul. recip.      Potential
    1.30218e+04   -3.52128e+02   -8.75090e+04    2.14141e+02   -6.76749e+04
    Kinetic En.   Total Energy  Conserved En.    Temperature Pres. DC (bar)
    1.21154e+04   -5.55595e+04   -5.13054e+04    3.05769e+02   -1.24793e+02
 Pressure (bar)   Constr. rmsd
   -3.78340e+01    1.51055e-06


DD  step 5669999  vol min/aver 0.858  load imb.: force  3.2%
           Step           Time
        5670000    11340.00000

   Energies (kJ/mol)
           Bond          Angle    Proper Dih.          LJ-14     Coulomb-14
    1.67499e+02    4.94871e+02    5.97023e+02    2.16146e+02    5.39475e+03
        LJ (SR)  Disper. corr.   Coulomb (SR)   Coul. recip.      Potential
    1.27529e+04   -3.52128e+02   -8.74949e+04    2.09685e+02   -6.80142e+04
    Kinetic En.   Total Energy  Conserved En.    Temperature Pres. DC (bar)
    1.19437e+04   -5.60706e+04   -5.12964e+04    3.01436e+02   -1.24793e+02
 Pressure (bar)   Constr. rmsd
   -5.53029e+02    1.71287e-06


DD  load balancing is limited by minimum cell size in dimension Y
DD  step 5679999  vol min/aver 0.818! load imb.: force  5.6%
           Step           Time
        5680000    11360.00000

   Energies (kJ/mol)
           Bond          Angle    Proper Dih.          LJ-14     Coulomb-14
    1.95176e+02    4.38890e+02    6.25363e+02    2.18740e+02    5.47402e+03
        LJ (SR)  Disper. corr.   Coulomb (SR)   Coul. recip.      Potential
    1.26390e+04   -3.52128e+02   -8.77007e+04    2.47808e+02   -6.82138e+04
    Kinetic En.   Total Energy  Conserved En.    Temperature Pres. DC (bar)
    1.19730e+04   -5.62408e+04   -5.12866e+04    3.02175e+02   -1.24793e+02
 Pressure (bar)   Constr. rmsd
   -1.00419e+03    7.74046e-07


DD  step 5689999  vol min/aver 0.777  load imb.: force  6.5%
           Step           Time
        5690000    11380.00000

   Energies (kJ/mol)
           Bond          Angle    Proper Dih.          LJ-14     Coulomb-14
    2.04337e+02    5.39262e+02    6.01319e+02    2.17523e+02    5.33276e+03
        LJ (SR)  Disper. corr.   Coulomb (SR)   Coul. recip.      Potential
    1.34253e+04   -3.52128e+02   -8.83309e+04    2.33369e+02   -6.81292e+04
    Kinetic En.   Total Energy  Conserved En.    Temperature Pres. DC (bar)
    1.18966e+04   -5.62326e+04   -5.12704e+04    3.00247e+02   -1.24793e+02
 Pressure (bar)   Constr. rmsd
    8.86532e+01    1.31128e-06


DD  step 5699999  vol min/aver 0.854  load imb.: force  4.2%
           Step           Time
        5700000    11400.00000

   Energies (kJ/mol)
           Bond          Angle    Proper Dih.          LJ-14     Coulomb-14
    2.41615e+02    5.06546e+02    5.96881e+02    2.34508e+02    5.39020e+03
        LJ (SR)  Disper. corr.   Coulomb (SR)   Coul. recip.      Potential
    1.33160e+04   -3.52128e+02   -8.80641e+04    2.32203e+02   -6.78983e+04
    Kinetic En.   Total Energy  Conserved En.    Temperature Pres. DC (bar)
    1.17955e+04   -5.61028e+04   -5.12624e+04    2.97695e+02   -1.24793e+02
 Pressure (bar)   Constr. rmsd
   -1.23094e+02    2.09616e-06


DD  load balancing is limited by minimum cell size in dimension Y
DD  step 5709999  vol min/aver 0.840! load imb.: force  6.0%
           Step           Time
        5710000    11420.00000

   Energies (kJ/mol)
           Bond          Angle    Proper Dih.          LJ-14     Coulomb-14
    1.60667e+02    4.64114e+02    5.96878e+02    2.14236e+02    5.51128e+03
        LJ (SR)  Disper. corr.   Coulomb (SR)   Coul. recip.      Potential
    1.34215e+04   -3.52128e+02   -8.79101e+04    2.65275e+02   -6.76283e+04
    Kinetic En.   Total Energy  Conserved En.    Temperature Pres. DC (bar)
    1.19397e+04   -5.56886e+04   -5.12677e+04    3.01335e+02   -1.24793e+02
 Pressure (bar)   Constr. rmsd
    4.27139e+02    2.25849e-06


DD  step 5719999  vol min/aver 0.839  load imb.: force  4.1%
           Step           Time
        5720000    11440.00000

   Energies (kJ/mol)
           Bond          Angle    Proper Dih.          LJ-14     Coulomb-14
    2.03879e+02    5.28800e+02    6.25907e+02    2.25932e+02    5.42998e+03
        LJ (SR)  Disper. corr.   Coulomb (SR)   Coul. recip.      Potential
    1.29372e+04   -3.52128e+02   -8.75390e+04    2.37578e+02   -6.77019e+04
    Kinetic En.   Total Energy  Conserved En.    Temperature Pres. DC (bar)
    1.19328e+04   -5.57691e+04   -5.12546e+04    3.01161e+02   -1.24793e+02
 Pressure (bar)   Constr. rmsd
   -2.31024e+02    1.34741e-06


DD  step 5729999  vol min/aver 0.860  load imb.: force  6.2%
           Step           Time
        5730000    11460.00000

   Energies (kJ/mol)
           Bond          Angle    Proper Dih.          LJ-14     Coulomb-14
    1.89869e+02    4.98912e+02    6.19647e+02    2.31486e+02    5.45631e+03
        LJ (SR)  Disper. corr.   Coulomb (SR)   Coul. recip.      Potential
    1.34020e+04   -3.52128e+02   -8.87011e+04    2.16607e+02   -6.84384e+04
    Kinetic En.   Total Energy  Conserved En.    Temperature Pres. DC (bar)
    1.20605e+04   -5.63780e+04   -5.12461e+04    3.04384e+02   -1.24793e+02
 Pressure (bar)   Constr. rmsd
   -6.02101e+01    1.14153e-06


DD  step 5739999  vol min/aver 0.866  load imb.: force  4.0%
           Step           Time
        5740000    11480.00000

   Energies (kJ/mol)
           Bond          Angle    Proper Dih.          LJ-14     Coulomb-14
    1.71925e+02    4.52080e+02    6.08306e+02    2.03270e+02    5.32786e+03
        LJ (SR)  Disper. corr.   Coulomb (SR)   Coul. recip.      Potential
    1.35206e+04   -3.52128e+02   -8.86782e+04    2.38811e+02   -6.85074e+04
    Kinetic En.   Total Energy  Conserved En.    Temperature Pres. DC (bar)
    1.17157e+04   -5.67917e+04   -5.12381e+04    2.95682e+02   -1.24793e+02
 Pressure (bar)   Constr. rmsd
   -9.38839e+00    1.01035e-06


DD  step 5749999  vol min/aver 0.864  load imb.: force  4.3%
           Step           Time
        5750000    11500.00000

   Energies (kJ/mol)
           Bond          Angle    Proper Dih.          LJ-14     Coulomb-14
    2.21552e+02    4.66976e+02    6.10560e+02    2.05907e+02    5.45763e+03
        LJ (SR)  Disper. corr.   Coulomb (SR)   Coul. recip.      Potential
    1.33118e+04   -3.52128e+02   -8.87620e+04    2.24673e+02   -6.86151e+04
    Kinetic En.   Total Energy  Conserved En.    Temperature Pres. DC (bar)
    1.17554e+04   -5.68597e+04   -5.12327e+04    2.96684e+02   -1.24793e+02
 Pressure (bar)   Constr. rmsd
   -2.97258e+02    2.65300e-06


DD  step 5759999  vol min/aver 0.873  load imb.: force  3.7%
           Step           Time
        5760000    11520.00000

   Energies (kJ/mol)
           Bond          Angle    Proper Dih.          LJ-14     Coulomb-14
    1.96092e+02    4.51048e+02    6.14292e+02    2.29409e+02    5.44866e+03
        LJ (SR)  Disper. corr.   Coulomb (SR)   Coul. recip.      Potential
    1.32168e+04   -3.52128e+02   -8.83928e+04    2.22415e+02   -6.83662e+04
    Kinetic En.   Total Energy  Conserved En.    Temperature Pres. DC (bar)
    1.17186e+04   -5.66476e+04   -5.12261e+04    2.95756e+02   -1.24793e+02
 Pressure (bar)   Constr. rmsd
   -1.95464e+02    1.61328e-06


DD  load balancing is limited by minimum cell size in dimension Y
DD  step 5769999  vol min/aver 0.851! load imb.: force  4.8%
           Step           Time
        5770000    11540.00000

   Energies (kJ/mol)
           Bond          Angle    Proper Dih.          LJ-14     Coulomb-14
    2.20374e+02    5.12397e+02    6.10467e+02    2.10942e+02    5.36616e+03
        LJ (SR)  Disper. corr.   Coulomb (SR)   Coul. recip.      Potential
    1.30051e+04   -3.52128e+02   -8.80967e+04    2.07510e+02   -6.83158e+04
    Kinetic En.   Total Energy  Conserved En.    Temperature Pres. DC (bar)
    1.20292e+04   -5.62866e+04   -5.12218e+04    3.03596e+02   -1.24793e+02
 Pressure (bar)   Constr. rmsd
   -6.69505e+02    1.52328e-06


DD  step 5779999  vol min/aver 0.847  load imb.: force  3.9%
           Step           Time
        5780000    11560.00000

   Energies (kJ/mol)
           Bond          Angle    Proper Dih.          LJ-14     Coulomb-14
    1.97424e+02    5.72784e+02    6.10939e+02    2.19736e+02    5.29269e+03
        LJ (SR)  Disper. corr.   Coulomb (SR)   Coul. recip.      Potential
    1.33804e+04   -3.52128e+02   -8.79930e+04    2.35648e+02   -6.78355e+04
    Kinetic En.   Total Energy  Conserved En.    Temperature Pres. DC (bar)
    1.18543e+04   -5.59812e+04   -5.12179e+04    2.99180e+02   -1.24793e+02
 Pressure (bar)   Constr. rmsd
    1.28329e+02    2.09834e-06


DD  step 5789999  vol min/aver 0.866  load imb.: force  4.7%
           Step           Time
        5790000    11580.00000

   Energies (kJ/mol)
           Bond          Angle    Proper Dih.          LJ-14     Coulomb-14
    1.87098e+02    4.72149e+02    6.03147e+02    1.97785e+02    5.44848e+03
        LJ (SR)  Disper. corr.   Coulomb (SR)   Coul. recip.      Potential
    1.34366e+04   -3.52128e+02   -8.85397e+04    2.32669e+02   -6.83140e+04
    Kinetic En.   Total Energy  Conserved En.    Temperature Pres. DC (bar)
    1.18519e+04   -5.64621e+04   -5.12108e+04    2.99120e+02   -1.24793e+02
 Pressure (bar)   Constr. rmsd
   -2.10141e+02    1.53773e-06


DD  step 5799999  vol min/aver 0.842  load imb.: force  8.0%
           Step           Time
        5800000    11600.00000

   Energies (kJ/mol)
           Bond          Angle    Proper Dih.          LJ-14     Coulomb-14
    2.00572e+02    4.98684e+02    6.20747e+02    2.14408e+02    5.33478e+03
        LJ (SR)  Disper. corr.   Coulomb (SR)   Coul. recip.      Potential
    1.31969e+04   -3.52128e+02   -8.79060e+04    2.25728e+02   -6.79663e+04
    Kinetic En.   Total Energy  Conserved En.    Temperature Pres. DC (bar)
    1.22442e+04   -5.57221e+04   -5.11994e+04    3.09020e+02   -1.24793e+02
 Pressure (bar)   Constr. rmsd
   -1.86150e+02    1.01723e-06


DD  step 5809999  vol min/aver 0.845  load imb.: force  2.7%
           Step           Time
        5810000    11620.00000

   Energies (kJ/mol)
           Bond          Angle    Proper Dih.          LJ-14     Coulomb-14
    1.83197e+02    5.46677e+02    6.08926e+02    2.14351e+02    5.25226e+03
        LJ (SR)  Disper. corr.   Coulomb (SR)   Coul. recip.      Potential
    1.35735e+04   -3.52128e+02   -8.82797e+04    2.23857e+02   -6.80290e+04
    Kinetic En.   Total Energy  Conserved En.    Temperature Pres. DC (bar)
    1.20635e+04   -5.59655e+04   -5.11968e+04    3.04460e+02   -1.24793e+02
 Pressure (bar)   Constr. rmsd
    2.72019e+02    1.08661e-06


DD  step 5819999  vol min/aver 0.856  load imb.: force  3.3%
           Step           Time
        5820000    11640.00000

   Energies (kJ/mol)
           Bond          Angle    Proper Dih.          LJ-14     Coulomb-14
    2.31716e+02    5.49327e+02    5.93539e+02    2.06925e+02    5.22134e+03
        LJ (SR)  Disper. corr.   Coulomb (SR)   Coul. recip.      Potential
    1.30628e+04   -3.52128e+02   -8.75725e+04    2.24632e+02   -6.78344e+04
    Kinetic En.   Total Energy  Conserved En.    Temperature Pres. DC (bar)
    1.17249e+04   -5.61094e+04   -5.11825e+04    2.95916e+02   -1.24793e+02
 Pressure (bar)   Constr. rmsd
   -2.66442e+02    9.73352e-07


DD  step 5829999  vol min/aver 0.910  load imb.: force  2.8%
           Step           Time
        5830000    11660.00000

   Energies (kJ/mol)
           Bond          Angle    Proper Dih.          LJ-14     Coulomb-14
    1.49970e+02    4.85967e+02    6.00555e+02    2.02053e+02    5.37088e+03
        LJ (SR)  Disper. corr.   Coulomb (SR)   Coul. recip.      Potential
    1.29162e+04   -3.52128e+02   -8.77251e+04    2.26325e+02   -6.81252e+04
    Kinetic En.   Total Energy  Conserved En.    Temperature Pres. DC (bar)
    1.18313e+04   -5.62940e+04   -5.11732e+04    2.98599e+02   -1.24793e+02
 Pressure (bar)   Constr. rmsd
   -4.62233e+02    1.08178e-06


DD  step 5839999  vol min/aver 0.900  load imb.: force  3.3%
           Step           Time
        5840000    11680.00000

   Energies (kJ/mol)
           Bond          Angle    Proper Dih.          LJ-14     Coulomb-14
    2.08116e+02    4.52246e+02    6.02987e+02    2.16486e+02    5.46922e+03
        LJ (SR)  Disper. corr.   Coulomb (SR)   Coul. recip.      Potential
    1.32048e+04   -3.52128e+02   -8.83886e+04    2.24029e+02   -6.83628e+04
    Kinetic En.   Total Energy  Conserved En.    Temperature Pres. DC (bar)
    1.19107e+04   -5.64521e+04   -5.11719e+04    3.00605e+02   -1.24793e+02
 Pressure (bar)   Constr. rmsd
   -5.57692e+02    9.90625e-07


DD  step 5849999  vol min/aver 0.861  load imb.: force  5.0%
           Step           Time
        5850000    11700.00000

   Energies (kJ/mol)
           Bond          Angle    Proper Dih.          LJ-14     Coulomb-14
    1.97086e+02    5.39320e+02    6.15537e+02    2.49101e+02    5.38655e+03
        LJ (SR)  Disper. corr.   Coulomb (SR)   Coul. recip.      Potential
    1.38459e+04   -3.52128e+02   -8.86371e+04    2.29068e+02   -6.79267e+04
    Kinetic En.   Total Energy  Conserved En.    Temperature Pres. DC (bar)
    1.14125e+04   -5.65142e+04   -5.11474e+04    2.88031e+02   -1.24793e+02
 Pressure (bar)   Constr. rmsd
    5.87235e+02    1.16312e-06


DD  step 5859999  vol min/aver 0.895  load imb.: force  5.4%
           Step           Time
        5860000    11720.00000

   Energies (kJ/mol)
           Bond          Angle    Proper Dih.          LJ-14     Coulomb-14
    1.75738e+02    5.08235e+02    6.03315e+02    2.25521e+02    5.39607e+03
        LJ (SR)  Disper. corr.   Coulomb (SR)   Coul. recip.      Potential
    1.35437e+04   -3.52128e+02   -8.83036e+04    2.12847e+02   -6.79903e+04
    Kinetic En.   Total Energy  Conserved En.    Temperature Pres. DC (bar)
    1.20295e+04   -5.59608e+04   -5.11525e+04    3.03602e+02   -1.24793e+02
 Pressure (bar)   Constr. rmsd
    3.99891e+02    1.74056e-06


DD  step 5869999  vol min/aver 0.924  load imb.: force  2.0%
           Step           Time
        5870000    11740.00000

   Energies (kJ/mol)
           Bond          Angle    Proper Dih.          LJ-14     Coulomb-14
    1.80008e+02    4.73138e+02    6.03489e+02    2.27597e+02    5.49094e+03
        LJ (SR)  Disper. corr.   Coulomb (SR)   Coul. recip.      Potential
    1.35275e+04   -3.52128e+02   -8.86285e+04    2.13310e+02   -6.82647e+04
    Kinetic En.   Total Energy  Conserved En.    Temperature Pres. DC (bar)
    1.18499e+04   -5.64147e+04   -5.11450e+04    2.99071e+02   -1.24793e+02
 Pressure (bar)   Constr. rmsd
    2.37425e+02    1.17389e-06


DD  step 5879999  vol min/aver 0.858  load imb.: force  4.9%
           Step           Time
        5880000    11760.00000

   Energies (kJ/mol)
           Bond          Angle    Proper Dih.          LJ-14     Coulomb-14
    2.20497e+02    4.47911e+02    6.03682e+02    2.11404e+02    5.45297e+03
        LJ (SR)  Disper. corr.   Coulomb (SR)   Coul. recip.      Potential
    1.35457e+04   -3.52128e+02   -8.85994e+04    2.29792e+02   -6.82396e+04
    Kinetic En.   Total Energy  Conserved En.    Temperature Pres. DC (bar)
    1.19636e+04   -5.62759e+04   -5.11462e+04    3.01940e+02   -1.24793e+02
 Pressure (bar)   Constr. rmsd
    2.21769e+02    1.43060e-06


DD  step 5889999  vol min/aver 0.853  load imb.: force  6.0%
           Step           Time
        5890000    11780.00000

   Energies (kJ/mol)
           Bond          Angle    Proper Dih.          LJ-14     Coulomb-14
    1.93595e+02    5.12676e+02    6.11799e+02    2.25991e+02    5.49858e+03
        LJ (SR)  Disper. corr.   Coulomb (SR)   Coul. recip.      Potential
    1.35015e+04   -3.52128e+02   -8.86804e+04    2.41254e+02   -6.82471e+04
    Kinetic En.   Total Energy  Conserved En.    Temperature Pres. DC (bar)
    1.19405e+04   -5.63066e+04   -5.11230e+04    3.01357e+02   -1.24793e+02
 Pressure (bar)   Constr. rmsd
    5.89061e+01    1.26483e-06


DD  load balancing is limited by minimum cell size in dimension Y
DD  step 5899999  vol min/aver 0.848! load imb.: force  7.2%
           Step           Time
        5900000    11800.00000

   Energies (kJ/mol)
           Bond          Angle    Proper Dih.          LJ-14     Coulomb-14
    1.83324e+02    4.45232e+02    6.10078e+02    2.22827e+02    5.45770e+03
        LJ (SR)  Disper. corr.   Coulomb (SR)   Coul. recip.      Potential
    1.35298e+04   -3.52128e+02   -8.86773e+04    2.26065e+02   -6.83544e+04
    Kinetic En.   Total Energy  Conserved En.    Temperature Pres. DC (bar)
    1.19899e+04   -5.63645e+04   -5.11256e+04    3.02602e+02   -1.24793e+02
 Pressure (bar)   Constr. rmsd
    1.34298e+02    1.08047e-06


DD  step 5909999  vol min/aver 0.883  load imb.: force  7.5%
           Step           Time
        5910000    11820.00000

   Energies (kJ/mol)
           Bond          Angle    Proper Dih.          LJ-14     Coulomb-14
    1.51528e+02    5.39471e+02    6.16819e+02    2.09673e+02    5.39545e+03
        LJ (SR)  Disper. corr.   Coulomb (SR)   Coul. recip.      Potential
    1.32762e+04   -3.52128e+02   -8.81915e+04    2.21934e+02   -6.81326e+04
    Kinetic En.   Total Energy  Conserved En.    Temperature Pres. DC (bar)
    1.22371e+04   -5.58955e+04   -5.11195e+04    3.08841e+02   -1.24793e+02
 Pressure (bar)   Constr. rmsd
   -4.97705e+01    9.98480e-07


DD  step 5919999  vol min/aver 0.878  load imb.: force  3.9%
           Step           Time
        5920000    11840.00000

   Energies (kJ/mol)
           Bond          Angle    Proper Dih.          LJ-14     Coulomb-14
    2.20849e+02    4.66529e+02    6.03875e+02    2.26679e+02    5.26700e+03
        LJ (SR)  Disper. corr.   Coulomb (SR)   Coul. recip.      Potential
    1.25819e+04   -3.52128e+02   -8.70378e+04    2.21991e+02   -6.78011e+04
    Kinetic En.   Total Energy  Conserved En.    Temperature Pres. DC (bar)
    1.21627e+04   -5.56384e+04   -5.11175e+04    3.06965e+02   -1.24793e+02
 Pressure (bar)   Constr. rmsd
   -8.83421e+02    1.20848e-06


DD  step 5929999  vol min/aver 0.897  load imb.: force  2.7%
           Step           Time
        5930000    11860.00000

   Energies (kJ/mol)
           Bond          Angle    Proper Dih.          LJ-14     Coulomb-14
    1.84070e+02    5.31650e+02    6.16444e+02    2.26893e+02    5.39488e+03
        LJ (SR)  Disper. corr.   Coulomb (SR)   Coul. recip.      Potential
    1.32367e+04   -3.52128e+02   -8.79950e+04    2.19770e+02   -6.79368e+04
    Kinetic En.   Total Energy  Conserved En.    Temperature Pres. DC (bar)
    1.19893e+04   -5.59474e+04   -5.11048e+04    3.02589e+02   -1.24793e+02
 Pressure (bar)   Constr. rmsd
   -2.09884e+02    1.42361e-06


DD  step 5939999  vol min/aver 0.858  load imb.: force  3.4%
           Step           Time
        5940000    11880.00000

   Energies (kJ/mol)
           Bond          Angle    Proper Dih.          LJ-14     Coulomb-14
    2.17066e+02    4.81528e+02    6.21078e+02    2.31315e+02    5.48539e+03
        LJ (SR)  Disper. corr.   Coulomb (SR)   Coul. recip.      Potential
    1.29204e+04   -3.52128e+02   -8.77704e+04    2.61960e+02   -6.79038e+04
    Kinetic En.   Total Energy  Conserved En.    Temperature Pres. DC (bar)
    1.18399e+04   -5.60639e+04   -5.10979e+04    2.98816e+02   -1.24793e+02
 Pressure (bar)   Constr. rmsd
   -6.33955e+02    2.21301e-06


DD  step 5949999  vol min/aver 0.887  load imb.: force  4.2%
           Step           Time
        5950000    11900.00000

   Energies (kJ/mol)
           Bond          Angle    Proper Dih.          LJ-14     Coulomb-14
    1.92468e+02    4.54759e+02    5.82236e+02    2.03796e+02    5.30933e+03
        LJ (SR)  Disper. corr.   Coulomb (SR)   Coul. recip.      Potential
    1.34652e+04   -3.52128e+02   -8.82625e+04    2.25246e+02   -6.81816e+04
    Kinetic En.   Total Energy  Conserved En.    Temperature Pres. DC (bar)
    1.17942e+04   -5.63874e+04   -5.10963e+04    2.97664e+02   -1.24793e+02
 Pressure (bar)   Constr. rmsd
   -1.52209e+02    1.00292e-06


DD  step 5959999  vol min/aver 0.879  load imb.: force  3.2%
           Step           Time
        5960000    11920.00000

   Energies (kJ/mol)
           Bond          Angle    Proper Dih.          LJ-14     Coulomb-14
    2.38137e+02    4.93374e+02    6.07570e+02    2.32066e+02    5.44571e+03
        LJ (SR)  Disper. corr.   Coulomb (SR)   Coul. recip.      Potential
    1.29302e+04   -3.52128e+02   -8.74248e+04    2.79625e+02   -6.75502e+04
    Kinetic En.   Total Energy  Conserved En.    Temperature Pres. DC (bar)
    1.16988e+04   -5.58514e+04   -5.10794e+04    2.95256e+02   -1.24793e+02
 Pressure (bar)   Constr. rmsd
   -1.94740e+02    3.32045e-06


DD  step 5969999  vol min/aver 0.836  load imb.: force  4.4%
           Step           Time
        5970000    11940.00000

   Energies (kJ/mol)
           Bond          Angle    Proper Dih.          LJ-14     Coulomb-14
    2.38250e+02    5.17001e+02    6.05254e+02    2.10976e+02    5.43682e+03
        LJ (SR)  Disper. corr.   Coulomb (SR)   Coul. recip.      Potential
    1.28657e+04   -3.52128e+02   -8.80396e+04    2.32100e+02   -6.82856e+04
    Kinetic En.   Total Energy  Conserved En.    Temperature Pres. DC (bar)
    1.20468e+04   -5.62388e+04   -5.10766e+04    3.04038e+02   -1.24793e+02
 Pressure (bar)   Constr. rmsd
   -8.29095e+02    2.31478e-06


DD  step 5979999  vol min/aver 0.890  load imb.: force  4.6%
           Step           Time
        5980000    11960.00000

   Energies (kJ/mol)
           Bond          Angle    Proper Dih.          LJ-14     Coulomb-14
    2.08636e+02    5.79493e+02    6.05514e+02    1.99171e+02    5.34168e+03
        LJ (SR)  Disper. corr.   Coulomb (SR)   Coul. recip.      Potential
    1.31983e+04   -3.52128e+02   -8.80427e+04    2.18840e+02   -6.80432e+04
    Kinetic En.   Total Energy  Conserved En.    Temperature Pres. DC (bar)
    1.21430e+04   -5.59002e+04   -5.10769e+04    3.06467e+02   -1.24793e+02
 Pressure (bar)   Constr. rmsd
   -3.69729e+02    1.21042e-06


DD  load balancing is limited by minimum cell size in dimension Y
DD  step 5989999  vol min/aver 0.863! load imb.: force  5.1%
           Step           Time
        5990000    11980.00000

   Energies (kJ/mol)
           Bond          Angle    Proper Dih.          LJ-14     Coulomb-14
    2.27103e+02    4.90660e+02    6.10427e+02    2.15215e+02    5.47956e+03
        LJ (SR)  Disper. corr.   Coulomb (SR)   Coul. recip.      Potential
    1.38043e+04   -3.52128e+02   -8.88950e+04    2.27757e+02   -6.81921e+04
    Kinetic En.   Total Energy  Conserved En.    Temperature Pres. DC (bar)
    1.16425e+04   -5.65497e+04   -5.10699e+04    2.93834e+02   -1.24793e+02
 Pressure (bar)   Constr. rmsd
    2.57355e+02    9.72823e-07


DD  step 5999999  vol min/aver 0.898  load imb.: force  3.4%
           Step           Time
        6000000    12000.00000

   Energies (kJ/mol)
           Bond          Angle    Proper Dih.          LJ-14     Coulomb-14
    1.81305e+02    3.84426e+02    6.19004e+02    2.24033e+02    5.59400e+03
        LJ (SR)  Disper. corr.   Coulomb (SR)   Coul. recip.      Potential
    1.30038e+04   -3.52128e+02   -8.77004e+04    2.34397e+02   -6.78116e+04
    Kinetic En.   Total Energy  Conserved En.    Temperature Pres. DC (bar)
    1.15426e+04   -5.62690e+04   -5.10677e+04    2.91314e+02   -1.24793e+02
 Pressure (bar)   Constr. rmsd
   -1.71684e+02    1.27838e-06


DD  step 6009999  vol min/aver 0.832  load imb.: force  2.9%
           Step           Time
        6010000    12020.00000

   Energies (kJ/mol)
           Bond          Angle    Proper Dih.          LJ-14     Coulomb-14
    2.11971e+02    5.07697e+02    5.94272e+02    2.18310e+02    5.47901e+03
        LJ (SR)  Disper. corr.   Coulomb (SR)   Coul. recip.      Potential
    1.30412e+04   -3.52128e+02   -8.76881e+04    2.33114e+02   -6.77547e+04
    Kinetic En.   Total Energy  Conserved En.    Temperature Pres. DC (bar)
    1.19704e+04   -5.57842e+04   -5.10609e+04    3.02112e+02   -1.24793e+02
 Pressure (bar)   Constr. rmsd
   -2.74917e+02    1.21125e-06


DD  step 6019999  vol min/aver 0.873  load imb.: force  2.8%
           Step           Time
        6020000    12040.00000

   Energies (kJ/mol)
           Bond          Angle    Proper Dih.          LJ-14     Coulomb-14
    1.89713e+02    4.80233e+02    6.04086e+02    2.29625e+02    5.49093e+03
        LJ (SR)  Disper. corr.   Coulomb (SR)   Coul. recip.      Potential
    1.33971e+04   -3.52128e+02   -8.81904e+04    2.23796e+02   -6.79271e+04
    Kinetic En.   Total Energy  Conserved En.    Temperature Pres. DC (bar)
    1.17436e+04   -5.61834e+04   -5.10483e+04    2.96387e+02   -1.24793e+02
 Pressure (bar)   Constr. rmsd
    2.13488e+02    1.20950e-06


DD  step 6029999  vol min/aver 0.847  load imb.: force  3.9%
           Step           Time
        6030000    12060.00000

   Energies (kJ/mol)
           Bond          Angle    Proper Dih.          LJ-14     Coulomb-14
    2.00549e+02    5.15430e+02    6.13869e+02    2.18793e+02    5.39969e+03
        LJ (SR)  Disper. corr.   Coulomb (SR)   Coul. recip.      Potential
    1.27779e+04   -3.52128e+02   -8.74948e+04    2.68591e+02   -6.78520e+04
    Kinetic En.   Total Energy  Conserved En.    Temperature Pres. DC (bar)
    1.19881e+04   -5.58639e+04   -5.10459e+04    3.02558e+02   -1.24793e+02
 Pressure (bar)   Constr. rmsd
   -4.56384e+02    7.91108e-07


DD  step 6039999  vol min/aver 0.829  load imb.: force  4.0%
           Step           Time
        6040000    12080.00000

   Energies (kJ/mol)
           Bond          Angle    Proper Dih.          LJ-14     Coulomb-14
    2.38847e+02    4.68109e+02    5.90101e+02    2.07858e+02    5.43142e+03
        LJ (SR)  Disper. corr.   Coulomb (SR)   Coul. recip.      Potential
    1.32336e+04   -3.52128e+02   -8.78266e+04    2.56951e+02   -6.77518e+04
    Kinetic En.   Total Energy  Conserved En.    Temperature Pres. DC (bar)
    1.19122e+04   -5.58397e+04   -5.10357e+04    3.00641e+02   -1.24793e+02
 Pressure (bar)   Constr. rmsd
   -3.56832e+02    1.42225e-06


DD  step 6049999  vol min/aver 0.875  load imb.: force  2.5%
           Step           Time
        6050000    12100.00000

   Energies (kJ/mol)
           Bond          Angle    Proper Dih.          LJ-14     Coulomb-14
    2.03299e+02    5.09035e+02    6.00007e+02    2.17810e+02    5.36024e+03
        LJ (SR)  Disper. corr.   Coulomb (SR)   Coul. recip.      Potential
    1.32919e+04   -3.52128e+02   -8.79944e+04    2.35574e+02   -6.79287e+04
    Kinetic En.   Total Energy  Conserved En.    Temperature Pres. DC (bar)
    1.18871e+04   -5.60417e+04   -5.10380e+04    3.00008e+02   -1.24793e+02
 Pressure (bar)   Constr. rmsd
    1.57829e+02    1.99211e-06


DD  step 6059999  vol min/aver 0.852  load imb.: force  4.7%
           Step           Time
        6060000    12120.00000

   Energies (kJ/mol)
           Bond          Angle    Proper Dih.          LJ-14     Coulomb-14
    2.15026e+02    4.83079e+02    6.02261e+02    2.03783e+02    5.40709e+03
        LJ (SR)  Disper. corr.   Coulomb (SR)   Coul. recip.      Potential
    1.30628e+04   -3.52128e+02   -8.82199e+04    2.30541e+02   -6.83675e+04
    Kinetic En.   Total Energy  Conserved En.    Temperature Pres. DC (bar)
    1.19962e+04   -5.63713e+04   -5.10366e+04    3.02761e+02   -1.24793e+02
 Pressure (bar)   Constr. rmsd
   -7.30917e+02    8.76671e-07


DD  step 6069999  vol min/aver 0.846  load imb.: force  3.0%
           Step           Time
        6070000    12140.00000

   Energies (kJ/mol)
           Bond          Angle    Proper Dih.          LJ-14     Coulomb-14
    1.80068e+02    4.51781e+02    5.95095e+02    2.33662e+02    5.36331e+03
        LJ (SR)  Disper. corr.   Coulomb (SR)   Coul. recip.      Potential
    1.31763e+04   -3.52128e+02   -8.78454e+04    2.21827e+02   -6.79754e+04
    Kinetic En.   Total Energy  Conserved En.    Temperature Pres. DC (bar)
    1.16642e+04   -5.63112e+04   -5.10343e+04    2.94383e+02   -1.24793e+02
 Pressure (bar)   Constr. rmsd
    8.54944e+01    1.15819e-06


DD  step 6079999  vol min/aver 0.871  load imb.: force  4.7%
           Step           Time
        6080000    12160.00000

   Energies (kJ/mol)
           Bond          Angle    Proper Dih.          LJ-14     Coulomb-14
    1.61696e+02    4.91752e+02    5.78036e+02    2.30592e+02    5.39743e+03
        LJ (SR)  Disper. corr.   Coulomb (SR)   Coul. recip.      Potential
    1.30606e+04   -3.52128e+02   -8.81171e+04    1.99606e+02   -6.83495e+04
    Kinetic En.   Total Energy  Conserved En.    Temperature Pres. DC (bar)
    1.19358e+04   -5.64137e+04   -5.10292e+04    3.01237e+02   -1.24793e+02
 Pressure (bar)   Constr. rmsd
   -4.33993e+02    2.05610e-06


DD  step 6089999  vol min/aver 0.839  load imb.: force  4.3%
           Step           Time
        6090000    12180.00000

   Energies (kJ/mol)
           Bond          Angle    Proper Dih.          LJ-14     Coulomb-14
    2.25734e+02    4.33869e+02    6.02414e+02    1.98439e+02    5.49255e+03
        LJ (SR)  Disper. corr.   Coulomb (SR)   Coul. recip.      Potential
    1.29453e+04   -3.52128e+02   -8.77773e+04    2.35021e+02   -6.79961e+04
    Kinetic En.   Total Energy  Conserved En.    Temperature Pres. DC (bar)
    1.18174e+04   -5.61787e+04   -5.10167e+04    2.98248e+02   -1.24793e+02
 Pressure (bar)   Constr. rmsd
   -6.35563e+02    1.64866e-06


DD  step 6099999  vol min/aver 0.851  load imb.: force  4.9%
           Step           Time
        6100000    12200.00000

   Energies (kJ/mol)
           Bond          Angle    Proper Dih.          LJ-14     Coulomb-14
    1.87317e+02    4.59405e+02    5.88395e+02    1.98971e+02    5.39904e+03
        LJ (SR)  Disper. corr.   Coulomb (SR)   Coul. recip.      Potential
    1.29255e+04   -3.52128e+02   -8.78613e+04    2.21208e+02   -6.82336e+04
    Kinetic En.   Total Energy  Conserved En.    Temperature Pres. DC (bar)
    1.21251e+04   -5.61084e+04   -5.10166e+04    3.06016e+02   -1.24793e+02
 Pressure (bar)   Constr. rmsd
   -6.48208e+02    1.34000e-06


DD  step 6109999  vol min/aver 0.865  load imb.: force  5.9%
           Step           Time
        6110000    12220.00000

   Energies (kJ/mol)
           Bond          Angle    Proper Dih.          LJ-14     Coulomb-14
    1.93806e+02    4.32938e+02    5.95186e+02    2.32179e+02    5.34672e+03
        LJ (SR)  Disper. corr.   Coulomb (SR)   Coul. recip.      Potential
    1.36384e+04   -3.52128e+02   -8.85658e+04    2.26641e+02   -6.82520e+04
    Kinetic En.   Total Energy  Conserved En.    Temperature Pres. DC (bar)
    1.17961e+04   -5.64559e+04   -5.10004e+04    2.97712e+02   -1.24793e+02
 Pressure (bar)   Constr. rmsd
    4.47663e+02    9.56446e-07


DD  step 6119999  vol min/aver 0.871  load imb.: force  2.3%
           Step           Time
        6120000    12240.00000

   Energies (kJ/mol)
           Bond          Angle    Proper Dih.          LJ-14     Coulomb-14
    1.73082e+02    4.10224e+02    5.86194e+02    1.95468e+02    5.43420e+03
        LJ (SR)  Disper. corr.   Coulomb (SR)   Coul. recip.      Potential
    1.25630e+04   -3.52128e+02   -8.72928e+04    2.45488e+02   -6.80372e+04
    Kinetic En.   Total Energy  Conserved En.    Temperature Pres. DC (bar)
    1.19353e+04   -5.61019e+04   -5.09919e+04    3.01225e+02   -1.24793e+02
 Pressure (bar)   Constr. rmsd
   -9.39358e+02    1.31442e-06


DD  step 6129999  vol min/aver 0.874  load imb.: force  5.8%
           Step           Time
        6130000    12260.00000

   Energies (kJ/mol)
           Bond          Angle    Proper Dih.          LJ-14     Coulomb-14
    1.85835e+02    5.66021e+02    6.09835e+02    2.34687e+02    5.39422e+03
        LJ (SR)  Disper. corr.   Coulomb (SR)   Coul. recip.      Potential
    1.32152e+04   -3.52128e+02   -8.78008e+04    2.34342e+02   -6.77127e+04
    Kinetic En.   Total Energy  Conserved En.    Temperature Pres. DC (bar)
    1.20567e+04   -5.56560e+04   -5.09832e+04    3.04289e+02   -1.24793e+02
 Pressure (bar)   Constr. rmsd
    2.51195e+02    1.76295e-06


DD  step 6139999  vol min/aver 0.862  load imb.: force  6.4%
           Step           Time
        6140000    12280.00000

   Energies (kJ/mol)
           Bond          Angle    Proper Dih.          LJ-14     Coulomb-14
    1.99426e+02    4.03603e+02    5.96770e+02    2.00296e+02    5.37494e+03
        LJ (SR)  Disper. corr.   Coulomb (SR)   Coul. recip.      Potential
    1.34106e+04   -3.52128e+02   -8.85506e+04    2.31609e+02   -6.84856e+04
    Kinetic En.   Total Energy  Conserved En.    Temperature Pres. DC (bar)
    1.18926e+04   -5.65929e+04   -5.09885e+04    3.00148e+02   -1.24793e+02
 Pressure (bar)   Constr. rmsd
   -1.99663e+02    1.04319e-06


DD  step 6149999  vol min/aver 0.866  load imb.: force  5.4%
           Step           Time
        6150000    12300.00000

   Energies (kJ/mol)
           Bond          Angle    Proper Dih.          LJ-14     Coulomb-14
    1.94617e+02    4.09482e+02    5.99755e+02    2.23922e+02    5.46911e+03
        LJ (SR)  Disper. corr.   Coulomb (SR)   Coul. recip.      Potential
    1.36476e+04   -3.52128e+02   -8.78851e+04    2.35014e+02   -6.74578e+04
    Kinetic En.   Total Energy  Conserved En.    Temperature Pres. DC (bar)
    1.18954e+04   -5.55623e+04   -5.09743e+04    3.00219e+02   -1.24793e+02
 Pressure (bar)   Constr. rmsd
    8.50803e+02    1.38464e-06


DD  step 6159999  vol min/aver 0.890  load imb.: force  6.0%
           Step           Time
        6160000    12320.00000

   Energies (kJ/mol)
           Bond          Angle    Proper Dih.          LJ-14     Coulomb-14
    2.00803e+02    4.51612e+02    5.86200e+02    2.12538e+02    5.33369e+03
        LJ (SR)  Disper. corr.   Coulomb (SR)   Coul. recip.      Potential
    1.30484e+04   -3.52128e+02   -8.77463e+04    2.31067e+02   -6.80342e+04
    Kinetic En.   Total Energy  Conserved En.    Temperature Pres. DC (bar)
    1.18106e+04   -5.62235e+04   -5.09559e+04    2.98079e+02   -1.24793e+02
 Pressure (bar)   Constr. rmsd
   -4.81506e+02    2.23695e-06


DD  step 6169999  vol min/aver 0.855  load imb.: force  3.2%
           Step           Time
        6170000    12340.00000

   Energies (kJ/mol)
           Bond          Angle    Proper Dih.          LJ-14     Coulomb-14
    1.86299e+02    4.50577e+02    5.99112e+02    2.18669e+02    5.30052e+03
        LJ (SR)  Disper. corr.   Coulomb (SR)   Coul. recip.      Potential
    1.32228e+04   -3.52128e+02   -8.83014e+04    2.34992e+02   -6.84406e+04
    Kinetic En.   Total Energy  Conserved En.    Temperature Pres. DC (bar)
    1.19220e+04   -5.65185e+04   -5.09450e+04    3.00890e+02   -1.24793e+02
 Pressure (bar)   Constr. rmsd
   -2.64695e+02    1.61645e-06


DD  step 6179999  vol min/aver 0.844  load imb.: force  7.1%
           Step           Time
        6180000    12360.00000

   Energies (kJ/mol)
           Bond          Angle    Proper Dih.          LJ-14     Coulomb-14
    2.20247e+02    5.16074e+02    6.15094e+02    2.21418e+02    5.29117e+03
        LJ (SR)  Disper. corr.   Coulomb (SR)   Coul. recip.      Potential
    1.31164e+04   -3.52128e+02   -8.76929e+04    2.39430e+02   -6.78251e+04
    Kinetic En.   Total Energy  Conserved En.    Temperature Pres. DC (bar)
    1.19651e+04   -5.58600e+04   -5.09365e+04    3.01977e+02   -1.24793e+02
 Pressure (bar)   Constr. rmsd
   -3.54967e+02    1.51255e-06


DD  step 6189999  vol min/aver 0.850  load imb.: force  3.6%
           Step           Time
        6190000    12380.00000

   Energies (kJ/mol)
           Bond          Angle    Proper Dih.          LJ-14     Coulomb-14
    2.34104e+02    4.50381e+02    5.95144e+02    2.19299e+02    5.31031e+03
        LJ (SR)  Disper. corr.   Coulomb (SR)   Coul. recip.      Potential
    1.32128e+04   -3.52128e+02   -8.78725e+04    2.33170e+02   -6.79694e+04
    Kinetic En.   Total Energy  Conserved En.    Temperature Pres. DC (bar)
    1.19768e+04   -5.59926e+04   -5.09305e+04    3.02272e+02   -1.24793e+02
 Pressure (bar)   Constr. rmsd
   -1.85135e+02    1.37725e-06


DD  step 6199999  vol min/aver 0.863  load imb.: force  4.8%
           Step           Time
        6200000    12400.00000

   Energies (kJ/mol)
           Bond          Angle    Proper Dih.          LJ-14     Coulomb-14
    1.63924e+02    5.14035e+02    5.93377e+02    2.29787e+02    5.34337e+03
        LJ (SR)  Disper. corr.   Coulomb (SR)   Coul. recip.      Potential
    1.31735e+04   -3.52128e+02   -8.77239e+04    2.30735e+02   -6.78273e+04
    Kinetic En.   Total Energy  Conserved En.    Temperature Pres. DC (bar)
    1.20076e+04   -5.58197e+04   -5.09203e+04    3.03050e+02   -1.24793e+02
 Pressure (bar)   Constr. rmsd
   -8.88898e+00    1.27703e-06


DD  step 6209999  vol min/aver 0.916  load imb.: force  3.7%
           Step           Time
        6210000    12420.00000

   Energies (kJ/mol)
           Bond          Angle    Proper Dih.          LJ-14     Coulomb-14
    1.79564e+02    4.88729e+02    5.89203e+02    2.26439e+02    5.35565e+03
        LJ (SR)  Disper. corr.   Coulomb (SR)   Coul. recip.      Potential
    1.29013e+04   -3.52128e+02   -8.76178e+04    2.58610e+02   -6.79705e+04
    Kinetic En.   Total Energy  Conserved En.    Temperature Pres. DC (bar)
    1.21958e+04   -5.57747e+04   -5.09170e+04    3.07798e+02   -1.24793e+02
 Pressure (bar)   Constr. rmsd
   -1.51090e+02    1.03907e-06


DD  step 6219999  vol min/aver 0.864  load imb.: force  4.7%
           Step           Time
        6220000    12440.00000

   Energies (kJ/mol)
           Bond          Angle    Proper Dih.          LJ-14     Coulomb-14
    2.01810e+02    5.52900e+02    5.81767e+02    2.30786e+02    5.21862e+03
        LJ (SR)  Disper. corr.   Coulomb (SR)   Coul. recip.      Potential
    1.34266e+04   -3.52128e+02   -8.80696e+04    2.23432e+02   -6.79858e+04
    Kinetic En.   Total Energy  Conserved En.    Temperature Pres. DC (bar)
    1.20655e+04   -5.59203e+04   -5.08985e+04    3.04511e+02   -1.24793e+02
 Pressure (bar)   Constr. rmsd
    1.04561e+02    2.27714e-06


DD  step 6229999  vol min/aver 0.870  load imb.: force  4.2%
           Step           Time
        6230000    12460.00000

   Energies (kJ/mol)
           Bond          Angle    Proper Dih.          LJ-14     Coulomb-14
    1.89614e+02    4.74060e+02    6.09358e+02    2.12206e+02    5.45449e+03
        LJ (SR)  Disper. corr.   Coulomb (SR)   Coul. recip.      Potential
    1.30543e+04   -3.52128e+02   -8.78597e+04    2.36927e+02   -6.79809e+04
    Kinetic En.   Total Energy  Conserved En.    Temperature Pres. DC (bar)
    1.17079e+04   -5.62729e+04   -5.09038e+04    2.95486e+02   -1.24793e+02
 Pressure (bar)   Constr. rmsd
   -3.47140e+02    1.52693e-06


DD  step 6239999  vol min/aver 0.838  load imb.: force  5.3%
           Step           Time
        6240000    12480.00000

   Energies (kJ/mol)
           Bond          Angle    Proper Dih.          LJ-14     Coulomb-14
    1.79125e+02    5.46577e+02    5.95010e+02    2.27625e+02    5.39928e+03
        LJ (SR)  Disper. corr.   Coulomb (SR)   Coul. recip.      Potential
    1.27117e+04   -3.52128e+02   -8.76482e+04    2.18460e+02   -6.81225e+04
    Kinetic En.   Total Energy  Conserved En.    Temperature Pres. DC (bar)
    1.17909e+04   -5.63316e+04   -5.08906e+04    2.97581e+02   -1.24793e+02
 Pressure (bar)   Constr. rmsd
   -5.26121e+02    2.21069e-06


DD  load balancing is limited by minimum cell size in dimension Y
DD  step 6249999  vol min/aver 0.877! load imb.: force  3.2%
           Step           Time
        6250000    12500.00000

   Energies (kJ/mol)
           Bond          Angle    Proper Dih.          LJ-14     Coulomb-14
    2.17790e+02    4.53438e+02    5.81546e+02    2.19508e+02    5.29088e+03
        LJ (SR)  Disper. corr.   Coulomb (SR)   Coul. recip.      Potential
    1.31294e+04   -3.52128e+02   -8.79077e+04    2.27270e+02   -6.81399e+04
    Kinetic En.   Total Energy  Conserved En.    Temperature Pres. DC (bar)
    1.18453e+04   -5.62947e+04   -5.08832e+04    2.98952e+02   -1.24793e+02
 Pressure (bar)   Constr. rmsd
   -2.15428e+02    9.44334e-07


DD  step 6259999  vol min/aver 0.879  load imb.: force  3.5%
           Step           Time
        6260000    12520.00000

   Energies (kJ/mol)
           Bond          Angle    Proper Dih.          LJ-14     Coulomb-14
    1.83662e+02    4.97471e+02    6.02207e+02    2.21103e+02    5.43601e+03
        LJ (SR)  Disper. corr.   Coulomb (SR)   Coul. recip.      Potential
    1.34085e+04   -3.52128e+02   -8.80697e+04    2.36727e+02   -6.78361e+04
    Kinetic En.   Total Energy  Conserved En.    Temperature Pres. DC (bar)
    1.19252e+04   -5.59109e+04   -5.08750e+04    3.00971e+02   -1.24793e+02
 Pressure (bar)   Constr. rmsd
    2.51313e+02    3.50391e-06


DD  step 6269999  vol min/aver 0.866  load imb.: force  3.9%
           Step           Time
        6270000    12540.00000

   Energies (kJ/mol)
           Bond          Angle    Proper Dih.          LJ-14     Coulomb-14
    2.06447e+02    5.35677e+02    6.17290e+02    2.19283e+02    5.46596e+03
        LJ (SR)  Disper. corr.   Coulomb (SR)   Coul. recip.      Potential
    1.29310e+04   -3.52128e+02   -8.82611e+04    2.24541e+02   -6.84130e+04
    Kinetic En.   Total Energy  Conserved En.    Temperature Pres. DC (bar)
    1.21030e+04   -5.63100e+04   -5.08707e+04    3.05458e+02   -1.24793e+02
 Pressure (bar)   Constr. rmsd
   -6.84659e+02    2.42124e-06


DD  step 6279999  vol min/aver 0.883  load imb.: force  4.4%
           Step           Time
        6280000    12560.00000

   Energies (kJ/mol)
           Bond          Angle    Proper Dih.          LJ-14     Coulomb-14
    1.93833e+02    4.46092e+02    6.02497e+02    2.24535e+02    5.33989e+03
        LJ (SR)  Disper. corr.   Coulomb (SR)   Coul. recip.      Potential
    1.35301e+04   -3.52128e+02   -8.80270e+04    2.31571e+02   -6.78107e+04
    Kinetic En.   Total Energy  Conserved En.    Temperature Pres. DC (bar)
    1.21130e+04   -5.56977e+04   -5.08627e+04    3.05710e+02   -1.24793e+02
 Pressure (bar)   Constr. rmsd
    3.92890e+02    1.77421e-06


DD  step 6289999  vol min/aver 0.852  load imb.: force  4.8%
           Step           Time
        6290000    12580.00000

   Energies (kJ/mol)
           Bond          Angle    Proper Dih.          LJ-14     Coulomb-14
    2.37247e+02    4.04037e+02    5.88964e+02    2.24873e+02    5.43477e+03
        LJ (SR)  Disper. corr.   Coulomb (SR)   Coul. recip.      Potential
    1.32080e+04   -3.52128e+02   -8.83345e+04    2.27784e+02   -6.83609e+04
    Kinetic En.   Total Energy  Conserved En.    Temperature Pres. DC (bar)
    1.16962e+04   -5.66647e+04   -5.08608e+04    2.95191e+02   -1.24793e+02
 Pressure (bar)   Constr. rmsd
   -2.41827e+02    1.29429e-06


DD  step 6299999  vol min/aver 0.845  load imb.: force  2.5%
           Step           Time
        6300000    12600.00000

   Energies (kJ/mol)
           Bond          Angle    Proper Dih.          LJ-14     Coulomb-14
    1.97677e+02    5.09373e+02    5.89813e+02    2.18650e+02    5.41582e+03
        LJ (SR)  Disper. corr.   Coulomb (SR)   Coul. recip.      Potential
    1.36384e+04   -3.52128e+02   -8.84920e+04    2.03892e+02   -6.80704e+04
    Kinetic En.   Total Energy  Conserved En.    Temperature Pres. DC (bar)
    1.18338e+04   -5.62367e+04   -5.08525e+04    2.98662e+02   -1.24793e+02
 Pressure (bar)   Constr. rmsd
   -2.11299e+01    1.00370e-06


DD  load balancing is limited by minimum cell size in dimension Y
DD  step 6309999  vol min/aver 0.884! load imb.: force  3.9%
           Step           Time
        6310000    12620.00000

   Energies (kJ/mol)
           Bond          Angle    Proper Dih.          LJ-14     Coulomb-14
    2.20866e+02    4.65414e+02    5.88930e+02    2.11492e+02    5.41361e+03
        LJ (SR)  Disper. corr.   Coulomb (SR)   Coul. recip.      Potential
    1.32395e+04   -3.52128e+02   -8.80983e+04    2.49597e+02   -6.80610e+04
    Kinetic En.   Total Energy  Conserved En.    Temperature Pres. DC (bar)
    1.19680e+04   -5.60930e+04   -5.08495e+04    3.02050e+02   -1.24793e+02
 Pressure (bar)   Constr. rmsd
   -2.37237e+02    1.18624e-06


DD  step 6319999  vol min/aver 0.828  load imb.: force  3.0%
           Step           Time
        6320000    12640.00000

   Energies (kJ/mol)
           Bond          Angle    Proper Dih.          LJ-14     Coulomb-14
    2.29549e+02    5.17022e+02    6.06234e+02    2.06943e+02    5.29630e+03
        LJ (SR)  Disper. corr.   Coulomb (SR)   Coul. recip.      Potential
    1.36246e+04   -3.52128e+02   -8.86663e+04    2.31508e+02   -6.83063e+04
    Kinetic En.   Total Energy  Conserved En.    Temperature Pres. DC (bar)
    1.18214e+04   -5.64849e+04   -5.08360e+04    2.98349e+02   -1.24793e+02
 Pressure (bar)   Constr. rmsd
    9.03570e+01    1.39816e-06


DD  load balancing is limited by minimum cell size in dimension Y
DD  step 6329999  vol min/aver 0.853! load imb.: force  3.6%
           Step           Time
        6330000    12660.00000

   Energies (kJ/mol)
           Bond          Angle    Proper Dih.          LJ-14     Coulomb-14
    1.90168e+02    5.02965e+02    6.22877e+02    2.11364e+02    5.36069e+03
        LJ (SR)  Disper. corr.   Coulomb (SR)   Coul. recip.      Potential
    1.28610e+04   -3.52128e+02   -8.79428e+04    2.37952e+02   -6.83079e+04
    Kinetic En.   Total Energy  Conserved En.    Temperature Pres. DC (bar)
    1.21326e+04   -5.61752e+04   -5.08418e+04    3.06205e+02   -1.24793e+02
 Pressure (bar)   Constr. rmsd
   -6.53599e+02    1.43615e-06


DD  step 6339999  vol min/aver 0.850  load imb.: force  5.3%
           Step           Time
        6340000    12680.00000

   Energies (kJ/mol)
           Bond          Angle    Proper Dih.          LJ-14     Coulomb-14
    2.24828e+02    5.07939e+02    6.06122e+02    2.32683e+02    5.32758e+03
        LJ (SR)  Disper. corr.   Coulomb (SR)   Coul. recip.      Potential
    1.34545e+04   -3.52128e+02   -8.85520e+04    2.11029e+02   -6.83394e+04
    Kinetic En.   Total Energy  Conserved En.    Temperature Pres. DC (bar)
    1.17564e+04   -5.65830e+04   -5.08316e+04    2.96710e+02   -1.24793e+02
 Pressure (bar)   Constr. rmsd
    2.84543e+01    2.24502e-06


DD  step 6349999  vol min/aver 0.844  load imb.: force  3.2%
           Step           Time
        6350000    12700.00000

   Energies (kJ/mol)
           Bond          Angle    Proper Dih.          LJ-14     Coulomb-14
    1.50600e+02    4.42662e+02    6.10427e+02    2.19396e+02    5.44108e+03
        LJ (SR)  Disper. corr.   Coulomb (SR)   Coul. recip.      Potential
    1.34135e+04   -3.52128e+02   -8.80262e+04    2.30214e+02   -6.78704e+04
    Kinetic En.   Total Energy  Conserved En.    Temperature Pres. DC (bar)
    1.17067e+04   -5.61636e+04   -5.08244e+04    2.95456e+02   -1.24793e+02
 Pressure (bar)   Constr. rmsd
    3.05043e+02    1.27908e-06


DD  step 6359999  vol min/aver 0.841  load imb.: force  3.8%
           Step           Time
        6360000    12720.00000

   Energies (kJ/mol)
           Bond          Angle    Proper Dih.          LJ-14     Coulomb-14
    1.97957e+02    4.43007e+02    6.07610e+02    2.15946e+02    5.42519e+03
        LJ (SR)  Disper. corr.   Coulomb (SR)   Coul. recip.      Potential
    1.38273e+04   -3.52128e+02   -8.94446e+04    2.49465e+02   -6.88302e+04
    Kinetic En.   Total Energy  Conserved En.    Temperature Pres. DC (bar)
    1.19446e+04   -5.68856e+04   -5.08125e+04    3.01460e+02   -1.24793e+02
 Pressure (bar)   Constr. rmsd
    1.04882e+02    1.52796e-06


DD  step 6369999  vol min/aver 0.858  load imb.: force  7.4%
           Step           Time
        6370000    12740.00000

   Energies (kJ/mol)
           Bond          Angle    Proper Dih.          LJ-14     Coulomb-14
    2.47263e+02    4.64445e+02    6.12506e+02    2.08164e+02    5.35441e+03
        LJ (SR)  Disper. corr.   Coulomb (SR)   Coul. recip.      Potential
    1.34069e+04   -3.52128e+02   -8.85504e+04    2.43530e+02   -6.83654e+04
    Kinetic En.   Total Energy  Conserved En.    Temperature Pres. DC (bar)
    1.18714e+04   -5.64939e+04   -5.08022e+04    2.99613e+02   -1.24793e+02
 Pressure (bar)   Constr. rmsd
   -1.81480e+02    1.27382e-06


DD  step 6379999  vol min/aver 0.821  load imb.: force  3.7%
           Step           Time
        6380000    12760.00000

   Energies (kJ/mol)
           Bond          Angle    Proper Dih.          LJ-14     Coulomb-14
    1.80802e+02    5.05775e+02    6.07644e+02    2.25817e+02    5.44533e+03
        LJ (SR)  Disper. corr.   Coulomb (SR)   Coul. recip.      Potential
    1.28662e+04   -3.52128e+02   -8.74159e+04    2.41123e+02   -6.76953e+04
    Kinetic En.   Total Energy  Conserved En.    Temperature Pres. DC (bar)
    1.18896e+04   -5.58058e+04   -5.07972e+04    3.00070e+02   -1.24793e+02
 Pressure (bar)   Constr. rmsd
   -2.77427e+02    1.18474e-06


DD  step 6389999  vol min/aver 0.856  load imb.: force  2.6%
           Step           Time
        6390000    12780.00000

   Energies (kJ/mol)
           Bond          Angle    Proper Dih.          LJ-14     Coulomb-14
    1.46657e+02    5.03143e+02    6.14973e+02    2.38473e+02    5.38804e+03
        LJ (SR)  Disper. corr.   Coulomb (SR)   Coul. recip.      Potential
    1.34596e+04   -3.52128e+02   -8.81857e+04    2.24321e+02   -6.79627e+04
    Kinetic En.   Total Energy  Conserved En.    Temperature Pres. DC (bar)
    1.18270e+04   -5.61357e+04   -5.07822e+04    2.98491e+02   -1.24793e+02
 Pressure (bar)   Constr. rmsd
    6.02333e+02    1.69687e-06


DD  step 6399999  vol min/aver 0.868  load imb.: force  4.7%
           Step           Time
        6400000    12800.00000

   Energies (kJ/mol)
           Bond          Angle    Proper Dih.          LJ-14     Coulomb-14
    1.96089e+02    4.73402e+02    6.21938e+02    2.44437e+02    5.51811e+03
        LJ (SR)  Disper. corr.   Coulomb (SR)   Coul. recip.      Potential
    1.32965e+04   -3.52128e+02   -8.83938e+04    2.07559e+02   -6.81879e+04
    Kinetic En.   Total Energy  Conserved En.    Temperature Pres. DC (bar)
    1.20769e+04   -5.61111e+04   -5.07779e+04    3.04798e+02   -1.24793e+02
 Pressure (bar)   Constr. rmsd
    1.34502e+02    1.47901e-06


DD  step 6409999  vol min/aver 0.849  load imb.: force  4.9%
           Step           Time
        6410000    12820.00000

   Energies (kJ/mol)
           Bond          Angle    Proper Dih.          LJ-14     Coulomb-14
    1.82016e+02    4.31233e+02    6.23792e+02    2.12783e+02    5.36044e+03
        LJ (SR)  Disper. corr.   Coulomb (SR)   Coul. recip.      Potential
    1.37585e+04   -3.52128e+02   -8.88391e+04    1.99689e+02   -6.84228e+04
    Kinetic En.   Total Energy  Conserved En.    Temperature Pres. DC (bar)
    1.17994e+04   -5.66234e+04   -5.07755e+04    2.97795e+02   -1.24793e+02
 Pressure (bar)   Constr. rmsd
    3.68517e+02    1.31658e-06


DD  step 6419999  vol min/aver 0.856  load imb.: force  3.4%
           Step           Time
        6420000    12840.00000

   Energies (kJ/mol)
           Bond          Angle    Proper Dih.          LJ-14     Coulomb-14
    1.96949e+02    5.00582e+02    6.07179e+02    2.07304e+02    5.53029e+03
        LJ (SR)  Disper. corr.   Coulomb (SR)   Coul. recip.      Potential
    1.33110e+04   -3.52128e+02   -8.86144e+04    2.25150e+02   -6.83880e+04
    Kinetic En.   Total Energy  Conserved En.    Temperature Pres. DC (bar)
    1.20098e+04   -5.63783e+04   -5.07667e+04    3.03104e+02   -1.24793e+02
 Pressure (bar)   Constr. rmsd
   -2.75819e+02    8.93762e-07


DD  step 6429999  vol min/aver 0.885  load imb.: force  1.4%
           Step           Time
        6430000    12860.00000

   Energies (kJ/mol)
           Bond          Angle    Proper Dih.          LJ-14     Coulomb-14
    2.27637e+02    4.61042e+02    5.95832e+02    2.03708e+02    5.39343e+03
        LJ (SR)  Disper. corr.   Coulomb (SR)   Coul. recip.      Potential
    1.30164e+04   -3.52128e+02   -8.81278e+04    2.33070e+02   -6.83488e+04
    Kinetic En.   Total Energy  Conserved En.    Temperature Pres. DC (bar)
    1.18725e+04   -5.64763e+04   -5.07591e+04    2.99640e+02   -1.24793e+02
 Pressure (bar)   Constr. rmsd
   -6.92042e+02    1.22847e-06


DD  step 6439999  vol min/aver 0.807  load imb.: force  3.7%
           Step           Time
        6440000    12880.00000

   Energies (kJ/mol)
           Bond          Angle    Proper Dih.          LJ-14     Coulomb-14
    2.15499e+02    4.41073e+02    6.23071e+02    2.26869e+02    5.39695e+03
        LJ (SR)  Disper. corr.   Coulomb (SR)   Coul. recip.      Potential
    1.31422e+04   -3.52128e+02   -8.81895e+04    2.28661e+02   -6.82673e+04
    Kinetic En.   Total Energy  Conserved En.    Temperature Pres. DC (bar)
    1.16534e+04   -5.66138e+04   -5.07503e+04    2.94111e+02   -1.24793e+02
 Pressure (bar)   Constr. rmsd
   -3.74434e+02    9.34406e-07


DD  step 6449999  vol min/aver 0.836  load imb.: force  3.0%
           Step           Time
        6450000    12900.00000

   Energies (kJ/mol)
           Bond          Angle    Proper Dih.          LJ-14     Coulomb-14
    2.20593e+02    4.58070e+02    6.19931e+02    2.01958e+02    5.41167e+03
        LJ (SR)  Disper. corr.   Coulomb (SR)   Coul. recip.      Potential
    1.29717e+04   -3.52128e+02   -8.77766e+04    2.38547e+02   -6.80062e+04
    Kinetic En.   Total Energy  Conserved En.    Temperature Pres. DC (bar)
    1.16012e+04   -5.64050e+04   -5.07439e+04    2.92794e+02   -1.24793e+02
 Pressure (bar)   Constr. rmsd
   -7.54516e+02    2.16694e-06


DD  step 6459999  vol min/aver 0.899  load imb.: force  4.0%
           Step           Time
        6460000    12920.00000

   Energies (kJ/mol)
           Bond          Angle    Proper Dih.          LJ-14     Coulomb-14
    1.48730e+02    4.77978e+02    6.35753e+02    2.08795e+02    5.47566e+03
        LJ (SR)  Disper. corr.   Coulomb (SR)   Coul. recip.      Potential
    1.35408e+04   -3.52128e+02   -8.85106e+04    2.31966e+02   -6.81430e+04
    Kinetic En.   Total Energy  Conserved En.    Temperature Pres. DC (bar)
    1.15796e+04   -5.65634e+04   -5.07423e+04    2.92247e+02   -1.24793e+02
 Pressure (bar)   Constr. rmsd
    1.35783e+02    2.97264e-06


DD  step 6469999  vol min/aver 0.905  load imb.: force  4.6%
           Step           Time
        6470000    12940.00000

   Energies (kJ/mol)
           Bond          Angle    Proper Dih.          LJ-14     Coulomb-14
    2.29949e+02    4.73566e+02    6.04956e+02    2.31827e+02    5.52271e+03
        LJ (SR)  Disper. corr.   Coulomb (SR)   Coul. recip.      Potential
    1.29372e+04   -3.52128e+02   -8.77631e+04    2.44386e+02   -6.78706e+04
    Kinetic En.   Total Energy  Conserved En.    Temperature Pres. DC (bar)
    1.22149e+04   -5.56557e+04   -5.07279e+04    3.08282e+02   -1.24793e+02
 Pressure (bar)   Constr. rmsd
   -4.91289e+02    1.21371e-06


DD  step 6479999  vol min/aver 0.885  load imb.: force  4.5%
           Step           Time
        6480000    12960.00000

   Energies (kJ/mol)
           Bond          Angle    Proper Dih.          LJ-14     Coulomb-14
    2.19734e+02    5.06731e+02    6.06786e+02    1.91807e+02    5.39235e+03
        LJ (SR)  Disper. corr.   Coulomb (SR)   Coul. recip.      Potential
    1.29278e+04   -3.52128e+02   -8.76920e+04    2.46999e+02   -6.79519e+04
    Kinetic En.   Total Energy  Conserved En.    Temperature Pres. DC (bar)
    1.17810e+04   -5.61709e+04   -5.07198e+04    2.97332e+02   -1.24793e+02
 Pressure (bar)   Constr. rmsd
   -8.85307e+02    1.90470e-06


DD  step 6489999  vol min/aver 0.888  load imb.: force  5.9%
           Step           Time
        6490000    12980.00000

   Energies (kJ/mol)
           Bond          Angle    Proper Dih.          LJ-14     Coulomb-14
    1.78581e+02    4.92515e+02    5.84910e+02    2.09289e+02    5.34622e+03
        LJ (SR)  Disper. corr.   Coulomb (SR)   Coul. recip.      Potential
    1.31436e+04   -3.52128e+02   -8.77668e+04    2.36740e+02   -6.79270e+04
    Kinetic En.   Total Energy  Conserved En.    Temperature Pres. DC (bar)
    1.19715e+04   -5.59555e+04   -5.07047e+04    3.02139e+02   -1.24793e+02
 Pressure (bar)   Constr. rmsd
   -7.01581e+01    2.11347e-06


DD  step 6499999  vol min/aver 0.867  load imb.: force  4.1%
           Step           Time
        6500000    13000.00000

   Energies (kJ/mol)
           Bond          Angle    Proper Dih.          LJ-14     Coulomb-14
    2.35893e+02    4.79521e+02    6.35071e+02    2.34054e+02    5.47935e+03
        LJ (SR)  Disper. corr.   Coulomb (SR)   Coul. recip.      Potential
    1.34041e+04   -3.52128e+02   -8.83626e+04    2.30741e+02   -6.80159e+04
    Kinetic En.   Total Energy  Conserved En.    Temperature Pres. DC (bar)
    1.19263e+04   -5.60896e+04   -5.06961e+04    3.00998e+02   -1.24793e+02
 Pressure (bar)   Constr. rmsd
    6.70721e+01    3.00459e-06


DD  step 6509999  vol min/aver 0.845  load imb.: force  5.8%
           Step           Time
        6510000    13020.00000

   Energies (kJ/mol)
           Bond          Angle    Proper Dih.          LJ-14     Coulomb-14
    2.13811e+02    4.76653e+02    6.44488e+02    2.05664e+02    5.49112e+03
        LJ (SR)  Disper. corr.   Coulomb (SR)   Coul. recip.      Potential
    1.33375e+04   -3.52128e+02   -8.80860e+04    2.44098e+02   -6.78248e+04
    Kinetic En.   Total Energy  Conserved En.    Temperature Pres. DC (bar)
    1.19082e+04   -5.59166e+04   -5.06946e+04    3.00540e+02   -1.24793e+02
 Pressure (bar)   Constr. rmsd
   -1.17082e+02    2.84576e-06


DD  load balancing is limited by minimum cell size in dimension Y
DD  step 6519999  vol min/aver 0.873! load imb.: force  3.8%
           Step           Time
        6520000    13040.00000

   Energies (kJ/mol)
           Bond          Angle    Proper Dih.          LJ-14     Coulomb-14
    2.31630e+02    5.24289e+02    6.13317e+02    2.21144e+02    5.45039e+03
        LJ (SR)  Disper. corr.   Coulomb (SR)   Coul. recip.      Potential
    1.33991e+04   -3.52128e+02   -8.85471e+04    2.18859e+02   -6.82404e+04
    Kinetic En.   Total Energy  Conserved En.    Temperature Pres. DC (bar)
    1.20775e+04   -5.61629e+04   -5.06810e+04    3.04814e+02   -1.24793e+02
 Pressure (bar)   Constr. rmsd
   -1.49204e+02    1.07177e-06


DD  step 6529999  vol min/aver 0.855  load imb.: force  2.5%
           Step           Time
        6530000    13060.00000

   Energies (kJ/mol)
           Bond          Angle    Proper Dih.          LJ-14     Coulomb-14
    1.89379e+02    4.69942e+02    6.28697e+02    2.03546e+02    5.42309e+03
        LJ (SR)  Disper. corr.   Coulomb (SR)   Coul. recip.      Potential
    1.30075e+04   -3.52128e+02   -8.76902e+04    2.75292e+02   -6.78449e+04
    Kinetic En.   Total Energy  Conserved En.    Temperature Pres. DC (bar)
    1.22766e+04   -5.55683e+04   -5.06775e+04    3.09839e+02   -1.24793e+02
 Pressure (bar)   Constr. rmsd
   -2.73628e+02    1.03110e-06


DD  step 6539999  vol min/aver 0.833  load imb.: force  7.3%
           Step           Time
        6540000    13080.00000

   Energies (kJ/mol)
           Bond          Angle    Proper Dih.          LJ-14     Coulomb-14
    2.03788e+02    5.26120e+02    6.05116e+02    1.97269e+02    5.39106e+03
        LJ (SR)  Disper. corr.   Coulomb (SR)   Coul. recip.      Potential
    1.29870e+04   -3.52128e+02   -8.79296e+04    2.10911e+02   -6.81605e+04
    Kinetic En.   Total Energy  Conserved En.    Temperature Pres. DC (bar)
    1.19283e+04   -5.62322e+04   -5.06646e+04    3.01049e+02   -1.24793e+02
 Pressure (bar)   Constr. rmsd
   -6.93990e+02    1.10332e-06


DD  step 6549999  vol min/aver 0.925  load imb.: force  4.9%
           Step           Time
        6550000    13100.00000

   Energies (kJ/mol)
           Bond          Angle    Proper Dih.          LJ-14     Coulomb-14
    2.15831e+02    5.14522e+02    6.35475e+02    2.16771e+02    5.54736e+03
        LJ (SR)  Disper. corr.   Coulomb (SR)   Coul. recip.      Potential
    1.30300e+04   -3.52128e+02   -8.75316e+04    2.27877e+02   -6.74958e+04
    Kinetic En.   Total Energy  Conserved En.    Temperature Pres. DC (bar)
    1.18387e+04   -5.56571e+04   -5.06508e+04    2.98787e+02   -1.24793e+02
 Pressure (bar)   Constr. rmsd
   -1.46687e+02    1.25345e-06


DD  load balancing is limited by minimum cell size in dimension Y
DD  step 6559999  vol min/aver 0.857! load imb.: force  4.1%
           Step           Time
        6560000    13120.00000

   Energies (kJ/mol)
           Bond          Angle    Proper Dih.          LJ-14     Coulomb-14
    2.29253e+02    4.80866e+02    5.98276e+02    2.11246e+02    5.48711e+03
        LJ (SR)  Disper. corr.   Coulomb (SR)   Coul. recip.      Potential
    1.32674e+04   -3.52128e+02   -8.83454e+04    2.31485e+02   -6.81920e+04
    Kinetic En.   Total Energy  Conserved En.    Temperature Pres. DC (bar)
    1.18708e+04   -5.63212e+04   -5.06515e+04    2.99597e+02   -1.24793e+02
 Pressure (bar)   Constr. rmsd
   -2.64327e+02    1.40640e-06


DD  step 6569999  vol min/aver 0.889  load imb.: force  1.9%
           Step           Time
        6570000    13140.00000

   Energies (kJ/mol)
           Bond          Angle    Proper Dih.          LJ-14     Coulomb-14
    1.87551e+02    5.16121e+02    6.02469e+02    2.18479e+02    5.48982e+03
        LJ (SR)  Disper. corr.   Coulomb (SR)   Coul. recip.      Potential
    1.34850e+04   -3.52128e+02   -8.84238e+04    2.22748e+02   -6.80537e+04
    Kinetic En.   Total Energy  Conserved En.    Temperature Pres. DC (bar)
    1.15726e+04   -5.64811e+04   -5.06396e+04    2.92072e+02   -1.24793e+02
 Pressure (bar)   Constr. rmsd
    2.17877e+02    1.69689e-06


DD  load balancing is limited by minimum cell size in dimension Y
DD  step 6579999  vol min/aver 0.866! load imb.: force  2.9%
           Step           Time
        6580000    13160.00000

   Energies (kJ/mol)
           Bond          Angle    Proper Dih.          LJ-14     Coulomb-14
    1.94838e+02    4.65296e+02    6.10117e+02    2.22911e+02    5.48040e+03
        LJ (SR)  Disper. corr.   Coulomb (SR)   Coul. recip.      Potential
    1.30451e+04   -3.52128e+02   -8.79368e+04    2.39654e+02   -6.80306e+04
    Kinetic En.   Total Energy  Conserved En.    Temperature Pres. DC (bar)
    1.20959e+04   -5.59347e+04   -5.06444e+04    3.05277e+02   -1.24793e+02
 Pressure (bar)   Constr. rmsd
   -2.65332e+02    1.67844e-06


DD  step 6589999  vol min/aver 0.871  load imb.: force  3.1%
           Step           Time
        6590000    13180.00000

   Energies (kJ/mol)
           Bond          Angle    Proper Dih.          LJ-14     Coulomb-14
    2.42932e+02    4.19647e+02    6.23353e+02    2.10369e+02    5.36674e+03
        LJ (SR)  Disper. corr.   Coulomb (SR)   Coul. recip.      Potential
    1.31422e+04   -3.52128e+02   -8.78074e+04    2.16149e+02   -6.79381e+04
    Kinetic En.   Total Energy  Conserved En.    Temperature Pres. DC (bar)
    1.20693e+04   -5.58688e+04   -5.06340e+04    3.04608e+02   -1.24793e+02
 Pressure (bar)   Constr. rmsd
   -3.24958e+02    1.41911e-06


DD  step 6599999  vol min/aver 0.889  load imb.: force  3.8%
           Step           Time
        6600000    13200.00000

   Energies (kJ/mol)
           Bond          Angle    Proper Dih.          LJ-14     Coulomb-14
    2.04774e+02    4.52915e+02    6.12051e+02    2.03361e+02    5.35081e+03
        LJ (SR)  Disper. corr.   Coulomb (SR)   Coul. recip.      Potential
    1.29389e+04   -3.52128e+02   -8.72912e+04    2.19961e+02   -6.76606e+04
    Kinetic En.   Total Energy  Conserved En.    Temperature Pres. DC (bar)
    1.17452e+04   -5.59154e+04   -5.06265e+04    2.96428e+02   -1.24793e+02
 Pressure (bar)   Constr. rmsd
   -4.41911e+02    2.89117e-06


DD  step 6609999  vol min/aver 0.869  load imb.: force  5.7%
           Step           Time
        6610000    13220.00000

   Energies (kJ/mol)
           Bond          Angle    Proper Dih.          LJ-14     Coulomb-14
    2.18379e+02    4.36972e+02    5.87127e+02    1.96222e+02    5.34771e+03
        LJ (SR)  Disper. corr.   Coulomb (SR)   Coul. recip.      Potential
    1.29820e+04   -3.52128e+02   -8.79195e+04    2.31020e+02   -6.82722e+04
    Kinetic En.   Total Energy  Conserved En.    Temperature Pres. DC (bar)
    1.17792e+04   -5.64930e+04   -5.06157e+04    2.97284e+02   -1.24793e+02
 Pressure (bar)   Constr. rmsd
   -6.54117e+02    2.75758e-06


DD  step 6619999  vol min/aver 0.892  load imb.: force  4.3%
           Step           Time
        6620000    13240.00000

   Energies (kJ/mol)
           Bond          Angle    Proper Dih.          LJ-14     Coulomb-14
    1.78177e+02    4.98859e+02    6.11896e+02    2.14723e+02    5.40095e+03
        LJ (SR)  Disper. corr.   Coulomb (SR)   Coul. recip.      Potential
    1.29024e+04   -3.52128e+02   -8.76035e+04    2.39201e+02   -6.79095e+04
    Kinetic En.   Total Energy  Conserved En.    Temperature Pres. DC (bar)
    1.19491e+04   -5.59604e+04   -5.06086e+04    3.01573e+02   -1.24793e+02
 Pressure (bar)   Constr. rmsd
   -3.46544e+02    1.60997e-06


DD  step 6629999  vol min/aver 0.898  load imb.: force  4.1%
           Step           Time
        6630000    13260.00000

   Energies (kJ/mol)
           Bond          Angle    Proper Dih.          LJ-14     Coulomb-14
    2.14326e+02    4.93681e+02    6.09491e+02    2.38059e+02    5.41074e+03
        LJ (SR)  Disper. corr.   Coulomb (SR)   Coul. recip.      Potential
    1.32146e+04   -3.52128e+02   -8.80724e+04    2.08506e+02   -6.80351e+04
    Kinetic En.   Total Energy  Conserved En.    Temperature Pres. DC (bar)
    1.19704e+04   -5.60647e+04   -5.06000e+04    3.02111e+02   -1.24793e+02
 Pressure (bar)   Constr. rmsd
   -2.19240e+01    1.09681e-06


DD  step 6639999  vol min/aver 0.888  load imb.: force  4.2%
           Step           Time
        6640000    13280.00000

   Energies (kJ/mol)
           Bond          Angle    Proper Dih.          LJ-14     Coulomb-14
    2.33938e+02    3.93489e+02    6.05122e+02    2.02368e+02    5.33855e+03
        LJ (SR)  Disper. corr.   Coulomb (SR)   Coul. recip.      Potential
    1.30221e+04   -3.52128e+02   -8.79057e+04    2.06004e+02   -6.82563e+04
    Kinetic En.   Total Energy  Conserved En.    Temperature Pres. DC (bar)
    1.20537e+04   -5.62025e+04   -5.05970e+04    3.04214e+02   -1.24793e+02
 Pressure (bar)   Constr. rmsd
   -4.83149e+02    1.03766e-06


DD  step 6649999  vol min/aver 0.916  load imb.: force  7.7%
           Step           Time
        6650000    13300.00000

   Energies (kJ/mol)
           Bond          Angle    Proper Dih.          LJ-14     Coulomb-14
    1.62833e+02    5.15643e+02    6.05789e+02    2.22392e+02    5.38338e+03
        LJ (SR)  Disper. corr.   Coulomb (SR)   Coul. recip.      Potential
    1.36444e+04   -3.52128e+02   -8.88129e+04    2.13064e+02   -6.84176e+04
    Kinetic En.   Total Energy  Conserved En.    Temperature Pres. DC (bar)
    1.18544e+04   -5.65632e+04   -5.05871e+04    2.99184e+02   -1.24793e+02
 Pressure (bar)   Constr. rmsd
    4.06303e+02    8.41563e-07


DD  step 6659999  vol min/aver 0.898  load imb.: force  7.6%
           Step           Time
        6660000    13320.00000

   Energies (kJ/mol)
           Bond          Angle    Proper Dih.          LJ-14     Coulomb-14
    2.41585e+02    5.02231e+02    5.83939e+02    2.20499e+02    5.39625e+03
        LJ (SR)  Disper. corr.   Coulomb (SR)   Coul. recip.      Potential
    1.31993e+04   -3.52128e+02   -8.76493e+04    2.36694e+02   -6.76210e+04
    Kinetic En.   Total Energy  Conserved En.    Temperature Pres. DC (bar)
    1.17824e+04   -5.58386e+04   -5.05746e+04    2.97365e+02   -1.24793e+02
 Pressure (bar)   Constr. rmsd
    8.55646e+01    2.32160e-06


DD  step 6669999  vol min/aver 0.863  load imb.: force  4.3%
           Step           Time
        6670000    13340.00000

   Energies (kJ/mol)
           Bond          Angle    Proper Dih.          LJ-14     Coulomb-14
    1.49040e+02    4.62221e+02    5.89703e+02    2.33286e+02    5.33545e+03
        LJ (SR)  Disper. corr.   Coulomb (SR)   Coul. recip.      Potential
    1.32269e+04   -3.52128e+02   -8.79342e+04    2.24169e+02   -6.80656e+04
    Kinetic En.   Total Energy  Conserved En.    Temperature Pres. DC (bar)
    1.19194e+04   -5.61461e+04   -5.05803e+04    3.00824e+02   -1.24793e+02
 Pressure (bar)   Constr. rmsd
    2.08136e+02    1.16260e-06


DD  step 6679999  vol min/aver 0.877  load imb.: force  3.5%
           Step           Time
        6680000    13360.00000

   Energies (kJ/mol)
           Bond          Angle    Proper Dih.          LJ-14     Coulomb-14
    1.77388e+02    4.75377e+02    5.90947e+02    2.40337e+02    5.37043e+03
        LJ (SR)  Disper. corr.   Coulomb (SR)   Coul. recip.      Potential
    1.36635e+04   -3.52128e+02   -8.87049e+04    2.34650e+02   -6.83044e+04
    Kinetic En.   Total Energy  Conserved En.    Temperature Pres. DC (bar)
    1.19970e+04   -5.63073e+04   -5.05607e+04    3.02783e+02   -1.24793e+02
 Pressure (bar)   Constr. rmsd
    4.38858e+02    1.17633e-06


DD  step 6689999  vol min/aver 0.838  load imb.: force  5.0%
           Step           Time
        6690000    13380.00000

   Energies (kJ/mol)
           Bond          Angle    Proper Dih.          LJ-14     Coulomb-14
    2.13581e+02    4.68807e+02    5.96960e+02    2.00638e+02    5.42741e+03
        LJ (SR)  Disper. corr.   Coulomb (SR)   Coul. recip.      Potential
    1.34430e+04   -3.52128e+02   -8.87288e+04    2.36922e+02   -6.84936e+04
    Kinetic En.   Total Energy  Conserved En.    Temperature Pres. DC (bar)
    1.18612e+04   -5.66325e+04   -5.05606e+04    2.99354e+02   -1.24793e+02
 Pressure (bar)   Constr. rmsd
   -3.81069e+02    9.24554e-07


DD  step 6699999  vol min/aver 0.866  load imb.: force  5.6%
           Step           Time
        6700000    13400.00000

   Energies (kJ/mol)
           Bond          Angle    Proper Dih.          LJ-14     Coulomb-14
    2.05109e+02    5.35446e+02    5.85304e+02    2.02938e+02    5.25358e+03
        LJ (SR)  Disper. corr.   Coulomb (SR)   Coul. recip.      Potential
    1.28826e+04   -3.52128e+02   -8.75276e+04    2.24240e+02   -6.79905e+04
    Kinetic En.   Total Energy  Conserved En.    Temperature Pres. DC (bar)
    1.19307e+04   -5.60598e+04   -5.05503e+04    3.01108e+02   -1.24793e+02
 Pressure (bar)   Constr. rmsd
   -5.74812e+02    1.71353e-06


DD  step 6709999  vol min/aver 0.880  load imb.: force  6.3%
           Step           Time
        6710000    13420.00000

   Energies (kJ/mol)
           Bond          Angle    Proper Dih.          LJ-14     Coulomb-14
    1.71944e+02    5.28122e+02    5.84726e+02    1.89566e+02    5.33749e+03
        LJ (SR)  Disper. corr.   Coulomb (SR)   Coul. recip.      Potential
    1.34989e+04   -3.52128e+02   -8.86344e+04    2.11451e+02   -6.84643e+04
    Kinetic En.   Total Energy  Conserved En.    Temperature Pres. DC (bar)
    1.15223e+04   -5.69420e+04   -5.05427e+04    2.90801e+02   -1.24793e+02
 Pressure (bar)   Constr. rmsd
   -2.19281e+02    1.09579e-06


DD  step 6719999  vol min/aver 0.870  load imb.: force  4.5%
           Step           Time
        6720000    13440.00000

   Energies (kJ/mol)
           Bond          Angle    Proper Dih.          LJ-14     Coulomb-14
    2.16451e+02    5.44676e+02    5.84541e+02    2.36294e+02    5.27577e+03
        LJ (SR)  Disper. corr.   Coulomb (SR)   Coul. recip.      Potential
    1.29757e+04   -3.52128e+02   -8.76425e+04    2.14495e+02   -6.79467e+04
    Kinetic En.   Total Energy  Conserved En.    Temperature Pres. DC (bar)
    1.18584e+04   -5.60883e+04   -5.05310e+04    2.99284e+02   -1.24793e+02
 Pressure (bar)   Constr. rmsd
   -3.90843e+02    1.24786e-06


DD  step 6729999  vol min/aver 0.917  load imb.: force  2.4%
           Step           Time
        6730000    13460.00000

   Energies (kJ/mol)
           Bond          Angle    Proper Dih.          LJ-14     Coulomb-14
    2.04280e+02    4.57693e+02    5.99337e+02    2.10224e+02    5.30397e+03
        LJ (SR)  Disper. corr.   Coulomb (SR)   Coul. recip.      Potential
    1.35257e+04   -3.52128e+02   -8.83634e+04    2.07142e+02   -6.82072e+04
    Kinetic En.   Total Energy  Conserved En.    Temperature Pres. DC (bar)
    1.19282e+04   -5.62790e+04   -5.05260e+04    3.01045e+02   -1.24793e+02
 Pressure (bar)   Constr. rmsd
    5.50966e+01    1.22160e-06


DD  step 6739999  vol min/aver 0.883  load imb.: force  5.6%
           Step           Time
        6740000    13480.00000

   Energies (kJ/mol)
           Bond          Angle    Proper Dih.          LJ-14     Coulomb-14
    2.01744e+02    4.98537e+02    5.87669e+02    2.20678e+02    5.28160e+03
        LJ (SR)  Disper. corr.   Coulomb (SR)   Coul. recip.      Potential
    1.29910e+04   -3.52128e+02   -8.74652e+04    2.06916e+02   -6.78292e+04
    Kinetic En.   Total Energy  Conserved En.    Temperature Pres. DC (bar)
    1.22156e+04   -5.56136e+04   -5.05218e+04    3.08298e+02   -1.24793e+02
 Pressure (bar)   Constr. rmsd
   -4.21637e+02    1.66316e-06


DD  step 6749999  vol min/aver 0.855  load imb.: force  5.5%
           Step           Time
        6750000    13500.00000

   Energies (kJ/mol)
           Bond          Angle    Proper Dih.          LJ-14     Coulomb-14
    2.25115e+02    4.58812e+02    6.09447e+02    2.16365e+02    5.41530e+03
        LJ (SR)  Disper. corr.   Coulomb (SR)   Coul. recip.      Potential
    1.30239e+04   -3.52128e+02   -8.77278e+04    2.52249e+02   -6.78788e+04
    Kinetic En.   Total Energy  Conserved En.    Temperature Pres. DC (bar)
    1.17692e+04   -5.61096e+04   -5.05131e+04    2.97032e+02   -1.24793e+02
 Pressure (bar)   Constr. rmsd
   -3.40751e+02    1.12236e-06


DD  step 6759999  vol min/aver 0.854  load imb.: force  3.3%
           Step           Time
        6760000    13520.00000

   Energies (kJ/mol)
           Bond          Angle    Proper Dih.          LJ-14     Coulomb-14
    1.81445e+02    5.61999e+02    5.95948e+02    2.10068e+02    5.38833e+03
        LJ (SR)  Disper. corr.   Coulomb (SR)   Coul. recip.      Potential
    1.32568e+04   -3.52128e+02   -8.85573e+04    2.15795e+02   -6.84991e+04
    Kinetic En.   Total Energy  Conserved En.    Temperature Pres. DC (bar)
    1.16363e+04   -5.68628e+04   -5.05073e+04    2.93677e+02   -1.24793e+02
 Pressure (bar)   Constr. rmsd
   -2.04270e+02    1.26405e-06


DD  step 6769999  vol min/aver 0.871  load imb.: force  4.4%
           Step           Time
        6770000    13540.00000

   Energies (kJ/mol)
           Bond          Angle    Proper Dih.          LJ-14     Coulomb-14
    1.95972e+02    5.65751e+02    5.74762e+02    2.05663e+02    5.24302e+03
        LJ (SR)  Disper. corr.   Coulomb (SR)   Coul. recip.      Potential
    1.33866e+04   -3.52128e+02   -8.83958e+04    2.22955e+02   -6.83532e+04
    Kinetic En.   Total Energy  Conserved En.    Temperature Pres. DC (bar)
    1.21661e+04   -5.61872e+04   -5.05005e+04    3.07049e+02   -1.24793e+02
 Pressure (bar)   Constr. rmsd
   -1.19800e+02    1.25895e-06


DD  step 6779999  vol min/aver 0.862  load imb.: force  4.7%
           Step           Time
        6780000    13560.00000

   Energies (kJ/mol)
           Bond          Angle    Proper Dih.          LJ-14     Coulomb-14
    1.81819e+02    4.52884e+02    6.22525e+02    2.31738e+02    5.42767e+03
        LJ (SR)  Disper. corr.   Coulomb (SR)   Coul. recip.      Potential
    1.37571e+04   -3.52128e+02   -8.87629e+04    2.36866e+02   -6.82044e+04
    Kinetic En.   Total Energy  Conserved En.    Temperature Pres. DC (bar)
    1.17635e+04   -5.64409e+04   -5.04915e+04    2.96889e+02   -1.24793e+02
 Pressure (bar)   Constr. rmsd
    3.89161e+02    1.19216e-06


DD  step 6789999  vol min/aver 0.866  load imb.: force  2.6%
           Step           Time
        6790000    13580.00000

   Energies (kJ/mol)
           Bond          Angle    Proper Dih.          LJ-14     Coulomb-14
    1.81824e+02    4.53526e+02    5.72335e+02    2.09212e+02    5.31878e+03
        LJ (SR)  Disper. corr.   Coulomb (SR)   Coul. recip.      Potential
    1.31865e+04   -3.52128e+02   -8.74890e+04    2.55587e+02   -6.76634e+04
    Kinetic En.   Total Energy  Conserved En.    Temperature Pres. DC (bar)
    1.17657e+04   -5.58977e+04   -5.04763e+04    2.96946e+02   -1.24793e+02
 Pressure (bar)   Constr. rmsd
    4.69315e+01    1.96756e-06


DD  step 6799999  vol min/aver 0.854  load imb.: force  5.5%
           Step           Time
        6800000    13600.00000

   Energies (kJ/mol)
           Bond          Angle    Proper Dih.          LJ-14     Coulomb-14
    2.36743e+02    5.21010e+02    5.92458e+02    2.12757e+02    5.27835e+03
        LJ (SR)  Disper. corr.   Coulomb (SR)   Coul. recip.      Potential
    1.33713e+04   -3.52128e+02   -8.79816e+04    2.25847e+02   -6.78953e+04
    Kinetic En.   Total Energy  Conserved En.    Temperature Pres. DC (bar)
    1.20307e+04   -5.58646e+04   -5.04616e+04    3.03632e+02   -1.24793e+02
 Pressure (bar)   Constr. rmsd
    6.33858e+01    1.43684e-06


DD  step 6809999  vol min/aver 0.890  load imb.: force  3.7%
           Step           Time
        6810000    13620.00000

   Energies (kJ/mol)
           Bond          Angle    Proper Dih.          LJ-14     Coulomb-14
    2.43366e+02    4.83995e+02    5.87540e+02    2.23780e+02    5.42994e+03
        LJ (SR)  Disper. corr.   Coulomb (SR)   Coul. recip.      Potential
    1.31737e+04   -3.52128e+02   -8.81992e+04    2.24913e+02   -6.81841e+04
    Kinetic En.   Total Energy  Conserved En.    Temperature Pres. DC (bar)
    1.23220e+04   -5.58622e+04   -5.04709e+04    3.10983e+02   -1.24793e+02
 Pressure (bar)   Constr. rmsd
   -2.27569e+02    2.26682e-06


DD  step 6819999  vol min/aver 0.845  load imb.: force  4.2%
           Step           Time
        6820000    13640.00000

   Energies (kJ/mol)
           Bond          Angle    Proper Dih.          LJ-14     Coulomb-14
    1.87978e+02    4.82307e+02    5.90157e+02    2.38145e+02    5.45030e+03
        LJ (SR)  Disper. corr.   Coulomb (SR)   Coul. recip.      Potential
    1.29894e+04   -3.52128e+02   -8.73937e+04    2.30281e+02   -6.75773e+04
    Kinetic En.   Total Energy  Conserved En.    Temperature Pres. DC (bar)
    1.20810e+04   -5.54963e+04   -5.04505e+04    3.04901e+02   -1.24793e+02
 Pressure (bar)   Constr. rmsd
   -3.85323e+01    2.18239e-06


DD  step 6829999  vol min/aver 0.881  load imb.: force  4.8%
           Step           Time
        6830000    13660.00000

   Energies (kJ/mol)
           Bond          Angle    Proper Dih.          LJ-14     Coulomb-14
    1.64409e+02    4.97026e+02    5.88458e+02    2.30125e+02    5.38173e+03
        LJ (SR)  Disper. corr.   Coulomb (SR)   Coul. recip.      Potential
    1.34488e+04   -3.52128e+02   -8.80878e+04    2.33699e+02   -6.78957e+04
    Kinetic En.   Total Energy  Conserved En.    Temperature Pres. DC (bar)
    1.18295e+04   -5.60662e+04   -5.04434e+04    2.98554e+02   -1.24793e+02
 Pressure (bar)   Constr. rmsd
    3.35470e+02    1.32789e-06


DD  step 6839999  vol min/aver 0.866  load imb.: force  2.8%
           Step           Time
        6840000    13680.00000

   Energies (kJ/mol)
           Bond          Angle    Proper Dih.          LJ-14     Coulomb-14
    1.82649e+02    4.66384e+02    6.15208e+02    2.25616e+02    5.43903e+03
        LJ (SR)  Disper. corr.   Coulomb (SR)   Coul. recip.      Potential
    1.33153e+04   -3.52128e+02   -8.82476e+04    2.21207e+02   -6.81343e+04
    Kinetic En.   Total Energy  Conserved En.    Temperature Pres. DC (bar)
    1.17178e+04   -5.64165e+04   -5.04326e+04    2.95735e+02   -1.24793e+02
 Pressure (bar)   Constr. rmsd
   -1.01529e+01    1.22809e-06


DD  step 6849999  vol min/aver 0.851  load imb.: force  4.5%
           Step           Time
        6850000    13700.00000

   Energies (kJ/mol)
           Bond          Angle    Proper Dih.          LJ-14     Coulomb-14
    1.65324e+02    4.39474e+02    5.99894e+02    2.11291e+02    5.37854e+03
        LJ (SR)  Disper. corr.   Coulomb (SR)   Coul. recip.      Potential
    1.31646e+04   -3.52128e+02   -8.79864e+04    2.18571e+02   -6.81608e+04
    Kinetic En.   Total Energy  Conserved En.    Temperature Pres. DC (bar)
    1.21323e+04   -5.60285e+04   -5.04374e+04    3.06198e+02   -1.24793e+02
 Pressure (bar)   Constr. rmsd
   -2.29376e+02    1.06940e-06


DD  step 6859999  vol min/aver 0.871  load imb.: force  3.0%
           Step           Time
        6860000    13720.00000

   Energies (kJ/mol)
           Bond          Angle    Proper Dih.          LJ-14     Coulomb-14
    2.27480e+02    5.15300e+02    5.96330e+02    2.35203e+02    5.36016e+03
        LJ (SR)  Disper. corr.   Coulomb (SR)   Coul. recip.      Potential
    1.33234e+04   -3.52128e+02   -8.82772e+04    2.36901e+02   -6.81345e+04
    Kinetic En.   Total Energy  Conserved En.    Temperature Pres. DC (bar)
    1.19066e+04   -5.62279e+04   -5.04164e+04    3.00501e+02   -1.24793e+02
 Pressure (bar)   Constr. rmsd
   -1.14175e+02    1.16460e-06


DD  step 6869999  vol min/aver 0.844  load imb.: force  4.0%
           Step           Time
        6870000    13740.00000

   Energies (kJ/mol)
           Bond          Angle    Proper Dih.          LJ-14     Coulomb-14
    1.92233e+02    5.19403e+02    5.98865e+02    2.31810e+02    5.29252e+03
        LJ (SR)  Disper. corr.   Coulomb (SR)   Coul. recip.      Potential
    1.30922e+04   -3.52128e+02   -8.75725e+04    2.27260e+02   -6.77703e+04
    Kinetic En.   Total Energy  Conserved En.    Temperature Pres. DC (bar)
    1.17692e+04   -5.60012e+04   -5.04161e+04    2.97032e+02   -1.24793e+02
 Pressure (bar)   Constr. rmsd
   -2.52523e+02    7.97006e-07


DD  step 6879999  vol min/aver 0.864  load imb.: force  3.3%
           Step           Time
        6880000    13760.00000

   Energies (kJ/mol)
           Bond          Angle    Proper Dih.          LJ-14     Coulomb-14
    1.94953e+02    5.04103e+02    6.08289e+02    2.24133e+02    5.37120e+03
        LJ (SR)  Disper. corr.   Coulomb (SR)   Coul. recip.      Potential
    1.34986e+04   -3.52128e+02   -8.81302e+04    2.52862e+02   -6.78282e+04
    Kinetic En.   Total Energy  Conserved En.    Temperature Pres. DC (bar)
    1.22201e+04   -5.56081e+04   -5.04084e+04    3.08412e+02   -1.24793e+02
 Pressure (bar)   Constr. rmsd
    3.77408e+02    1.80818e-06


DD  step 6889999  vol min/aver 0.887  load imb.: force  3.5%
           Step           Time
        6890000    13780.00000

   Energies (kJ/mol)
           Bond          Angle    Proper Dih.          LJ-14     Coulomb-14
    2.55198e+02    4.86738e+02    5.98645e+02    2.24077e+02    5.37155e+03
        LJ (SR)  Disper. corr.   Coulomb (SR)   Coul. recip.      Potential
    1.30249e+04   -3.52128e+02   -8.78190e+04    2.25436e+02   -6.79846e+04
    Kinetic En.   Total Energy  Conserved En.    Temperature Pres. DC (bar)
    1.19499e+04   -5.60346e+04   -5.03884e+04    3.01594e+02   -1.24793e+02
 Pressure (bar)   Constr. rmsd
   -5.28046e+02    1.65602e-06


DD  step 6899999  vol min/aver 0.886  load imb.: force  3.7%
           Step           Time
        6900000    13800.00000

   Energies (kJ/mol)
           Bond          Angle    Proper Dih.          LJ-14     Coulomb-14
    1.46272e+02    5.12568e+02    5.92569e+02    2.31575e+02    5.24961e+03
        LJ (SR)  Disper. corr.   Coulomb (SR)   Coul. recip.      Potential
    1.33898e+04   -3.52128e+02   -8.82264e+04    2.38098e+02   -6.82181e+04
    Kinetic En.   Total Energy  Conserved En.    Temperature Pres. DC (bar)
    1.18229e+04   -5.63951e+04   -5.03934e+04    2.98389e+02   -1.24793e+02
 Pressure (bar)   Constr. rmsd
    1.82968e+02    1.32641e-06


DD  step 6909999  vol min/aver 0.891  load imb.: force  3.2%
           Step           Time
        6910000    13820.00000

   Energies (kJ/mol)
           Bond          Angle    Proper Dih.          LJ-14     Coulomb-14
    2.31485e+02    5.59168e+02    5.91417e+02    2.14884e+02    5.31735e+03
        LJ (SR)  Disper. corr.   Coulomb (SR)   Coul. recip.      Potential
    1.32663e+04   -3.52128e+02   -8.81873e+04    2.25241e+02   -6.81335e+04
    Kinetic En.   Total Energy  Conserved En.    Temperature Pres. DC (bar)
    1.19545e+04   -5.61790e+04   -5.03792e+04    3.01709e+02   -1.24793e+02
 Pressure (bar)   Constr. rmsd
   -1.29407e+02    1.20201e-06


DD  step 6919999  vol min/aver 0.876  load imb.: force  3.6%
           Step           Time
        6920000    13840.00000

   Energies (kJ/mol)
           Bond          Angle    Proper Dih.          LJ-14     Coulomb-14
    2.00068e+02    4.72346e+02    6.03477e+02    2.06285e+02    5.44889e+03
        LJ (SR)  Disper. corr.   Coulomb (SR)   Coul. recip.      Potential
    1.33839e+04   -3.52128e+02   -8.82742e+04    2.36465e+02   -6.80749e+04
    Kinetic En.   Total Energy  Conserved En.    Temperature Pres. DC (bar)
    1.21445e+04   -5.59305e+04   -5.03792e+04    3.06504e+02   -1.24793e+02
 Pressure (bar)   Constr. rmsd
   -6.00628e+01    1.32516e-06


DD  step 6929999  vol min/aver 0.896  load imb.: force  4.4%
           Step           Time
        6930000    13860.00000

   Energies (kJ/mol)
           Bond          Angle    Proper Dih.          LJ-14     Coulomb-14
    2.28219e+02    5.10882e+02    6.02845e+02    2.03754e+02    5.36536e+03
        LJ (SR)  Disper. corr.   Coulomb (SR)   Coul. recip.      Potential
    1.33385e+04   -3.52128e+02   -8.81619e+04    2.43789e+02   -6.80207e+04
    Kinetic En.   Total Energy  Conserved En.    Temperature Pres. DC (bar)
    1.20050e+04   -5.60157e+04   -5.03645e+04    3.02983e+02   -1.24793e+02
 Pressure (bar)   Constr. rmsd
   -4.89577e+02    1.53143e-06


DD  step 6939999  vol min/aver 0.901  load imb.: force  3.3%
           Step           Time
        6940000    13880.00000

   Energies (kJ/mol)
           Bond          Angle    Proper Dih.          LJ-14     Coulomb-14
    1.53292e+02    5.48536e+02    6.13052e+02    2.29810e+02    5.47586e+03
        LJ (SR)  Disper. corr.   Coulomb (SR)   Coul. recip.      Potential
    1.30070e+04   -3.52128e+02   -8.78760e+04    2.32990e+02   -6.79676e+04
    Kinetic En.   Total Energy  Conserved En.    Temperature Pres. DC (bar)
    1.21258e+04   -5.58418e+04   -5.03553e+04    3.06032e+02   -1.24793e+02
 Pressure (bar)   Constr. rmsd
   -1.86483e+02    2.04089e-06


DD  step 6949999  vol min/aver 0.867  load imb.: force  3.1%
           Step           Time
        6950000    13900.00000

   Energies (kJ/mol)
           Bond          Angle    Proper Dih.          LJ-14     Coulomb-14
    1.94009e+02    5.06704e+02    5.83249e+02    2.09079e+02    5.39866e+03
        LJ (SR)  Disper. corr.   Coulomb (SR)   Coul. recip.      Potential
    1.31592e+04   -3.52128e+02   -8.80726e+04    2.43796e+02   -6.81300e+04
    Kinetic En.   Total Energy  Conserved En.    Temperature Pres. DC (bar)
    1.18358e+04   -5.62942e+04   -5.03541e+04    2.98713e+02   -1.24793e+02
 Pressure (bar)   Constr. rmsd
   -3.82327e+02    1.62080e-06


DD  step 6959999  vol min/aver 0.896  load imb.: force  6.3%
           Step           Time
        6960000    13920.00000

   Energies (kJ/mol)
           Bond          Angle    Proper Dih.          LJ-14     Coulomb-14
    2.50949e+02    5.09203e+02    5.77980e+02    2.01897e+02    5.26179e+03
        LJ (SR)  Disper. corr.   Coulomb (SR)   Coul. recip.      Potential
    1.29470e+04   -3.52128e+02   -8.79173e+04    2.45715e+02   -6.82749e+04
    Kinetic En.   Total Energy  Conserved En.    Temperature Pres. DC (bar)
    1.18144e+04   -5.64605e+04   -5.03430e+04    2.98173e+02   -1.24793e+02
 Pressure (bar)   Constr. rmsd
   -7.51069e+02    1.12821e-06


DD  step 6969999  vol min/aver 0.891  load imb.: force  4.0%
           Step           Time
        6970000    13940.00000

   Energies (kJ/mol)
           Bond          Angle    Proper Dih.          LJ-14     Coulomb-14
    1.93657e+02    4.95714e+02    6.30926e+02    2.10174e+02    5.34759e+03
        LJ (SR)  Disper. corr.   Coulomb (SR)   Coul. recip.      Potential
    1.32674e+04   -3.52128e+02   -8.77948e+04    2.14245e+02   -6.77872e+04
    Kinetic En.   Total Energy  Conserved En.    Temperature Pres. DC (bar)
    1.18470e+04   -5.59402e+04   -5.03361e+04    2.98996e+02   -1.24793e+02
 Pressure (bar)   Constr. rmsd
   -2.72594e+01    9.18037e-07


DD  step 6979999  vol min/aver 0.885  load imb.: force  1.7%
           Step           Time
        6980000    13960.00000

   Energies (kJ/mol)
           Bond          Angle    Proper Dih.          LJ-14     Coulomb-14
    2.27345e+02    4.49731e+02    6.12343e+02    2.10660e+02    5.47258e+03
        LJ (SR)  Disper. corr.   Coulomb (SR)   Coul. recip.      Potential
    1.32166e+04   -3.52128e+02   -8.82945e+04    2.26993e+02   -6.82303e+04
    Kinetic En.   Total Energy  Conserved En.    Temperature Pres. DC (bar)
    1.20726e+04   -5.61578e+04   -5.03310e+04    3.04689e+02   -1.24793e+02
 Pressure (bar)   Constr. rmsd
   -3.68139e+02    1.15709e-06


DD  step 6989999  vol min/aver 0.889  load imb.: force  4.5%
           Step           Time
        6990000    13980.00000

   Energies (kJ/mol)
           Bond          Angle    Proper Dih.          LJ-14     Coulomb-14
    1.65295e+02    4.60446e+02    6.09909e+02    2.19779e+02    5.31852e+03
        LJ (SR)  Disper. corr.   Coulomb (SR)   Coul. recip.      Potential
    1.39005e+04   -3.52128e+02   -8.90011e+04    2.22257e+02   -6.84565e+04
    Kinetic En.   Total Energy  Conserved En.    Temperature Pres. DC (bar)
    1.19516e+04   -5.65049e+04   -5.03252e+04    3.01637e+02   -1.24793e+02
 Pressure (bar)   Constr. rmsd
    2.79747e+02    1.81496e-06


DD  step 6999999  vol min/aver 0.867  load imb.: force  3.8%
           Step           Time
        7000000    14000.00000

   Energies (kJ/mol)
           Bond          Angle    Proper Dih.          LJ-14     Coulomb-14
    2.25238e+02    5.62922e+02    6.00451e+02    2.13261e+02    5.25733e+03
        LJ (SR)  Disper. corr.   Coulomb (SR)   Coul. recip.      Potential
    1.29398e+04   -3.52128e+02   -8.72215e+04    2.45921e+02   -6.75288e+04
    Kinetic En.   Total Energy  Conserved En.    Temperature Pres. DC (bar)
    1.19277e+04   -5.56010e+04   -5.03059e+04    3.01034e+02   -1.24793e+02
 Pressure (bar)   Constr. rmsd
   -2.75627e+02    1.10186e-06


DD  step 7009999  vol min/aver 0.901  load imb.: force  3.4%
           Step           Time
        7010000    14020.00000

   Energies (kJ/mol)
           Bond          Angle    Proper Dih.          LJ-14     Coulomb-14
    2.12586e+02    5.07326e+02    5.72298e+02    2.13217e+02    5.31750e+03
        LJ (SR)  Disper. corr.   Coulomb (SR)   Coul. recip.      Potential
    1.29324e+04   -3.52128e+02   -8.71111e+04    2.18216e+02   -6.74897e+04
    Kinetic En.   Total Energy  Conserved En.    Temperature Pres. DC (bar)
    1.18284e+04   -5.56613e+04   -5.03005e+04    2.98527e+02   -1.24793e+02
 Pressure (bar)   Constr. rmsd
   -2.53060e+02    9.46792e-07


DD  step 7019999  vol min/aver 0.912  load imb.: force  4.1%
           Step           Time
        7020000    14040.00000

   Energies (kJ/mol)
           Bond          Angle    Proper Dih.          LJ-14     Coulomb-14
    1.79557e+02    4.97674e+02    5.69479e+02    2.19198e+02    5.33430e+03
        LJ (SR)  Disper. corr.   Coulomb (SR)   Coul. recip.      Potential
    1.29265e+04   -3.52128e+02   -8.75440e+04    2.21179e+02   -6.79482e+04
    Kinetic En.   Total Energy  Conserved En.    Temperature Pres. DC (bar)
    1.21738e+04   -5.57743e+04   -5.02877e+04    3.07245e+02   -1.24793e+02
 Pressure (bar)   Constr. rmsd
   -2.75832e+02    1.00305e-06


DD  step 7029999  vol min/aver 0.853  load imb.: force  2.1%
           Step           Time
        7030000    14060.00000

   Energies (kJ/mol)
           Bond          Angle    Proper Dih.          LJ-14     Coulomb-14
    2.10797e+02    4.93439e+02    5.85142e+02    2.01495e+02    5.29609e+03
        LJ (SR)  Disper. corr.   Coulomb (SR)   Coul. recip.      Potential
    1.27366e+04   -3.52128e+02   -8.75182e+04    2.31677e+02   -6.81151e+04
    Kinetic En.   Total Energy  Conserved En.    Temperature Pres. DC (bar)
    1.18398e+04   -5.62753e+04   -5.02801e+04    2.98815e+02   -1.24793e+02
 Pressure (bar)   Constr. rmsd
   -9.12885e+02    8.29345e-07


DD  step 7039999  vol min/aver 0.876  load imb.: force  7.1%
           Step           Time
        7040000    14080.00000

   Energies (kJ/mol)
           Bond          Angle    Proper Dih.          LJ-14     Coulomb-14
    2.16940e+02    4.48962e+02    5.98598e+02    2.31019e+02    5.34636e+03
        LJ (SR)  Disper. corr.   Coulomb (SR)   Coul. recip.      Potential
    1.32083e+04   -3.52128e+02   -8.80243e+04    2.19100e+02   -6.81072e+04
    Kinetic En.   Total Energy  Conserved En.    Temperature Pres. DC (bar)
    1.20728e+04   -5.60343e+04   -5.02683e+04    3.04695e+02   -1.24793e+02
 Pressure (bar)   Constr. rmsd
   -1.77765e+02    2.70702e-06


DD  step 7049999  vol min/aver 0.880  load imb.: force  3.4%
           Step           Time
        7050000    14100.00000

   Energies (kJ/mol)
           Bond          Angle    Proper Dih.          LJ-14     Coulomb-14
    2.19524e+02    4.74004e+02    5.87794e+02    2.14488e+02    5.33049e+03
        LJ (SR)  Disper. corr.   Coulomb (SR)   Coul. recip.      Potential
    1.32911e+04   -3.52128e+02   -8.80470e+04    2.13994e+02   -6.80678e+04
    Kinetic En.   Total Energy  Conserved En.    Temperature Pres. DC (bar)
    1.23945e+04   -5.56733e+04   -5.02695e+04    3.12813e+02   -1.24793e+02
 Pressure (bar)   Constr. rmsd
    1.31348e+02    2.31320e-06


DD  step 7059999  vol min/aver 0.872  load imb.: force  2.5%
           Step           Time
        7060000    14120.00000

   Energies (kJ/mol)
           Bond          Angle    Proper Dih.          LJ-14     Coulomb-14
    2.00014e+02    5.16327e+02    6.03241e+02    2.27254e+02    5.45370e+03
        LJ (SR)  Disper. corr.   Coulomb (SR)   Coul. recip.      Potential
    1.33510e+04   -3.52128e+02   -8.80846e+04    2.13912e+02   -6.78713e+04
    Kinetic En.   Total Energy  Conserved En.    Temperature Pres. DC (bar)
    1.20987e+04   -5.57725e+04   -5.02552e+04    3.05350e+02   -1.24793e+02
 Pressure (bar)   Constr. rmsd
   -6.17276e+01    1.05778e-06


DD  step 7069999  vol min/aver 0.853  load imb.: force  4.7%
           Step           Time
        7070000    14140.00000

   Energies (kJ/mol)
           Bond          Angle    Proper Dih.          LJ-14     Coulomb-14
    2.10884e+02    5.21409e+02    5.91782e+02    2.28866e+02    5.46322e+03
        LJ (SR)  Disper. corr.   Coulomb (SR)   Coul. recip.      Potential
    1.29620e+04   -3.52128e+02   -8.80760e+04    2.24521e+02   -6.82254e+04
    Kinetic En.   Total Energy  Conserved En.    Temperature Pres. DC (bar)
    1.22352e+04   -5.59902e+04   -5.02439e+04    3.08795e+02   -1.24793e+02
 Pressure (bar)   Constr. rmsd
   -4.62779e+02    2.37425e-06


DD  step 7079999  vol min/aver 0.865  load imb.: force  4.7%
           Step           Time
        7080000    14160.00000

   Energies (kJ/mol)
           Bond          Angle    Proper Dih.          LJ-14     Coulomb-14
    2.45105e+02    4.78027e+02    5.91593e+02    2.06733e+02    5.45598e+03
        LJ (SR)  Disper. corr.   Coulomb (SR)   Coul. recip.      Potential
    1.37156e+04   -3.52128e+02   -8.88404e+04    2.43395e+02   -6.82561e+04
    Kinetic En.   Total Energy  Conserved En.    Temperature Pres. DC (bar)
    1.21768e+04   -5.60793e+04   -5.02326e+04    3.07321e+02   -1.24793e+02
 Pressure (bar)   Constr. rmsd
    9.25309e+01    1.16885e-06


DD  step 7089999  vol min/aver 0.846  load imb.: force  3.1%
           Step           Time
        7090000    14180.00000

   Energies (kJ/mol)
           Bond          Angle    Proper Dih.          LJ-14     Coulomb-14
    1.66276e+02    4.86693e+02    5.74009e+02    2.39181e+02    5.44845e+03
        LJ (SR)  Disper. corr.   Coulomb (SR)   Coul. recip.      Potential
    1.32488e+04   -3.52128e+02   -8.82165e+04    2.15115e+02   -6.81901e+04
    Kinetic En.   Total Energy  Conserved En.    Temperature Pres. DC (bar)
    1.19092e+04   -5.62810e+04   -5.02300e+04    3.00565e+02   -1.24793e+02
 Pressure (bar)   Constr. rmsd
    4.53162e+01    1.39012e-06


DD  step 7099999  vol min/aver 0.845  load imb.: force  3.6%
           Step           Time
        7100000    14200.00000

   Energies (kJ/mol)
           Bond          Angle    Proper Dih.          LJ-14     Coulomb-14
    1.91807e+02    5.03753e+02    5.93748e+02    2.03876e+02    5.29806e+03
        LJ (SR)  Disper. corr.   Coulomb (SR)   Coul. recip.      Potential
    1.28840e+04   -3.52128e+02   -8.77442e+04    2.43256e+02   -6.81778e+04
    Kinetic En.   Total Energy  Conserved En.    Temperature Pres. DC (bar)
    1.17622e+04   -5.64156e+04   -5.02166e+04    2.96856e+02   -1.24793e+02
 Pressure (bar)   Constr. rmsd
   -6.70503e+02    1.03150e-06


DD  step 7109999  vol min/aver 0.832  load imb.: force  6.2%
           Step           Time
        7110000    14220.00000

   Energies (kJ/mol)
           Bond          Angle    Proper Dih.          LJ-14     Coulomb-14
    2.16399e+02    4.82539e+02    5.84306e+02    1.94750e+02    5.30055e+03
        LJ (SR)  Disper. corr.   Coulomb (SR)   Coul. recip.      Potential
    1.28135e+04   -3.52128e+02   -8.72403e+04    2.21332e+02   -6.77791e+04
    Kinetic En.   Total Energy  Conserved En.    Temperature Pres. DC (bar)
    1.17748e+04   -5.60043e+04   -5.02060e+04    2.97174e+02   -1.24793e+02
 Pressure (bar)   Constr. rmsd
   -6.19383e+02    1.08406e-06


DD  step 7119999  vol min/aver 0.821  load imb.: force  3.6%
           Step           Time
        7120000    14240.00000

   Energies (kJ/mol)
           Bond          Angle    Proper Dih.          LJ-14     Coulomb-14
    1.87909e+02    5.01312e+02    5.85352e+02    1.95568e+02    5.32791e+03
        LJ (SR)  Disper. corr.   Coulomb (SR)   Coul. recip.      Potential
    1.35758e+04   -3.52128e+02   -8.84455e+04    2.44200e+02   -6.81796e+04
    Kinetic En.   Total Energy  Conserved En.    Temperature Pres. DC (bar)
    1.17695e+04   -5.64101e+04   -5.01915e+04    2.97042e+02   -1.24793e+02
 Pressure (bar)   Constr. rmsd
    9.34599e+00    1.22791e-06


DD  step 7129999  vol min/aver 0.859  load imb.: force  4.6%
           Step           Time
        7130000    14260.00000

   Energies (kJ/mol)
           Bond          Angle    Proper Dih.          LJ-14     Coulomb-14
    2.04258e+02    4.95288e+02    5.99993e+02    2.32811e+02    5.38953e+03
        LJ (SR)  Disper. corr.   Coulomb (SR)   Coul. recip.      Potential
    1.31899e+04   -3.52128e+02   -8.75192e+04    2.63354e+02   -6.74962e+04
    Kinetic En.   Total Energy  Conserved En.    Temperature Pres. DC (bar)
    1.21332e+04   -5.53630e+04   -5.01871e+04    3.06219e+02   -1.24793e+02
 Pressure (bar)   Constr. rmsd
    2.15877e+02    1.38647e-06


DD  step 7139999  vol min/aver 0.839  load imb.: force  3.7%
           Step           Time
        7140000    14280.00000

   Energies (kJ/mol)
           Bond          Angle    Proper Dih.          LJ-14     Coulomb-14
    2.01527e+02    4.45533e+02    5.98210e+02    2.05496e+02    5.49925e+03
        LJ (SR)  Disper. corr.   Coulomb (SR)   Coul. recip.      Potential
    1.26552e+04   -3.52128e+02   -8.71847e+04    2.35920e+02   -6.76957e+04
    Kinetic En.   Total Energy  Conserved En.    Temperature Pres. DC (bar)
    1.18822e+04   -5.58134e+04   -5.01811e+04    2.99885e+02   -1.24793e+02
 Pressure (bar)   Constr. rmsd
   -5.67849e+02    1.67178e-06


DD  step 7149999  vol min/aver 0.862  load imb.: force  2.7%
           Step           Time
        7150000    14300.00000

   Energies (kJ/mol)
           Bond          Angle    Proper Dih.          LJ-14     Coulomb-14
    1.66676e+02    4.97301e+02    6.01786e+02    2.18307e+02    5.45703e+03
        LJ (SR)  Disper. corr.   Coulomb (SR)   Coul. recip.      Potential
    1.28157e+04   -3.52128e+02   -8.74461e+04    2.52753e+02   -6.77887e+04
    Kinetic En.   Total Energy  Conserved En.    Temperature Pres. DC (bar)
    1.16883e+04   -5.61004e+04   -5.01734e+04    2.94991e+02   -1.24793e+02
 Pressure (bar)   Constr. rmsd
   -3.81351e+02    8.77598e-07


DD  step 7159999  vol min/aver 0.865  load imb.: force  4.3%
           Step           Time
        7160000    14320.00000

   Energies (kJ/mol)
           Bond          Angle    Proper Dih.          LJ-14     Coulomb-14
    1.87623e+02    4.47773e+02    5.89936e+02    2.48704e+02    5.33434e+03
        LJ (SR)  Disper. corr.   Coulomb (SR)   Coul. recip.      Potential
    1.34489e+04   -3.52128e+02   -8.80470e+04    2.34719e+02   -6.79071e+04
    Kinetic En.   Total Energy  Conserved En.    Temperature Pres. DC (bar)
    1.19428e+04   -5.59644e+04   -5.01677e+04    3.01413e+02   -1.24793e+02
 Pressure (bar)   Constr. rmsd
    2.02834e+02    1.17277e-06


DD  step 7169999  vol min/aver 0.860  load imb.: force  4.1%
           Step           Time
        7170000    14340.00000

   Energies (kJ/mol)
           Bond          Angle    Proper Dih.          LJ-14     Coulomb-14
    1.80670e+02    4.32664e+02    6.06300e+02    2.37768e+02    5.42771e+03
        LJ (SR)  Disper. corr.   Coulomb (SR)   Coul. recip.      Potential
    1.29613e+04   -3.52128e+02   -8.74438e+04    2.22454e+02   -6.77270e+04
    Kinetic En.   Total Energy  Conserved En.    Temperature Pres. DC (bar)
    1.17731e+04   -5.59539e+04   -5.01582e+04    2.97132e+02   -1.24793e+02
 Pressure (bar)   Constr. rmsd
    5.59901e+01    1.07967e-06


DD  step 7179999  vol min/aver 0.850  load imb.: force  4.7%
           Step           Time
        7180000    14360.00000

   Energies (kJ/mol)
           Bond          Angle    Proper Dih.          LJ-14     Coulomb-14
    1.80910e+02    5.35121e+02    5.89128e+02    2.06054e+02    5.37287e+03
        LJ (SR)  Disper. corr.   Coulomb (SR)   Coul. recip.      Potential
    1.34784e+04   -3.52128e+02   -8.86859e+04    2.31577e+02   -6.84440e+04
    Kinetic En.   Total Energy  Conserved En.    Temperature Pres. DC (bar)
    1.18798e+04   -5.65642e+04   -5.01514e+04    2.99824e+02   -1.24793e+02
 Pressure (bar)   Constr. rmsd
   -1.62863e+02    8.65069e-07


DD  step 7189999  vol min/aver 0.856  load imb.: force  4.9%
           Step           Time
        7190000    14380.00000

   Energies (kJ/mol)
           Bond          Angle    Proper Dih.          LJ-14     Coulomb-14
    1.41509e+02    4.60075e+02    5.76721e+02    2.26067e+02    5.38769e+03
        LJ (SR)  Disper. corr.   Coulomb (SR)   Coul. recip.      Potential
    1.35358e+04   -3.52128e+02   -8.84686e+04    2.46284e+02   -6.82465e+04
    Kinetic En.   Total Energy  Conserved En.    Temperature Pres. DC (bar)
    1.19755e+04   -5.62711e+04   -5.01460e+04    3.02239e+02   -1.24793e+02
 Pressure (bar)   Constr. rmsd
    2.85896e+02    1.17389e-06


DD  step 7199999  vol min/aver 0.843  load imb.: force  2.6%
           Step           Time
        7200000    14400.00000

   Energies (kJ/mol)
           Bond          Angle    Proper Dih.          LJ-14     Coulomb-14
    1.83524e+02    4.87491e+02    6.07657e+02    2.31994e+02    5.34727e+03
        LJ (SR)  Disper. corr.   Coulomb (SR)   Coul. recip.      Potential
    1.27253e+04   -3.52128e+02   -8.75455e+04    2.44683e+02   -6.80698e+04
    Kinetic En.   Total Energy  Conserved En.    Temperature Pres. DC (bar)
    1.15921e+04   -5.64777e+04   -5.01418e+04    2.92563e+02   -1.24793e+02
 Pressure (bar)   Constr. rmsd
   -8.08657e+02    9.94277e-07


DD  step 7209999  vol min/aver 0.820  load imb.: force  4.2%
           Step           Time
        7210000    14420.00000

   Energies (kJ/mol)
           Bond          Angle    Proper Dih.          LJ-14     Coulomb-14
    1.74547e+02    5.21170e+02    6.15629e+02    2.14823e+02    5.30222e+03
        LJ (SR)  Disper. corr.   Coulomb (SR)   Coul. recip.      Potential
    1.34664e+04   -3.52128e+02   -8.81994e+04    2.43231e+02   -6.80136e+04
    Kinetic En.   Total Energy  Conserved En.    Temperature Pres. DC (bar)
    1.20500e+04   -5.59636e+04   -5.01310e+04    3.04118e+02   -1.24793e+02
 Pressure (bar)   Constr. rmsd
    3.03763e+02    1.19342e-06


DD  step 7219999  vol min/aver 0.850  load imb.: force  3.8%
           Step           Time
        7220000    14440.00000

   Energies (kJ/mol)
           Bond          Angle    Proper Dih.          LJ-14     Coulomb-14
    1.88978e+02    4.95561e+02    5.82707e+02    2.26090e+02    5.38950e+03
        LJ (SR)  Disper. corr.   Coulomb (SR)   Coul. recip.      Potential
    1.31647e+04   -3.52128e+02   -8.75803e+04    2.39229e+02   -6.76457e+04
    Kinetic En.   Total Energy  Conserved En.    Temperature Pres. DC (bar)
    1.19891e+04   -5.56566e+04   -5.01249e+04    3.02582e+02   -1.24793e+02
 Pressure (bar)   Constr. rmsd
    1.91380e+01    1.23803e-06


DD  step 7229999  vol min/aver 0.858  load imb.: force  3.5%
           Step           Time
        7230000    14460.00000

   Energies (kJ/mol)
           Bond          Angle    Proper Dih.          LJ-14     Coulomb-14
    1.77542e+02    4.79940e+02    5.92916e+02    2.03449e+02    5.38075e+03
        LJ (SR)  Disper. corr.   Coulomb (SR)   Coul. recip.      Potential
    1.32813e+04   -3.52128e+02   -8.78998e+04    2.40936e+02   -6.78952e+04
    Kinetic En.   Total Energy  Conserved En.    Temperature Pres. DC (bar)
    1.18161e+04   -5.60791e+04   -5.01127e+04    2.98215e+02   -1.24793e+02
 Pressure (bar)   Constr. rmsd
   -1.82161e+02    1.16171e-06


DD  step 7239999  vol min/aver 0.833  load imb.: force  3.0%
           Step           Time
        7240000    14480.00000

   Energies (kJ/mol)
           Bond          Angle    Proper Dih.          LJ-14     Coulomb-14
    2.13982e+02    4.93131e+02    5.87483e+02    2.28018e+02    5.26986e+03
        LJ (SR)  Disper. corr.   Coulomb (SR)   Coul. recip.      Potential
    1.37493e+04   -3.52128e+02   -8.84264e+04    2.63420e+02   -6.79733e+04
    Kinetic En.   Total Energy  Conserved En.    Temperature Pres. DC (bar)
    1.16638e+04   -5.63095e+04   -5.01055e+04    2.94372e+02   -1.24793e+02
 Pressure (bar)   Constr. rmsd
    3.82348e+02    9.72561e-07


DD  step 7249999  vol min/aver 0.877  load imb.: force  2.7%
           Step           Time
        7250000    14500.00000

   Energies (kJ/mol)
           Bond          Angle    Proper Dih.          LJ-14     Coulomb-14
    1.92902e+02    5.42774e+02    6.05964e+02    2.34243e+02    5.36956e+03
        LJ (SR)  Disper. corr.   Coulomb (SR)   Coul. recip.      Potential
    1.28006e+04   -3.52128e+02   -8.75302e+04    2.32929e+02   -6.79034e+04
    Kinetic En.   Total Energy  Conserved En.    Temperature Pres. DC (bar)
    1.19340e+04   -5.59694e+04   -5.00899e+04    3.01192e+02   -1.24793e+02
 Pressure (bar)   Constr. rmsd
   -4.39787e+02    1.39801e-06


DD  step 7259999  vol min/aver 0.887  load imb.: force  4.5%
           Step           Time
        7260000    14520.00000

   Energies (kJ/mol)
           Bond          Angle    Proper Dih.          LJ-14     Coulomb-14
    2.25953e+02    5.01999e+02    5.96564e+02    2.18008e+02    5.31150e+03
        LJ (SR)  Disper. corr.   Coulomb (SR)   Coul. recip.      Potential
    1.35613e+04   -3.52128e+02   -8.79752e+04    2.20499e+02   -6.76915e+04
    Kinetic En.   Total Energy  Conserved En.    Temperature Pres. DC (bar)
    1.16949e+04   -5.59966e+04   -5.00859e+04    2.95157e+02   -1.24793e+02
 Pressure (bar)   Constr. rmsd
    3.86834e+02    1.28467e-06


DD  step 7269999  vol min/aver 0.876  load imb.: force  6.4%
           Step           Time
        7270000    14540.00000

   Energies (kJ/mol)
           Bond          Angle    Proper Dih.          LJ-14     Coulomb-14
    1.75473e+02    4.37449e+02    5.89160e+02    2.13088e+02    5.34819e+03
        LJ (SR)  Disper. corr.   Coulomb (SR)   Coul. recip.      Potential
    1.32024e+04   -3.52128e+02   -8.79393e+04    2.44510e+02   -6.80811e+04
    Kinetic En.   Total Energy  Conserved En.    Temperature Pres. DC (bar)
    1.19555e+04   -5.61257e+04   -5.00846e+04    3.01734e+02   -1.24793e+02
 Pressure (bar)   Constr. rmsd
   -2.77040e+02    8.51180e-07


DD  step 7279999  vol min/aver 0.856  load imb.: force  4.1%
           Step           Time
        7280000    14560.00000

   Energies (kJ/mol)
           Bond          Angle    Proper Dih.          LJ-14     Coulomb-14
    1.90563e+02    4.41000e+02    6.09468e+02    2.38824e+02    5.51079e+03
        LJ (SR)  Disper. corr.   Coulomb (SR)   Coul. recip.      Potential
    1.36414e+04   -3.52128e+02   -8.84960e+04    2.33754e+02   -6.79823e+04
    Kinetic En.   Total Energy  Conserved En.    Temperature Pres. DC (bar)
    1.18610e+04   -5.61213e+04   -5.00686e+04    2.99350e+02   -1.24793e+02
 Pressure (bar)   Constr. rmsd
    5.32864e+02    1.38721e-06


DD  step 7289999  vol min/aver 0.886  load imb.: force  3.8%
           Step           Time
        7290000    14580.00000

   Energies (kJ/mol)
           Bond          Angle    Proper Dih.          LJ-14     Coulomb-14
    2.03178e+02    4.48264e+02    5.90855e+02    2.29597e+02    5.46244e+03
        LJ (SR)  Disper. corr.   Coulomb (SR)   Coul. recip.      Potential
    1.31293e+04   -3.52128e+02   -8.79831e+04    2.41910e+02   -6.80297e+04
    Kinetic En.   Total Energy  Conserved En.    Temperature Pres. DC (bar)
    1.18197e+04   -5.62100e+04   -5.00626e+04    2.98308e+02   -1.24793e+02
 Pressure (bar)   Constr. rmsd
   -1.60931e+02    1.20888e-06


DD  step 7299999  vol min/aver 0.877  load imb.: force  4.2%
           Step           Time
        7300000    14600.00000

   Energies (kJ/mol)
           Bond          Angle    Proper Dih.          LJ-14     Coulomb-14
    1.98570e+02    4.91128e+02    6.04409e+02    2.21887e+02    5.43297e+03
        LJ (SR)  Disper. corr.   Coulomb (SR)   Coul. recip.      Potential
    1.36029e+04   -3.52128e+02   -8.84745e+04    2.19164e+02   -6.80556e+04
    Kinetic En.   Total Energy  Conserved En.    Temperature Pres. DC (bar)
    1.17297e+04   -5.63259e+04   -5.00462e+04    2.96035e+02   -1.24793e+02
 Pressure (bar)   Constr. rmsd
    4.08311e+02    1.95954e-06


DD  step 7309999  vol min/aver 0.869  load imb.: force  2.9%
           Step           Time
        7310000    14620.00000

   Energies (kJ/mol)
           Bond          Angle    Proper Dih.          LJ-14     Coulomb-14
    2.12404e+02    4.37772e+02    5.95286e+02    1.99861e+02    5.36652e+03
        LJ (SR)  Disper. corr.   Coulomb (SR)   Coul. recip.      Potential
    1.29394e+04   -3.52128e+02   -8.76942e+04    2.36936e+02   -6.80582e+04
    Kinetic En.   Total Energy  Conserved En.    Temperature Pres. DC (bar)
    1.17885e+04   -5.62697e+04   -5.00502e+04    2.97521e+02   -1.24793e+02
 Pressure (bar)   Constr. rmsd
   -7.11232e+02    1.09851e-06


DD  step 7319999  vol min/aver 0.822  load imb.: force  3.0%
           Step           Time
        7320000    14640.00000

   Energies (kJ/mol)
           Bond          Angle    Proper Dih.          LJ-14     Coulomb-14
    2.41882e+02    4.64302e+02    5.88139e+02    1.99720e+02    5.33340e+03
        LJ (SR)  Disper. corr.   Coulomb (SR)   Coul. recip.      Potential
    1.34072e+04   -3.52128e+02   -8.83487e+04    2.10810e+02   -6.82553e+04
    Kinetic En.   Total Energy  Conserved En.    Temperature Pres. DC (bar)
    1.17008e+04   -5.65545e+04   -5.00359e+04    2.95308e+02   -1.24793e+02
 Pressure (bar)   Constr. rmsd
   -9.91545e+01    1.65827e-06


DD  step 7329999  vol min/aver 0.844  load imb.: force  6.5%
           Step           Time
        7330000    14660.00000

   Energies (kJ/mol)
           Bond          Angle    Proper Dih.          LJ-14     Coulomb-14
    2.07832e+02    4.92716e+02    6.10669e+02    2.01028e+02    5.40330e+03
        LJ (SR)  Disper. corr.   Coulomb (SR)   Coul. recip.      Potential
    1.31814e+04   -3.52128e+02   -8.78479e+04    2.07336e+02   -6.78958e+04
    Kinetic En.   Total Energy  Conserved En.    Temperature Pres. DC (bar)
    1.18284e+04   -5.60673e+04   -5.00225e+04    2.98528e+02   -1.24793e+02
 Pressure (bar)   Constr. rmsd
   -1.97619e+02    6.34433e-07


DD  step 7339999  vol min/aver 0.835  load imb.: force  3.1%
           Step           Time
        7340000    14680.00000

   Energies (kJ/mol)
           Bond          Angle    Proper Dih.          LJ-14     Coulomb-14
    1.90549e+02    5.08754e+02    5.90819e+02    2.14563e+02    5.37471e+03
        LJ (SR)  Disper. corr.   Coulomb (SR)   Coul. recip.      Potential
    1.32033e+04   -3.52128e+02   -8.82478e+04    2.56513e+02   -6.82608e+04
    Kinetic En.   Total Energy  Conserved En.    Temperature Pres. DC (bar)
    1.21015e+04   -5.61593e+04   -5.00178e+04    3.05418e+02   -1.24793e+02
 Pressure (bar)   Constr. rmsd
   -3.02268e+02    1.49411e-06


DD  step 7349999  vol min/aver 0.861  load imb.: force  3.2%
           Step           Time
        7350000    14700.00000

   Energies (kJ/mol)
           Bond          Angle    Proper Dih.          LJ-14     Coulomb-14
    1.98363e+02    5.19830e+02    6.14170e+02    1.99636e+02    5.53172e+03
        LJ (SR)  Disper. corr.   Coulomb (SR)   Coul. recip.      Potential
    1.32697e+04   -3.52128e+02   -8.85839e+04    2.08469e+02   -6.83941e+04
    Kinetic En.   Total Energy  Conserved En.    Temperature Pres. DC (bar)
    1.17523e+04   -5.66418e+04   -5.00088e+04    2.96606e+02   -1.24793e+02
 Pressure (bar)   Constr. rmsd
   -5.20983e+02    1.88210e-06


DD  step 7359999  vol min/aver 0.864  load imb.: force  4.0%
           Step           Time
        7360000    14720.00000

   Energies (kJ/mol)
           Bond          Angle    Proper Dih.          LJ-14     Coulomb-14
    1.97154e+02    4.98070e+02    5.99752e+02    2.13396e+02    5.40969e+03
        LJ (SR)  Disper. corr.   Coulomb (SR)   Coul. recip.      Potential
    1.33514e+04   -3.52128e+02   -8.79536e+04    2.47885e+02   -6.77883e+04
    Kinetic En.   Total Energy  Conserved En.    Temperature Pres. DC (bar)
    1.17143e+04   -5.60740e+04   -4.99981e+04    2.95648e+02   -1.24793e+02
 Pressure (bar)   Constr. rmsd
    2.36058e+02    1.52591e-06


DD  step 7369999  vol min/aver 0.852  load imb.: force  3.1%
           Step           Time
        7370000    14740.00000

   Energies (kJ/mol)
           Bond          Angle    Proper Dih.          LJ-14     Coulomb-14
    1.87932e+02    4.95858e+02    6.31643e+02    2.50984e+02    5.24466e+03
        LJ (SR)  Disper. corr.   Coulomb (SR)   Coul. recip.      Potential
    1.36401e+04   -3.52128e+02   -8.87912e+04    2.09161e+02   -6.84830e+04
    Kinetic En.   Total Energy  Conserved En.    Temperature Pres. DC (bar)
    1.17742e+04   -5.67088e+04   -4.99947e+04    2.97159e+02   -1.24793e+02
 Pressure (bar)   Constr. rmsd
    1.33289e+02    9.46832e-07


DD  step 7379999  vol min/aver 0.847  load imb.: force  6.8%
           Step           Time
        7380000    14760.00000

   Energies (kJ/mol)
           Bond          Angle    Proper Dih.          LJ-14     Coulomb-14
    2.30838e+02    5.27728e+02    6.08441e+02    2.26736e+02    5.34780e+03
        LJ (SR)  Disper. corr.   Coulomb (SR)   Coul. recip.      Potential
    1.28629e+04   -3.52128e+02   -8.78876e+04    2.21184e+02   -6.82141e+04
    Kinetic En.   Total Energy  Conserved En.    Temperature Pres. DC (bar)
    1.17116e+04   -5.65025e+04   -4.99883e+04    2.95579e+02   -1.24793e+02
 Pressure (bar)   Constr. rmsd
   -6.79849e+02    4.85022e-06


DD  step 7389999  vol min/aver 0.850  load imb.: force  4.4%
           Step           Time
        7390000    14780.00000

   Energies (kJ/mol)
           Bond          Angle    Proper Dih.          LJ-14     Coulomb-14
    1.97974e+02    4.87512e+02    6.00182e+02    2.39472e+02    5.33810e+03
        LJ (SR)  Disper. corr.   Coulomb (SR)   Coul. recip.      Potential
    1.32456e+04   -3.52128e+02   -8.82879e+04    2.46172e+02   -6.82850e+04
    Kinetic En.   Total Energy  Conserved En.    Temperature Pres. DC (bar)
    1.19860e+04   -5.62989e+04   -4.99805e+04    3.02506e+02   -1.24793e+02
 Pressure (bar)   Constr. rmsd
   -2.14812e+02    1.34169e-06


DD  step 7399999  vol min/aver 0.841  load imb.: force  3.5%
           Step           Time
        7400000    14800.00000

   Energies (kJ/mol)
           Bond          Angle    Proper Dih.          LJ-14     Coulomb-14
    2.52611e+02    5.32945e+02    6.06667e+02    2.15115e+02    5.28541e+03
        LJ (SR)  Disper. corr.   Coulomb (SR)   Coul. recip.      Potential
    1.36264e+04   -3.52128e+02   -8.85924e+04    2.11538e+02   -6.82138e+04
    Kinetic En.   Total Energy  Conserved En.    Temperature Pres. DC (bar)
    1.17750e+04   -5.64389e+04   -4.99689e+04    2.97178e+02   -1.24793e+02
 Pressure (bar)   Constr. rmsd
    2.35176e+02    7.78771e-07


DD  step 7409999  vol min/aver 0.859  load imb.: force  4.2%
           Step           Time
        7410000    14820.00000

   Energies (kJ/mol)
           Bond          Angle    Proper Dih.          LJ-14     Coulomb-14
    2.25231e+02    5.02087e+02    5.99130e+02    2.22145e+02    5.26183e+03
        LJ (SR)  Disper. corr.   Coulomb (SR)   Coul. recip.      Potential
    1.29036e+04   -3.52128e+02   -8.77641e+04    2.28463e+02   -6.81738e+04
    Kinetic En.   Total Energy  Conserved En.    Temperature Pres. DC (bar)
    1.19161e+04   -5.62577e+04   -4.99732e+04    3.00740e+02   -1.24793e+02
 Pressure (bar)   Constr. rmsd
   -7.38713e+02    1.03371e-06

Writing checkpoint, step 7419840 at Thu Apr 30 13:51:12 2026



DD  step 7419999  vol min/aver 0.839  load imb.: force  3.7%
           Step           Time
        7420000    14840.00000

   Energies (kJ/mol)
           Bond          Angle    Proper Dih.          LJ-14     Coulomb-14
    1.86327e+02    4.84047e+02    5.91172e+02    1.83629e+02    5.22279e+03
        LJ (SR)  Disper. corr.   Coulomb (SR)   Coul. recip.      Potential
    1.32205e+04   -3.52128e+02   -8.76462e+04    2.14411e+02   -6.78954e+04
    Kinetic En.   Total Energy  Conserved En.    Temperature Pres. DC (bar)
    1.18889e+04   -5.60065e+04   -4.99724e+04    3.00053e+02   -1.24793e+02
 Pressure (bar)   Constr. rmsd
   -2.79265e+02    1.17687e-06


DD  step 7429999  vol min/aver 0.889  load imb.: force  3.0%
           Step           Time
        7430000    14860.00000

   Energies (kJ/mol)
           Bond          Angle    Proper Dih.          LJ-14     Coulomb-14
    1.99871e+02    4.57011e+02    6.18752e+02    2.17768e+02    5.26990e+03
        LJ (SR)  Disper. corr.   Coulomb (SR)   Coul. recip.      Potential
    1.37935e+04   -3.52128e+02   -8.82141e+04    2.27630e+02   -6.77818e+04
    Kinetic En.   Total Energy  Conserved En.    Temperature Pres. DC (bar)
    1.20124e+04   -5.57694e+04   -4.99606e+04    3.03171e+02   -1.24793e+02
 Pressure (bar)   Constr. rmsd
    5.21348e+02    1.26692e-06


DD  step 7439999  vol min/aver 0.868  load imb.: force  3.2%
           Step           Time
        7440000    14880.00000

   Energies (kJ/mol)
           Bond          Angle    Proper Dih.          LJ-14     Coulomb-14
    2.02574e+02    4.47659e+02    6.10191e+02    2.10468e+02    5.41830e+03
        LJ (SR)  Disper. corr.   Coulomb (SR)   Coul. recip.      Potential
    1.31148e+04   -3.52128e+02   -8.80456e+04    2.28710e+02   -6.81650e+04
    Kinetic En.   Total Energy  Conserved En.    Temperature Pres. DC (bar)
    1.22006e+04   -5.59644e+04   -4.99543e+04    3.07920e+02   -1.24793e+02
 Pressure (bar)   Constr. rmsd
   -1.30949e+02    1.20452e-06


DD  step 7449999  vol min/aver 0.850  load imb.: force  5.9%
           Step           Time
        7450000    14900.00000

   Energies (kJ/mol)
           Bond          Angle    Proper Dih.          LJ-14     Coulomb-14
    2.09170e+02    4.88066e+02    6.19074e+02    2.23443e+02    5.24206e+03
        LJ (SR)  Disper. corr.   Coulomb (SR)   Coul. recip.      Potential
    1.33145e+04   -3.52128e+02   -8.83260e+04    2.42595e+02   -6.83392e+04
    Kinetic En.   Total Energy  Conserved En.    Temperature Pres. DC (bar)
    1.18230e+04   -5.65163e+04   -4.99411e+04    2.98390e+02   -1.24793e+02
 Pressure (bar)   Constr. rmsd
   -2.55528e+02    1.53350e-06


DD  step 7459999  vol min/aver 0.884  load imb.: force  3.9%
           Step           Time
        7460000    14920.00000

   Energies (kJ/mol)
           Bond          Angle    Proper Dih.          LJ-14     Coulomb-14
    2.54115e+02    4.36525e+02    6.21130e+02    1.88511e+02    5.37009e+03
        LJ (SR)  Disper. corr.   Coulomb (SR)   Coul. recip.      Potential
    1.32684e+04   -3.52128e+02   -8.81164e+04    2.29130e+02   -6.81006e+04
    Kinetic En.   Total Energy  Conserved En.    Temperature Pres. DC (bar)
    1.20159e+04   -5.60848e+04   -4.99339e+04    3.03258e+02   -1.24793e+02
 Pressure (bar)   Constr. rmsd
   -3.64237e+02    1.05800e-06


DD  step 7469999  vol min/aver 0.856  load imb.: force  3.5%
           Step           Time
        7470000    14940.00000

   Energies (kJ/mol)
           Bond          Angle    Proper Dih.          LJ-14     Coulomb-14
    2.27984e+02    4.60339e+02    6.04042e+02    2.06653e+02    5.20947e+03
        LJ (SR)  Disper. corr.   Coulomb (SR)   Coul. recip.      Potential
    1.28909e+04   -3.52128e+02   -8.75093e+04    2.27385e+02   -6.80346e+04
    Kinetic En.   Total Energy  Conserved En.    Temperature Pres. DC (bar)
    1.19752e+04   -5.60594e+04   -4.99364e+04    3.02231e+02   -1.24793e+02
 Pressure (bar)   Constr. rmsd
   -7.32272e+02    1.87564e-06


DD  step 7479999  vol min/aver 0.865  load imb.: force  5.6%
           Step           Time
        7480000    14960.00000

   Energies (kJ/mol)
           Bond          Angle    Proper Dih.          LJ-14     Coulomb-14
    1.94891e+02    5.36086e+02    6.14540e+02    2.09898e+02    5.25502e+03
        LJ (SR)  Disper. corr.   Coulomb (SR)   Coul. recip.      Potential
    1.33763e+04   -3.52128e+02   -8.80384e+04    2.37403e+02   -6.79665e+04
    Kinetic En.   Total Energy  Conserved En.    Temperature Pres. DC (bar)
    1.18643e+04   -5.61022e+04   -4.99235e+04    2.99432e+02   -1.24793e+02
 Pressure (bar)   Constr. rmsd
    1.76146e+02    2.81713e-06


DD  step 7489999  vol min/aver 0.887  load imb.: force  4.5%
           Step           Time
        7490000    14980.00000

   Energies (kJ/mol)
           Bond          Angle    Proper Dih.          LJ-14     Coulomb-14
    2.19678e+02    4.66490e+02    6.13042e+02    2.09554e+02    5.38273e+03
        LJ (SR)  Disper. corr.   Coulomb (SR)   Coul. recip.      Potential
    1.34727e+04   -3.52128e+02   -8.83389e+04    2.41211e+02   -6.80856e+04
    Kinetic En.   Total Energy  Conserved En.    Temperature Pres. DC (bar)
    1.18495e+04   -5.62361e+04   -4.99230e+04    2.99060e+02   -1.24793e+02
 Pressure (bar)   Constr. rmsd
    8.95372e+00    2.19400e-06


DD  step 7499999  vol min/aver 0.823  load imb.: force  3.9%
           Step           Time
        7500000    15000.00000

Writing checkpoint, step 7500000 at Thu Apr 30 13:51:42 2026


   Energies (kJ/mol)
           Bond          Angle    Proper Dih.          LJ-14     Coulomb-14
    2.26073e+02    4.60851e+02    5.92288e+02    2.28216e+02    5.46884e+03
        LJ (SR)  Disper. corr.   Coulomb (SR)   Coul. recip.      Potential
    1.27453e+04   -3.52128e+02   -8.69862e+04    2.22323e+02   -6.73944e+04
    Kinetic En.   Total Energy  Conserved En.    Temperature Pres. DC (bar)
    1.17220e+04   -5.56724e+04   -4.99129e+04    2.95840e+02   -1.24793e+02
 Pressure (bar)   Constr. rmsd
   -3.38495e+02    9.23449e-07


Energy conservation over simulation part #3 of length 4982.2 ps, time 10017.8 to 15000 ps
  Conserved energy drift: 8.05e-05 kJ/mol/ps per atom


	<======  ###############  ==>
	<====  A V E R A G E S  ====>
	<==  ###############  ======>

	Statistics over 7500001 steps using 75001 frames

   Energies (kJ/mol)
           Bond          Angle    Proper Dih.          LJ-14     Coulomb-14
    1.99339e+02    4.89341e+02    5.98700e+02    2.19434e+02    5.36042e+03
        LJ (SR)  Disper. corr.   Coulomb (SR)   Coul. recip.      Potential
    1.32389e+04   -3.52128e+02   -8.80411e+04    2.29469e+02   -6.80576e+04
    Kinetic En.   Total Energy  Conserved En.    Temperature Pres. DC (bar)
    1.18872e+04   -5.61704e+04   -5.28529e+04    3.00010e+02   -1.24793e+02
 Pressure (bar)   Constr. rmsd
   -1.33260e+02    0.00000e+00

   Total Virial (kJ/mol)
    4.14619e+03    1.15316e+00    1.28797e+00
    1.15028e+00    4.15166e+03    1.35444e+00
    1.28375e+00    1.35484e+00    4.15374e+03

   Pressure (bar)
   -1.30030e+02    7.60761e-02   -1.94081e+00
    7.81119e-02   -1.34526e+02   -1.47973e+00
   -1.93782e+00   -1.48001e+00   -1.35225e+02


	M E G A - F L O P S   A C C O U N T I N G

 NB=Group-cutoff nonbonded kernels    NxN=N-by-N cluster Verlet kernels
 RF=Reaction-Field  VdW=Van der Waals  QSTab=quadratic-spline table
 W3=SPC/TIP3p  W4=TIP4p (single or pairs)
 V&F=Potential and force  V=Potential only  F=Force only

 Computing:                               M-Number         M-Flops  % Flops
-----------------------------------------------------------------------------
 Pair Search distance check           85194.464922      766750.184     0.1
 NxN Ewald Elec. + LJ [F]           5931021.455232   391447416.045    52.0
 NxN Ewald Elec. + LJ [V&F]           59910.785408     6410454.039     0.9
 NxN Ewald Elec. [F]                5201935.867232   317318087.901    42.2
 NxN Ewald Elec. [V&F]                52547.661696     4414003.582     0.6
 1,4 nonbonded interactions            1561.932867      140573.958     0.0
 Calc Weights                         35214.486456     1267721.512     0.2
 Spread Q Bspline                    751242.377728     1502484.755     0.2
 Gather F Bspline                    751242.377728     4507454.266     0.6
 3D-FFT                             2448866.605598    19590932.845     2.6
 Solve PME                            43365.434368     2775387.800     0.4
 Reset In Box                           146.726968         440.181     0.0
 CG-CoM                                 146.731680         440.195     0.0
 Bonds                                  296.443399       17490.161     0.0
 Angles                                1021.359610      171588.414     0.0
 Propers                               1972.967832      451809.634     0.1
 Virial                                 135.321984        2435.796     0.0
 Stop-CM                                117.385344        1173.853     0.0
 Calc-Ekin                             2347.636200       63386.177     0.0
 Lincs                                  291.575081       17494.505     0.0
 Lincs-Mat                              406.733940        1626.936     0.0
 Constraint-V                         14021.917660      126197.259     0.0
 Constraint-Vir                         137.310056        3295.441     0.0
 Settle                                4479.589166     1657447.991     0.2
-----------------------------------------------------------------------------
 Total                                               752656093.432   100.0
-----------------------------------------------------------------------------


    D O M A I N   D E C O M P O S I T I O N   S T A T I S T I C S

 av. #atoms communicated per step for force:  2 x 22189.7
 av. #atoms communicated per step for LINCS:  2 x 962.1


Dynamic load balancing report:
 DLB was turned on during the run due to measured imbalance.
 Average load imbalance: 4.3%.
 The balanceable part of the MD step is 54%, load imbalance is computed from this.
 Part of the total run time spent waiting due to load imbalance: 2.3%.
 Steps where the load balancing was limited by -rdd, -rcon and/or -dds: X 0 % Y 0 %


      R E A L   C Y C L E   A N D   T I M E   A C C O U N T I N G

On 16 MPI ranks, each using 2 OpenMP threads

 Activity:              Num   Num      Call    Wall time         Giga-Cycles
                        Ranks Threads  Count      (s)         total sum    %
--------------------------------------------------------------------------------
 Domain decomp.           16    2      31139       8.325        770.695   0.9
 DD comm. load            16    2      15695       0.051          4.744   0.0
 DD comm. bounds          16    2      15569       0.178         16.447   0.0
 Neighbor search          16    2      31140      13.488       1248.686   1.5
 Comm. coord.             16    2    2459981      39.964       3699.887   4.3
 Force                    16    2    2491121     413.763      38306.104  44.5
 Wait + Comm. F           16    2    2491121      40.275       3728.611   4.3
 PME mesh                 16    2    2491121     336.128      31118.693  36.1
 NB X/F buffer ops.       16    2    7442223      27.228       2520.807   2.9
 Write traj.              16    2        500       0.037          3.406   0.0
 Update                   16    2    2491121       8.348        772.864   0.9
 Constraints              16    2    2491121      31.870       2950.564   3.4
 Kinetic energy           16    2     498225       1.032         95.582   0.1
 Comm. energies           16    2     249113       4.228        391.456   0.5
 Rest                                              5.225        483.737   0.6
--------------------------------------------------------------------------------
 Total                                           930.140      86112.281 100.0
--------------------------------------------------------------------------------
 Breakdown of PME mesh activities
--------------------------------------------------------------------------------
 PME redist. X/F          16    2    4982242      90.935       8418.774   9.8
 PME spread               16    2    2491121      58.257       5393.417   6.3
 PME gather               16    2    2491121      57.504       5323.681   6.2
 PME 3D-FFT               16    2    4982242      51.002       4721.723   5.5
 PME 3D-FFT Comm.         16    2    9964484      72.419       6704.511   7.8
 PME solve Elec           16    2    2491121       3.256        301.436   0.4
--------------------------------------------------------------------------------

               Core t (s)   Wall t (s)        (%)
       Time:    29763.592      930.140     3199.9
                 (ns/day)    (hour/ns)    (ms/step)  (Matom*steps/s) 
Performance:      462.797        0.052        0.373           12.620 
Finished mdrun on rank 0 Thu Apr 30 13:51:42 2026

